Compilación iniciada a las 24/09/2026 07:31:24 p. m..
El nivel de detalle de registro está establecido en Detailed.     0>Proceso: "C:\Program Files\dotnet\dotnet.exe"
       Ruta de acceso al ejecutable de MSBuild: "C:\Program Files\dotnet\sdk\10.0.102\MSBuild.dll"
       Argumentos de la línea de comandos: "C:\Program Files\dotnet\sdk\10.0.102\MSBuild.dll -maxcpucount --verbosity:m -tlp:default=auto --property:NuGetInteractive=true --restoreProperty:NuGetInteractive=true --restoreProperty:EnableDefaultCompileItems=false --restoreProperty:EnableDefaultEmbeddedResourceItems=false --restoreProperty:EnableDefaultNoneItems=false CuadroMagicoApp/CuadroMagicoApp.csproj /fl -consoleloggerparameters:Summary -restore -distributedlogger:Microsoft.DotNet.Cli.Commands.MSBuild.MSBuildLogger,C:\Program Files\dotnet\sdk\10.0.102\dotnet.dll*Microsoft.DotNet.Cli.Commands.MSBuild.MSBuildForwardingLogger,C:\Program Files\dotnet\sdk\10.0.102\dotnet.dll -tlp:DISABLENODEDISPLAY -nologo"
       Directorio actual: "C:\Users\AlexM\OneDrive\Desktop\ABCD 2"
       Versión de MSBuild: "18.0.7+445250245"
       De acuerdo con la clave del Registro de Windows LongPathsEnabled, la característica LongPaths está deshabilitada.
       Según la clave del Registro de Windows VerifiedAndReputablePolicyState, estado SAC = 1: en cumplimiento.
       El SDK "Microsoft.NET.Sdk" se resolvió correctamente mediante el resolvedor "DefaultSdkResolver" a la ubicación "C:\Program Files\dotnet\sdk\10.0.102\Sdks\Microsoft.NET.Sdk\Sdk" y la versión "".
       C:\Program Files\dotnet\sdk\10.0.102\Sdks\Microsoft.NET.Sdk\Sdk\Sdk.props(49,11): message : Propiedad "MSBuildExtensionsPath" con el valor "C:\Program Files\dotnet\sdk\10.0.102\" expandido desde el entorno.
       C:\Program Files\dotnet\sdk\10.0.102\Current\Microsoft.Common.props(60,5): message : Reasignación de propiedad: $(MSBuildProjectExtensionsPath)="C:\Users\AlexM\OneDrive\Desktop\ABCD 2\CuadroMagicoApp\obj\" (valor anterior: "obj\") en C:\Program Files\dotnet\sdk\10.0.102\Current\Microsoft.Common.props (60,5)
       C:\Program Files\dotnet\sdk\10.0.102\Current\Microsoft.Common.props(84,119): message : Propiedad "MSBuildUserExtensionsPath" con el valor "C:\Users\AlexM\AppData\Local\Microsoft\MSBuild" expandido desde el entorno.
       Ensamblado cargado durante Evaluation: System.Threading.Tasks.Parallel, Version=10.0.0.0, Culture=neutral, PublicKeyToken=b03f5f7f11d50a3a(ubicación: C:\Program Files\dotnet\shared\Microsoft.NETCore.App\10.0.2\System.Threading.Tasks.Parallel.dll, MVID: c827d93a-622c-403f-b635-e7389c8accaa, AssemblyLoadContext: Default)
       C:\Program Files\dotnet\sdk\10.0.102\Sdks\Microsoft.NET.Sdk\targets\Microsoft.NET.Sdk.props(90,5): message : Reasignación de propiedad: $(AssemblySearchPaths)="{CandidateAssemblyFiles};{HintPathFromItem}" (valor anterior: "{CandidateAssemblyFiles}") en C:\Program Files\dotnet\sdk\10.0.102\Sdks\Microsoft.NET.Sdk\targets\Microsoft.NET.Sdk.props (90,5)
       C:\Program Files\dotnet\sdk\10.0.102\Sdks\Microsoft.NET.Sdk\targets\Microsoft.NET.Sdk.props(91,5): message : Reasignación de propiedad: $(AssemblySearchPaths)="{CandidateAssemblyFiles};{HintPathFromItem};{TargetFrameworkDirectory}" (valor anterior: "{CandidateAssemblyFiles};{HintPathFromItem}") en C:\Program Files\dotnet\sdk\10.0.102\Sdks\Microsoft.NET.Sdk\targets\Microsoft.NET.Sdk.props (91,5)
       C:\Program Files\dotnet\sdk\10.0.102\Sdks\Microsoft.NET.Sdk\targets\Microsoft.NET.Sdk.props(92,5): message : Reasignación de propiedad: $(AssemblySearchPaths)="{CandidateAssemblyFiles};{HintPathFromItem};{TargetFrameworkDirectory};{RawFileName}" (valor anterior: "{CandidateAssemblyFiles};{HintPathFromItem};{TargetFrameworkDirectory}") en C:\Program Files\dotnet\sdk\10.0.102\Sdks\Microsoft.NET.Sdk\targets\Microsoft.NET.Sdk.props (92,5)
       El resolvedor "DefaultSdkResolver" intentó resolver el SDK "Microsoft.NET.SDK.WorkloadAutoImportPropsLocator".
       Advertencias: null
       Errores: MSB4276: La resolución predeterminada del SDK no pudo resolver el SDK "Microsoft.NET.SDK.WorkloadAutoImportPropsLocator" porque el directorio "C:\Program Files\dotnet\sdk\10.0.102\Sdks\Microsoft.NET.SDK.WorkloadAutoImportPropsLocator\Sdk" no existía.
       Ensamblado cargado durante Evaluation: Microsoft.Build.NuGetSdkResolver, Version=7.0.2.0, Culture=neutral, PublicKeyToken=31bf3856ad364e35(ubicación: C:\Program Files\dotnet\sdk\10.0.102\Microsoft.Build.NuGetSdkResolver.dll, MVID: 9c3f2b84-100e-4a53-8b3c-dbc6cc5ca608, AssemblyLoadContext: MSBuild plugin C:\Program Files\dotnet\sdk\10.0.102\Microsoft.Build.NuGetSdkResolver.dll)
       Ensamblado cargado durante Evaluation: System.Reflection.Metadata, Version=10.0.0.0, Culture=neutral, PublicKeyToken=b03f5f7f11d50a3a(ubicación: C:\Program Files\dotnet\shared\Microsoft.NETCore.App\10.0.2\System.Reflection.Metadata.dll, MVID: 68d9d628-f4a5-4465-b005-eacae216eec5, AssemblyLoadContext: Default)
       Ensamblado cargado durante Evaluation: NuGet.Common, Version=7.0.2.0, Culture=neutral, PublicKeyToken=31bf3856ad364e35(ubicación: C:\Program Files\dotnet\sdk\10.0.102\NuGet.Common.dll, MVID: 0ebddcbc-c0d1-4562-9772-1cc3c243691f, AssemblyLoadContext: MSBuild plugin C:\Program Files\dotnet\sdk\10.0.102\Microsoft.Build.NuGetSdkResolver.dll)
       Ensamblado cargado durante Evaluation: Microsoft.NET.Sdk.WorkloadMSBuildSdkResolver, Version=10.0.102.0, Culture=neutral, PublicKeyToken=31bf3856ad364e35(ubicación: C:\Program Files\dotnet\sdk\10.0.102\Microsoft.NET.Sdk.WorkloadMSBuildSdkResolver.dll, MVID: 0e66cf43-0163-4488-bd51-f0846c45fc40, AssemblyLoadContext: MSBuild plugin C:\Program Files\dotnet\sdk\10.0.102\Microsoft.NET.Sdk.WorkloadMSBuildSdkResolver.dll)
       Ensamblado cargado durante Evaluation: Microsoft.DotNet.Cli.Utils, Version=10.0.102.0, Culture=neutral, PublicKeyToken=adb9793829ddae60(ubicación: C:\Program Files\dotnet\sdk\10.0.102\Microsoft.DotNet.Cli.Utils.dll, MVID: cae0198e-8b37-4d9c-86e8-b59957899232, AssemblyLoadContext: MSBuild plugin C:\Program Files\dotnet\sdk\10.0.102\Microsoft.NET.Sdk.WorkloadMSBuildSdkResolver.dll)
       Ensamblado cargado durante Evaluation: Microsoft.NET.Sdk.WorkloadManifestReader, Version=10.0.102.0, Culture=neutral, PublicKeyToken=adb9793829ddae60(ubicación: C:\Program Files\dotnet\sdk\10.0.102\Microsoft.NET.Sdk.WorkloadManifestReader.dll, MVID: f3389ec6-0253-4ad5-bd68-28bf0a66ae27, AssemblyLoadContext: MSBuild plugin C:\Program Files\dotnet\sdk\10.0.102\Microsoft.NET.Sdk.WorkloadMSBuildSdkResolver.dll)
       Ensamblado cargado durante Evaluation: System.Collections.NonGeneric, Version=10.0.0.0, Culture=neutral, PublicKeyToken=b03f5f7f11d50a3a(ubicación: C:\Program Files\dotnet\shared\Microsoft.NETCore.App\10.0.2\System.Collections.NonGeneric.dll, MVID: 93f61b3b-397e-41d1-a23f-d3c8c69deefe, AssemblyLoadContext: Default)
       Ensamblado cargado durante Evaluation: Microsoft.Deployment.DotNet.Releases, Version=2.0.0.0, Culture=neutral, PublicKeyToken=31bf3856ad364e35(ubicación: C:\Program Files\dotnet\sdk\10.0.102\Microsoft.Deployment.DotNet.Releases.dll, MVID: 80b7d375-dc3e-433d-9d6a-803f8910de16, AssemblyLoadContext: MSBuild plugin C:\Program Files\dotnet\sdk\10.0.102\Microsoft.NET.Sdk.WorkloadMSBuildSdkResolver.dll)
       El SDK "Microsoft.NET.SDK.WorkloadAutoImportPropsLocator" se resolvió correctamente mediante el resolvedor "Microsoft.DotNet.MSBuildWorkloadSdkResolver" a la ubicación "null" y la versión "null".
       C:\Users\AlexM\OneDrive\Desktop\ABCD 2\CuadroMagicoApp\CuadroMagicoApp.csproj(4,5): message : Reasignación de propiedad: $(OutputType)="WinExe" (valor anterior: "Library") en C:\Users\AlexM\OneDrive\Desktop\ABCD 2\CuadroMagicoApp\CuadroMagicoApp.csproj (4,5)
       C:\Program Files\dotnet\sdk\10.0.102\Sdks\Microsoft.NET.Sdk\targets\Microsoft.NET.Sdk.ImportPublishProfile.targets(28,5): message : Reasignación de propiedad: $(PublishProfileImported)="false" (valor anterior: "true") en C:\Program Files\dotnet\sdk\10.0.102\Sdks\Microsoft.NET.Sdk\targets\Microsoft.NET.Sdk.ImportPublishProfile.targets (28,5)
       Ensamblado cargado durante Evaluation: NuGet.Frameworks, Version=7.0.2.0, Culture=neutral, PublicKeyToken=31bf3856ad364e35(ubicación: C:\Program Files\dotnet\sdk\10.0.102\NuGet.Frameworks.dll, MVID: 49dfecd1-88f8-4b59-9e85-1a519567a742, AssemblyLoadContext: Assembly.LoadFile(C:\Program Files\dotnet\sdk\10.0.102\NuGet.Frameworks.dll))
       C:\Program Files\dotnet\sdk\10.0.102\Sdks\Microsoft.NET.Sdk\targets\Microsoft.NET.TargetFrameworkInference.targets(80,5): message : Reasignación de propiedad: $(TargetPlatformVersion)="0.0" (valor anterior: "0.0.0.0") en C:\Program Files\dotnet\sdk\10.0.102\Sdks\Microsoft.NET.Sdk\targets\Microsoft.NET.TargetFrameworkInference.targets (80,5)
       C:\Program Files\dotnet\sdk\10.0.102\Sdks\Microsoft.NET.Sdk\targets\Microsoft.NET.TargetFrameworkInference.targets(81,5): message : Reasignación de propiedad: $(TargetPlatformVersion)="" (valor anterior: "0.0") en C:\Program Files\dotnet\sdk\10.0.102\Sdks\Microsoft.NET.Sdk\targets\Microsoft.NET.TargetFrameworkInference.targets (81,5)
       C:\Program Files\dotnet\sdk\10.0.102\Sdks\Microsoft.NET.Sdk\targets\Microsoft.NET.TargetFrameworkInference.targets(84,5): message : Reasignación de propiedad: $(TargetPlatformIdentifier)="Windows" (valor anterior: "windows") en C:\Program Files\dotnet\sdk\10.0.102\Sdks\Microsoft.NET.Sdk\targets\Microsoft.NET.TargetFrameworkInference.targets (84,5)
       C:\Program Files\dotnet\sdk\10.0.102\Sdks\Microsoft.NET.Sdk\targets\Microsoft.NET.DefaultOutputPaths.targets(127,5): message : Reasignación de propiedad: $(DefaultItemExcludes)=";bin\Debug\/**;obj\Debug\/**" (valor anterior: ";bin\Debug\/**") en C:\Program Files\dotnet\sdk\10.0.102\Sdks\Microsoft.NET.Sdk\targets\Microsoft.NET.DefaultOutputPaths.targets (127,5)
       C:\Program Files\dotnet\sdk\10.0.102\Sdks\Microsoft.NET.Sdk\targets\Microsoft.NET.DefaultOutputPaths.targets(142,5): message : Reasignación de propiedad: $(OutputPath)="bin\Debug\net10.0-windows\" (valor anterior: "bin\Debug\") en C:\Program Files\dotnet\sdk\10.0.102\Sdks\Microsoft.NET.Sdk\targets\Microsoft.NET.DefaultOutputPaths.targets (142,5)
       C:\Program Files\dotnet\sdk\10.0.102\Sdks\Microsoft.NET.Sdk\targets\Microsoft.NET.DefaultOutputPaths.targets(147,5): message : Reasignación de propiedad: $(IntermediateOutputPath)="obj\Debug\net10.0-windows\" (valor anterior: "obj\Debug\") en C:\Program Files\dotnet\sdk\10.0.102\Sdks\Microsoft.NET.Sdk\targets\Microsoft.NET.DefaultOutputPaths.targets (147,5)
       El resolvedor "DefaultSdkResolver" intentó resolver el SDK "Microsoft.NET.SDK.WorkloadManifestTargetsLocator".
       Advertencias: null
       Errores: MSB4276: La resolución predeterminada del SDK no pudo resolver el SDK "Microsoft.NET.SDK.WorkloadManifestTargetsLocator" porque el directorio "C:\Program Files\dotnet\sdk\10.0.102\Sdks\Microsoft.NET.SDK.WorkloadManifestTargetsLocator\Sdk" no existía.
       El SDK "Microsoft.NET.SDK.WorkloadManifestTargetsLocator" se resolvió correctamente mediante el resolvedor "Microsoft.DotNet.MSBuildWorkloadSdkResolver" a la ubicación "C:\Program Files\dotnet\sdk-manifests\10.0.100\microsoft.net.sdk.android\36.1.2" y la versión "null".
       C:\Program Files\dotnet\sdk\10.0.102\Sdks\Microsoft.NET.Sdk\targets\Microsoft.NET.Sdk.BeforeCommon.targets(371,5): message : Reasignación de propiedad: $(RoslynTargetsPath)="C:\Program Files\dotnet\sdk\10.0.102\Sdks\Microsoft.NET.Sdk\targets\..\..\..\Roslyn" (valor anterior: "C:\Program Files\dotnet\sdk\10.0.102\Roslyn") en C:\Program Files\dotnet\sdk\10.0.102\Sdks\Microsoft.NET.Sdk\targets\Microsoft.NET.Sdk.BeforeCommon.targets (371,5)
       C:\Program Files\dotnet\sdk\10.0.102\Roslyn\Microsoft.Managed.Core.targets(6,5): message : Reasignación de propiedad: $(_BuildTasksDirectory)="C:\Program Files\dotnet\sdk\10.0.102\Sdks\Microsoft.NET.Sdk\targets\..\..\..\Roslyn\" (valor anterior: "C:\Program Files\dotnet\sdk\10.0.102\Roslyn\") en C:\Program Files\dotnet\sdk\10.0.102\Roslyn\Microsoft.Managed.Core.targets (6,5)
       C:\Program Files\dotnet\sdk\10.0.102\Roslyn\Microsoft.CSharp.Core.targets(200,5): message : Reasignación de propiedad: $(CommandLineArgsForDesignTimeEvaluation)="-langversion:14.0 -define:TRACE" (valor anterior: "-langversion:14.0") en C:\Program Files\dotnet\sdk\10.0.102\Roslyn\Microsoft.CSharp.Core.targets (200,5)
       Ensamblado cargado durante Evaluation: Microsoft.Build.Utilities.Core, Version=15.1.0.0, Culture=neutral, PublicKeyToken=b03f5f7f11d50a3a(ubicación: C:\Program Files\dotnet\sdk\10.0.102\Microsoft.Build.Utilities.Core.dll, MVID: 1b1ea269-399d-4129-bea4-5e805d608f5b, AssemblyLoadContext: Default)
       C:\Program Files\dotnet\sdk\10.0.102\Microsoft.Common.CurrentVersion.targets(175,5): message : Reasignación de propiedad: $(_DebugSymbolsProduced)="true" (valor anterior: "false") en C:\Program Files\dotnet\sdk\10.0.102\Microsoft.Common.CurrentVersion.targets (175,5)
       C:\Program Files\dotnet\sdk\10.0.102\Microsoft.Common.CurrentVersion.targets(185,5): message : Reasignación de propiedad: $(_DocumentationFileProduced)="false" (valor anterior: "true") en C:\Program Files\dotnet\sdk\10.0.102\Microsoft.Common.CurrentVersion.targets (185,5)
       C:\Program Files\dotnet\sdk\10.0.102\Microsoft.Common.CurrentVersion.targets(392,5): message : Reasignación de propiedad: $(MSBuildCopyMarkerName)="CuadroMa.1AE55115" (valor anterior: "CuadroMagicoApp.csproj") en C:\Program Files\dotnet\sdk\10.0.102\Microsoft.Common.CurrentVersion.targets (392,5)
       C:\Program Files\dotnet\sdk\10.0.102\Microsoft.Common.CurrentVersion.targets(393,5): message : Reasignación de propiedad: $(MSBuildCopyMarkerName)="CuadroMa.1AE55115.Up2Date" (valor anterior: "CuadroMa.1AE55115") en C:\Program Files\dotnet\sdk\10.0.102\Microsoft.Common.CurrentVersion.targets (393,5)
       C:\Program Files\dotnet\sdk\10.0.102\Microsoft.Common.CurrentVersion.targets(541,5): message : Reasignación de propiedad: $(ProcessorArchitecture)="msil" (valor anterior: "") en C:\Program Files\dotnet\sdk\10.0.102\Microsoft.Common.CurrentVersion.targets (541,5)
       C:\Program Files\dotnet\sdk\10.0.102\Microsoft.Common.CurrentVersion.targets(580,5): message : Reasignación de propiedad: $(DelaySign)="" (valor anterior: "false") en C:\Program Files\dotnet\sdk\10.0.102\Microsoft.Common.CurrentVersion.targets (580,5)
       C:\Program Files\dotnet\sdk\10.0.102\Microsoft.Common.CurrentVersion.targets(2606,5): message : Propiedad "LOCALAPPDATA" con el valor "C:\Users\AlexM\AppData\Local" expandido desde el entorno.
       C:\Program Files\dotnet\sdk\10.0.102\Microsoft.Common.CurrentVersion.targets(3934,5): message : Reasignación de propiedad: $(_SGenGenerateSerializationAssembliesConfig)="Auto" (valor anterior: "") en C:\Program Files\dotnet\sdk\10.0.102\Microsoft.Common.CurrentVersion.targets (3934,5)
       C:\Program Files\dotnet\sdk\10.0.102\Microsoft.Common.CurrentVersion.targets(3935,5): message : Reasignación de propiedad: $(_SGenGenerateSerializationAssembliesConfig)="Off" (valor anterior: "Auto") en C:\Program Files\dotnet\sdk\10.0.102\Microsoft.Common.CurrentVersion.targets (3935,5)
       C:\Program Files\dotnet\sdk\10.0.102\Microsoft.Common.CurrentVersion.targets(5146,5): message : Reasignación de propiedad: $(_TargetsThatPrepareProjectReferences)="
       C:\Program Files\dotnet\sdk\10.0.102\Microsoft.Common.CurrentVersion.targets(5146,5): message :       AssignProjectConfiguration;
       C:\Program Files\dotnet\sdk\10.0.102\Microsoft.Common.CurrentVersion.targets(5146,5): message :       _SplitProjectReferencesByFileExistence
       C:\Program Files\dotnet\sdk\10.0.102\Microsoft.Common.CurrentVersion.targets(5146,5): message :     " (valor anterior: "_SplitProjectReferencesByFileExistence") en C:\Program Files\dotnet\sdk\10.0.102\Microsoft.Common.CurrentVersion.targets (5146,5)
       C:\Program Files\dotnet\sdk\10.0.102\Microsoft.Common.CurrentVersion.targets(6959,5): message : Propiedad "MSBuildExtensionsPath32" con el valor "C:\Program Files\dotnet\sdk\10.0.102" expandido desde el entorno.
       La propiedad "NuGetInteractive" es global y no se puede modificar.
       C:\Program Files\dotnet\sdk\10.0.102\Sdks\Microsoft.NET.Sdk\targets\Microsoft.PackageDependencyResolution.targets(24,5): message : Reasignación de propiedad: $(ProjectAssetsFile)="C:\Users\AlexM\OneDrive\Desktop\ABCD 2\CuadroMagicoApp\obj\project.assets.json" (valor anterior: "C:\Users\AlexM\OneDrive\Desktop\ABCD 2\CuadroMagicoApp\obj\/project.assets.json") en C:\Program Files\dotnet\sdk\10.0.102\Sdks\Microsoft.NET.Sdk\targets\Microsoft.PackageDependencyResolution.targets (24,5)
       C:\Program Files\dotnet\sdk\10.0.102\Sdks\Microsoft.NET.Sdk\targets\Microsoft.PackageDependencyResolution.targets(29,5): message : Reasignación de propiedad: $(ProjectAssetsCacheFile)="C:\Users\AlexM\OneDrive\Desktop\ABCD 2\CuadroMagicoApp\obj\Debug\net10.0-windows\CuadroMagicoApp.assets.cache" (valor anterior: "obj\Debug\net10.0-windows\CuadroMagicoApp.assets.cache") en C:\Program Files\dotnet\sdk\10.0.102\Sdks\Microsoft.NET.Sdk\targets\Microsoft.PackageDependencyResolution.targets (29,5)
       C:\Program Files\dotnet\sdk\10.0.102\Sdks\Microsoft.NET.Sdk\targets\Microsoft.PackageDependencyResolution.targets(80,5): message : Reasignación de propiedad: $(ResolveAssemblyReferencesDependsOn)="
       C:\Program Files\dotnet\sdk\10.0.102\Sdks\Microsoft.NET.Sdk\targets\Microsoft.PackageDependencyResolution.targets(80,5): message :       
       C:\Program Files\dotnet\sdk\10.0.102\Sdks\Microsoft.NET.Sdk\targets\Microsoft.PackageDependencyResolution.targets(80,5): message :       ResolveProjectReferences;
       C:\Program Files\dotnet\sdk\10.0.102\Sdks\Microsoft.NET.Sdk\targets\Microsoft.PackageDependencyResolution.targets(80,5): message :       FindInvalidProjectReferences;
       C:\Program Files\dotnet\sdk\10.0.102\Sdks\Microsoft.NET.Sdk\targets\Microsoft.PackageDependencyResolution.targets(80,5): message :       GetFrameworkPaths;
       C:\Program Files\dotnet\sdk\10.0.102\Sdks\Microsoft.NET.Sdk\targets\Microsoft.PackageDependencyResolution.targets(80,5): message :       GetReferenceAssemblyPaths;
       C:\Program Files\dotnet\sdk\10.0.102\Sdks\Microsoft.NET.Sdk\targets\Microsoft.PackageDependencyResolution.targets(80,5): message :       PrepareForBuild;
       C:\Program Files\dotnet\sdk\10.0.102\Sdks\Microsoft.NET.Sdk\targets\Microsoft.PackageDependencyResolution.targets(80,5): message :       ResolveSDKReferences;
       C:\Program Files\dotnet\sdk\10.0.102\Sdks\Microsoft.NET.Sdk\targets\Microsoft.PackageDependencyResolution.targets(80,5): message :       ExpandSDKReferences;
       C:\Program Files\dotnet\sdk\10.0.102\Sdks\Microsoft.NET.Sdk\targets\Microsoft.PackageDependencyResolution.targets(80,5): message :     ;
       C:\Program Files\dotnet\sdk\10.0.102\Sdks\Microsoft.NET.Sdk\targets\Microsoft.PackageDependencyResolution.targets(80,5): message :       ResolvePackageDependenciesForBuild;
       C:\Program Files\dotnet\sdk\10.0.102\Sdks\Microsoft.NET.Sdk\targets\Microsoft.PackageDependencyResolution.targets(80,5): message :       _HandlePackageFileConflicts;
       C:\Program Files\dotnet\sdk\10.0.102\Sdks\Microsoft.NET.Sdk\targets\Microsoft.PackageDependencyResolution.targets(80,5): message :     " (valor anterior: "
       C:\Program Files\dotnet\sdk\10.0.102\Sdks\Microsoft.NET.Sdk\targets\Microsoft.PackageDependencyResolution.targets(80,5): message :       ResolveProjectReferences;
       C:\Program Files\dotnet\sdk\10.0.102\Sdks\Microsoft.NET.Sdk\targets\Microsoft.PackageDependencyResolution.targets(80,5): message :       FindInvalidProjectReferences;
       C:\Program Files\dotnet\sdk\10.0.102\Sdks\Microsoft.NET.Sdk\targets\Microsoft.PackageDependencyResolution.targets(80,5): message :       GetFrameworkPaths;
       C:\Program Files\dotnet\sdk\10.0.102\Sdks\Microsoft.NET.Sdk\targets\Microsoft.PackageDependencyResolution.targets(80,5): message :       GetReferenceAssemblyPaths;
       C:\Program Files\dotnet\sdk\10.0.102\Sdks\Microsoft.NET.Sdk\targets\Microsoft.PackageDependencyResolution.targets(80,5): message :       PrepareForBuild;
       C:\Program Files\dotnet\sdk\10.0.102\Sdks\Microsoft.NET.Sdk\targets\Microsoft.PackageDependencyResolution.targets(80,5): message :       ResolveSDKReferences;
       C:\Program Files\dotnet\sdk\10.0.102\Sdks\Microsoft.NET.Sdk\targets\Microsoft.PackageDependencyResolution.targets(80,5): message :       ExpandSDKReferences;
       C:\Program Files\dotnet\sdk\10.0.102\Sdks\Microsoft.NET.Sdk\targets\Microsoft.PackageDependencyResolution.targets(80,5): message :     ") en C:\Program Files\dotnet\sdk\10.0.102\Sdks\Microsoft.NET.Sdk\targets\Microsoft.PackageDependencyResolution.targets (80,5)
       C:\Program Files\dotnet\sdk\10.0.102\Sdks\Microsoft.NET.Sdk\targets\Microsoft.PackageDependencyResolution.targets(86,5): message : Reasignación de propiedad: $(PrepareResourcesDependsOn)="
       C:\Program Files\dotnet\sdk\10.0.102\Sdks\Microsoft.NET.Sdk\targets\Microsoft.PackageDependencyResolution.targets(86,5): message :       ResolvePackageDependenciesForBuild;
       C:\Program Files\dotnet\sdk\10.0.102\Sdks\Microsoft.NET.Sdk\targets\Microsoft.PackageDependencyResolution.targets(86,5): message :       _HandlePackageFileConflicts;
       C:\Program Files\dotnet\sdk\10.0.102\Sdks\Microsoft.NET.Sdk\targets\Microsoft.PackageDependencyResolution.targets(86,5): message :       
       C:\Program Files\dotnet\sdk\10.0.102\Sdks\Microsoft.NET.Sdk\targets\Microsoft.PackageDependencyResolution.targets(86,5): message :       ;
       C:\Program Files\dotnet\sdk\10.0.102\Sdks\Microsoft.NET.Sdk\targets\Microsoft.PackageDependencyResolution.targets(86,5): message :       PrepareResourceNames;
       C:\Program Files\dotnet\sdk\10.0.102\Sdks\Microsoft.NET.Sdk\targets\Microsoft.PackageDependencyResolution.targets(86,5): message :       ResGen;
       C:\Program Files\dotnet\sdk\10.0.102\Sdks\Microsoft.NET.Sdk\targets\Microsoft.PackageDependencyResolution.targets(86,5): message :       CompileLicxFiles
       C:\Program Files\dotnet\sdk\10.0.102\Sdks\Microsoft.NET.Sdk\targets\Microsoft.PackageDependencyResolution.targets(86,5): message :     
       C:\Program Files\dotnet\sdk\10.0.102\Sdks\Microsoft.NET.Sdk\targets\Microsoft.PackageDependencyResolution.targets(86,5): message :     " (valor anterior: "
       C:\Program Files\dotnet\sdk\10.0.102\Sdks\Microsoft.NET.Sdk\targets\Microsoft.PackageDependencyResolution.targets(86,5): message :       ;
       C:\Program Files\dotnet\sdk\10.0.102\Sdks\Microsoft.NET.Sdk\targets\Microsoft.PackageDependencyResolution.targets(86,5): message :       PrepareResourceNames;
       C:\Program Files\dotnet\sdk\10.0.102\Sdks\Microsoft.NET.Sdk\targets\Microsoft.PackageDependencyResolution.targets(86,5): message :       ResGen;
       C:\Program Files\dotnet\sdk\10.0.102\Sdks\Microsoft.NET.Sdk\targets\Microsoft.PackageDependencyResolution.targets(86,5): message :       CompileLicxFiles
       C:\Program Files\dotnet\sdk\10.0.102\Sdks\Microsoft.NET.Sdk\targets\Microsoft.PackageDependencyResolution.targets(86,5): message :     ") en C:\Program Files\dotnet\sdk\10.0.102\Sdks\Microsoft.NET.Sdk\targets\Microsoft.PackageDependencyResolution.targets (86,5)
       La propiedad "EnableDefaultCompileItems" es global y no se puede modificar.
       La propiedad "EnableDefaultEmbeddedResourceItems" es global y no se puede modificar.
       La propiedad "EnableDefaultNoneItems" es global y no se puede modificar.
       C:\Program Files\dotnet\sdk\10.0.102\Sdks\Microsoft.NET.Sdk\targets\Microsoft.NET.Sdk.DefaultItems.targets(35,5): message : Reasignación de propiedad: $(DefaultItemExcludes)=";bin\Debug\/**;obj\Debug\/**;bin\/**" (valor anterior: ";bin\Debug\/**;obj\Debug\/**") en C:\Program Files\dotnet\sdk\10.0.102\Sdks\Microsoft.NET.Sdk\targets\Microsoft.NET.Sdk.DefaultItems.targets (35,5)
       C:\Program Files\dotnet\sdk\10.0.102\Sdks\Microsoft.NET.Sdk\targets\Microsoft.NET.Sdk.DefaultItems.targets(37,5): message : Reasignación de propiedad: $(DefaultItemExcludes)=";bin\Debug\/**;obj\Debug\/**;bin\/**;obj\/**" (valor anterior: ";bin\Debug\/**;obj\Debug\/**;bin\/**") en C:\Program Files\dotnet\sdk\10.0.102\Sdks\Microsoft.NET.Sdk\targets\Microsoft.NET.Sdk.DefaultItems.targets (37,5)
       C:\Program Files\dotnet\sdk\10.0.102\Sdks\Microsoft.NET.Sdk\targets\Microsoft.NET.Sdk.DefaultItems.targets(40,5): message : Reasignación de propiedad: $(DefaultItemExcludes)=";bin\Debug\/**;obj\Debug\/**;bin\/**;obj\/**;**/*.user" (valor anterior: ";bin\Debug\/**;obj\Debug\/**;bin\/**;obj\/**") en C:\Program Files\dotnet\sdk\10.0.102\Sdks\Microsoft.NET.Sdk\targets\Microsoft.NET.Sdk.DefaultItems.targets (40,5)
       C:\Program Files\dotnet\sdk\10.0.102\Sdks\Microsoft.NET.Sdk\targets\Microsoft.NET.Sdk.DefaultItems.targets(41,5): message : Reasignación de propiedad: $(DefaultItemExcludes)=";bin\Debug\/**;obj\Debug\/**;bin\/**;obj\/**;**/*.user;**/*.*proj" (valor anterior: ";bin\Debug\/**;obj\Debug\/**;bin\/**;obj\/**;**/*.user") en C:\Program Files\dotnet\sdk\10.0.102\Sdks\Microsoft.NET.Sdk\targets\Microsoft.NET.Sdk.DefaultItems.targets (41,5)
       C:\Program Files\dotnet\sdk\10.0.102\Sdks\Microsoft.NET.Sdk\targets\Microsoft.NET.Sdk.DefaultItems.targets(42,5): message : Reasignación de propiedad: $(DefaultItemExcludes)=";bin\Debug\/**;obj\Debug\/**;bin\/**;obj\/**;**/*.user;**/*.*proj;**/*.sln" (valor anterior: ";bin\Debug\/**;obj\Debug\/**;bin\/**;obj\/**;**/*.user;**/*.*proj") en C:\Program Files\dotnet\sdk\10.0.102\Sdks\Microsoft.NET.Sdk\targets\Microsoft.NET.Sdk.DefaultItems.targets (42,5)
       C:\Program Files\dotnet\sdk\10.0.102\Sdks\Microsoft.NET.Sdk\targets\Microsoft.NET.Sdk.DefaultItems.targets(43,5): message : Reasignación de propiedad: $(DefaultItemExcludes)=";bin\Debug\/**;obj\Debug\/**;bin\/**;obj\/**;**/*.user;**/*.*proj;**/*.sln;**/*.slnx" (valor anterior: ";bin\Debug\/**;obj\Debug\/**;bin\/**;obj\/**;**/*.user;**/*.*proj;**/*.sln") en C:\Program Files\dotnet\sdk\10.0.102\Sdks\Microsoft.NET.Sdk\targets\Microsoft.NET.Sdk.DefaultItems.targets (43,5)
       C:\Program Files\dotnet\sdk\10.0.102\Sdks\Microsoft.NET.Sdk\targets\Microsoft.NET.Sdk.DefaultItems.targets(44,5): message : Reasignación de propiedad: $(DefaultItemExcludes)=";bin\Debug\/**;obj\Debug\/**;bin\/**;obj\/**;**/*.user;**/*.*proj;**/*.sln;**/*.slnx;**/*.vssscc" (valor anterior: ";bin\Debug\/**;obj\Debug\/**;bin\/**;obj\/**;**/*.user;**/*.*proj;**/*.sln;**/*.slnx") en C:\Program Files\dotnet\sdk\10.0.102\Sdks\Microsoft.NET.Sdk\targets\Microsoft.NET.Sdk.DefaultItems.targets (44,5)
       C:\Program Files\dotnet\sdk\10.0.102\Sdks\Microsoft.NET.Sdk\targets\Microsoft.NET.Sdk.DefaultItems.targets(45,5): message : Reasignación de propiedad: $(DefaultItemExcludes)=";bin\Debug\/**;obj\Debug\/**;bin\/**;obj\/**;**/*.user;**/*.*proj;**/*.sln;**/*.slnx;**/*.vssscc;**/.DS_Store" (valor anterior: ";bin\Debug\/**;obj\Debug\/**;bin\/**;obj\/**;**/*.user;**/*.*proj;**/*.sln;**/*.slnx;**/*.vssscc") en C:\Program Files\dotnet\sdk\10.0.102\Sdks\Microsoft.NET.Sdk\targets\Microsoft.NET.Sdk.DefaultItems.targets (45,5)
       C:\Program Files\dotnet\sdk\10.0.102\Sdks\Microsoft.NET.Sdk\targets\Microsoft.NET.Sdk.FrameworkReferenceResolution.targets(14,5): message : Reasignación de propiedad: $(ResolveAssemblyReferencesDependsOn)="
       C:\Program Files\dotnet\sdk\10.0.102\Sdks\Microsoft.NET.Sdk\targets\Microsoft.NET.Sdk.FrameworkReferenceResolution.targets(14,5): message :       
       C:\Program Files\dotnet\sdk\10.0.102\Sdks\Microsoft.NET.Sdk\targets\Microsoft.NET.Sdk.FrameworkReferenceResolution.targets(14,5): message :       
       C:\Program Files\dotnet\sdk\10.0.102\Sdks\Microsoft.NET.Sdk\targets\Microsoft.NET.Sdk.FrameworkReferenceResolution.targets(14,5): message :       ResolveProjectReferences;
       C:\Program Files\dotnet\sdk\10.0.102\Sdks\Microsoft.NET.Sdk\targets\Microsoft.NET.Sdk.FrameworkReferenceResolution.targets(14,5): message :       FindInvalidProjectReferences;
       C:\Program Files\dotnet\sdk\10.0.102\Sdks\Microsoft.NET.Sdk\targets\Microsoft.NET.Sdk.FrameworkReferenceResolution.targets(14,5): message :       GetFrameworkPaths;
       C:\Program Files\dotnet\sdk\10.0.102\Sdks\Microsoft.NET.Sdk\targets\Microsoft.NET.Sdk.FrameworkReferenceResolution.targets(14,5): message :       GetReferenceAssemblyPaths;
       C:\Program Files\dotnet\sdk\10.0.102\Sdks\Microsoft.NET.Sdk\targets\Microsoft.NET.Sdk.FrameworkReferenceResolution.targets(14,5): message :       PrepareForBuild;
       C:\Program Files\dotnet\sdk\10.0.102\Sdks\Microsoft.NET.Sdk\targets\Microsoft.NET.Sdk.FrameworkReferenceResolution.targets(14,5): message :       ResolveSDKReferences;
       C:\Program Files\dotnet\sdk\10.0.102\Sdks\Microsoft.NET.Sdk\targets\Microsoft.NET.Sdk.FrameworkReferenceResolution.targets(14,5): message :       ExpandSDKReferences;
       C:\Program Files\dotnet\sdk\10.0.102\Sdks\Microsoft.NET.Sdk\targets\Microsoft.NET.Sdk.FrameworkReferenceResolution.targets(14,5): message :     ;
       C:\Program Files\dotnet\sdk\10.0.102\Sdks\Microsoft.NET.Sdk\targets\Microsoft.NET.Sdk.FrameworkReferenceResolution.targets(14,5): message :       ResolvePackageDependenciesForBuild;
       C:\Program Files\dotnet\sdk\10.0.102\Sdks\Microsoft.NET.Sdk\targets\Microsoft.NET.Sdk.FrameworkReferenceResolution.targets(14,5): message :       _HandlePackageFileConflicts;
       C:\Program Files\dotnet\sdk\10.0.102\Sdks\Microsoft.NET.Sdk\targets\Microsoft.NET.Sdk.FrameworkReferenceResolution.targets(14,5): message :     ;
       C:\Program Files\dotnet\sdk\10.0.102\Sdks\Microsoft.NET.Sdk\targets\Microsoft.NET.Sdk.FrameworkReferenceResolution.targets(14,5): message :       ResolveTargetingPackAssets;
       C:\Program Files\dotnet\sdk\10.0.102\Sdks\Microsoft.NET.Sdk\targets\Microsoft.NET.Sdk.FrameworkReferenceResolution.targets(14,5): message :     " (valor anterior: "
       C:\Program Files\dotnet\sdk\10.0.102\Sdks\Microsoft.NET.Sdk\targets\Microsoft.NET.Sdk.FrameworkReferenceResolution.targets(14,5): message :       
       C:\Program Files\dotnet\sdk\10.0.102\Sdks\Microsoft.NET.Sdk\targets\Microsoft.NET.Sdk.FrameworkReferenceResolution.targets(14,5): message :       ResolveProjectReferences;
       C:\Program Files\dotnet\sdk\10.0.102\Sdks\Microsoft.NET.Sdk\targets\Microsoft.NET.Sdk.FrameworkReferenceResolution.targets(14,5): message :       FindInvalidProjectReferences;
       C:\Program Files\dotnet\sdk\10.0.102\Sdks\Microsoft.NET.Sdk\targets\Microsoft.NET.Sdk.FrameworkReferenceResolution.targets(14,5): message :       GetFrameworkPaths;
       C:\Program Files\dotnet\sdk\10.0.102\Sdks\Microsoft.NET.Sdk\targets\Microsoft.NET.Sdk.FrameworkReferenceResolution.targets(14,5): message :       GetReferenceAssemblyPaths;
       C:\Program Files\dotnet\sdk\10.0.102\Sdks\Microsoft.NET.Sdk\targets\Microsoft.NET.Sdk.FrameworkReferenceResolution.targets(14,5): message :       PrepareForBuild;
       C:\Program Files\dotnet\sdk\10.0.102\Sdks\Microsoft.NET.Sdk\targets\Microsoft.NET.Sdk.FrameworkReferenceResolution.targets(14,5): message :       ResolveSDKReferences;
       C:\Program Files\dotnet\sdk\10.0.102\Sdks\Microsoft.NET.Sdk\targets\Microsoft.NET.Sdk.FrameworkReferenceResolution.targets(14,5): message :       ExpandSDKReferences;
       C:\Program Files\dotnet\sdk\10.0.102\Sdks\Microsoft.NET.Sdk\targets\Microsoft.NET.Sdk.FrameworkReferenceResolution.targets(14,5): message :     ;
       C:\Program Files\dotnet\sdk\10.0.102\Sdks\Microsoft.NET.Sdk\targets\Microsoft.NET.Sdk.FrameworkReferenceResolution.targets(14,5): message :       ResolvePackageDependenciesForBuild;
       C:\Program Files\dotnet\sdk\10.0.102\Sdks\Microsoft.NET.Sdk\targets\Microsoft.NET.Sdk.FrameworkReferenceResolution.targets(14,5): message :       _HandlePackageFileConflicts;
       C:\Program Files\dotnet\sdk\10.0.102\Sdks\Microsoft.NET.Sdk\targets\Microsoft.NET.Sdk.FrameworkReferenceResolution.targets(14,5): message :     ") en C:\Program Files\dotnet\sdk\10.0.102\Sdks\Microsoft.NET.Sdk\targets\Microsoft.NET.Sdk.FrameworkReferenceResolution.targets (14,5)
       C:\Program Files\dotnet\sdk\10.0.102\Sdks\Microsoft.NET.Sdk\targets\Microsoft.NET.Sdk.targets(44,5): message : Reasignación de propiedad: $(_GenerateRuntimeConfigurationPropertyInputsCache)="C:\Users\AlexM\OneDrive\Desktop\ABCD 2\CuadroMagicoApp\obj\Debug\net10.0-windows\CuadroMagicoApp.genruntimeconfig.cache" (valor anterior: "obj\Debug\net10.0-windows\CuadroMagicoApp.genruntimeconfig.cache") en C:\Program Files\dotnet\sdk\10.0.102\Sdks\Microsoft.NET.Sdk\targets\Microsoft.NET.Sdk.targets (44,5)
       C:\Program Files\dotnet\sdk\10.0.102\Sdks\Microsoft.NET.Sdk\targets\Microsoft.NET.Sdk.targets(46,5): message : Reasignación de propiedad: $(_GeneratePublishDependencyFilePropertyInputsCache)="C:\Users\AlexM\OneDrive\Desktop\ABCD 2\CuadroMagicoApp\obj\Debug\net10.0-windows\CuadroMagicoApp.genpublishdeps.cache" (valor anterior: "obj\Debug\net10.0-windows\CuadroMagicoApp.genpublishdeps.cache") en C:\Program Files\dotnet\sdk\10.0.102\Sdks\Microsoft.NET.Sdk\targets\Microsoft.NET.Sdk.targets (46,5)
       C:\Program Files\dotnet\sdk\10.0.102\Sdks\Microsoft.NET.Sdk\targets\Microsoft.NET.Sdk.targets(48,5): message : Reasignación de propiedad: $(_GenerateSingleFileBundlePropertyInputsCache)="C:\Users\AlexM\OneDrive\Desktop\ABCD 2\CuadroMagicoApp\obj\Debug\net10.0-windows\CuadroMagicoApp.genbundle.cache" (valor anterior: "obj\Debug\net10.0-windows\CuadroMagicoApp.genbundle.cache") en C:\Program Files\dotnet\sdk\10.0.102\Sdks\Microsoft.NET.Sdk\targets\Microsoft.NET.Sdk.targets (48,5)
       C:\Program Files\dotnet\sdk\10.0.102\Sdks\Microsoft.NET.Sdk\targets\Microsoft.NET.Sdk.targets(81,5): message : Reasignación de propiedad: $(GenerateRuntimeConfigDevFile)="false" (valor anterior: "true") en C:\Program Files\dotnet\sdk\10.0.102\Sdks\Microsoft.NET.Sdk\targets\Microsoft.NET.Sdk.targets (81,5)
       C:\Program Files\dotnet\sdk\10.0.102\Sdks\Microsoft.NET.Sdk\targets\Microsoft.NET.Sdk.targets(97,5): message : Propiedad "HOME" con el valor "C:\Users\AlexM" expandido desde el entorno.
       C:\Program Files\dotnet\sdk\10.0.102\Sdks\Microsoft.NET.Sdk\targets\Microsoft.NET.Sdk.targets(98,5): message : Propiedad "USERPROFILE" con el valor "C:\Users\AlexM" expandido desde el entorno.
       C:\Program Files\dotnet\sdk\10.0.102\Sdks\Microsoft.NET.Sdk\targets\Microsoft.NET.Sdk.targets(99,5): message : Reasignación de propiedad: $(_DefaultUserProfileRuntimeStorePath)="C:\Users\AlexM\.dotnet\store" (valor anterior: "C:\Users\AlexM") en C:\Program Files\dotnet\sdk\10.0.102\Sdks\Microsoft.NET.Sdk\targets\Microsoft.NET.Sdk.targets (99,5)
       C:\Program Files\dotnet\sdk\10.0.102\Sdks\Microsoft.NET.Sdk\targets\Microsoft.NET.Sdk.targets(144,5): message : Reasignación de propiedad: $(AvailablePlatforms)="Any CPU,x86,x64,ARM32" (valor anterior: "Any CPU,x86,x64") en C:\Program Files\dotnet\sdk\10.0.102\Sdks\Microsoft.NET.Sdk\targets\Microsoft.NET.Sdk.targets (144,5)
       C:\Program Files\dotnet\sdk\10.0.102\Sdks\Microsoft.NET.Sdk\targets\Microsoft.NET.Sdk.targets(148,5): message : Reasignación de propiedad: $(AvailablePlatforms)="Any CPU,x86,x64,ARM32,ARM64" (valor anterior: "Any CPU,x86,x64,ARM32") en C:\Program Files\dotnet\sdk\10.0.102\Sdks\Microsoft.NET.Sdk\targets\Microsoft.NET.Sdk.targets (148,5)
       C:\Program Files\dotnet\sdk\10.0.102\Sdks\Microsoft.NET.Sdk\targets\Microsoft.NET.Sdk.targets(204,5): message : Reasignación de propiedad: $(CoreBuildDependsOn)="
       C:\Program Files\dotnet\sdk\10.0.102\Sdks\Microsoft.NET.Sdk\targets\Microsoft.NET.Sdk.targets(204,5): message :       _CheckForBuildWithNoBuild;
       C:\Program Files\dotnet\sdk\10.0.102\Sdks\Microsoft.NET.Sdk\targets\Microsoft.NET.Sdk.targets(204,5): message :       
       C:\Program Files\dotnet\sdk\10.0.102\Sdks\Microsoft.NET.Sdk\targets\Microsoft.NET.Sdk.targets(204,5): message :       BuildOnlySettings;
       C:\Program Files\dotnet\sdk\10.0.102\Sdks\Microsoft.NET.Sdk\targets\Microsoft.NET.Sdk.targets(204,5): message :       PrepareForBuild;
       C:\Program Files\dotnet\sdk\10.0.102\Sdks\Microsoft.NET.Sdk\targets\Microsoft.NET.Sdk.targets(204,5): message :       PreBuildEvent;
       C:\Program Files\dotnet\sdk\10.0.102\Sdks\Microsoft.NET.Sdk\targets\Microsoft.NET.Sdk.targets(204,5): message :       ResolveReferences;
       C:\Program Files\dotnet\sdk\10.0.102\Sdks\Microsoft.NET.Sdk\targets\Microsoft.NET.Sdk.targets(204,5): message :       PrepareResources;
       C:\Program Files\dotnet\sdk\10.0.102\Sdks\Microsoft.NET.Sdk\targets\Microsoft.NET.Sdk.targets(204,5): message :       ResolveKeySource;
       C:\Program Files\dotnet\sdk\10.0.102\Sdks\Microsoft.NET.Sdk\targets\Microsoft.NET.Sdk.targets(204,5): message :       Compile;
       C:\Program Files\dotnet\sdk\10.0.102\Sdks\Microsoft.NET.Sdk\targets\Microsoft.NET.Sdk.targets(204,5): message :       ExportWindowsMDFile;
       C:\Program Files\dotnet\sdk\10.0.102\Sdks\Microsoft.NET.Sdk\targets\Microsoft.NET.Sdk.targets(204,5): message :       UnmanagedUnregistration;
       C:\Program Files\dotnet\sdk\10.0.102\Sdks\Microsoft.NET.Sdk\targets\Microsoft.NET.Sdk.targets(204,5): message :       GenerateSerializationAssemblies;
       C:\Program Files\dotnet\sdk\10.0.102\Sdks\Microsoft.NET.Sdk\targets\Microsoft.NET.Sdk.targets(204,5): message :       CreateSatelliteAssemblies;
       C:\Program Files\dotnet\sdk\10.0.102\Sdks\Microsoft.NET.Sdk\targets\Microsoft.NET.Sdk.targets(204,5): message :       GenerateManifests;
       C:\Program Files\dotnet\sdk\10.0.102\Sdks\Microsoft.NET.Sdk\targets\Microsoft.NET.Sdk.targets(204,5): message :       GetTargetPath;
       C:\Program Files\dotnet\sdk\10.0.102\Sdks\Microsoft.NET.Sdk\targets\Microsoft.NET.Sdk.targets(204,5): message :       PrepareForRun;
       C:\Program Files\dotnet\sdk\10.0.102\Sdks\Microsoft.NET.Sdk\targets\Microsoft.NET.Sdk.targets(204,5): message :       UnmanagedRegistration;
       C:\Program Files\dotnet\sdk\10.0.102\Sdks\Microsoft.NET.Sdk\targets\Microsoft.NET.Sdk.targets(204,5): message :       IncrementalClean;
       C:\Program Files\dotnet\sdk\10.0.102\Sdks\Microsoft.NET.Sdk\targets\Microsoft.NET.Sdk.targets(204,5): message :       PostBuildEvent
       C:\Program Files\dotnet\sdk\10.0.102\Sdks\Microsoft.NET.Sdk\targets\Microsoft.NET.Sdk.targets(204,5): message :     ;
       C:\Program Files\dotnet\sdk\10.0.102\Sdks\Microsoft.NET.Sdk\targets\Microsoft.NET.Sdk.targets(204,5): message :       GenerateBuildDependencyFile;
       C:\Program Files\dotnet\sdk\10.0.102\Sdks\Microsoft.NET.Sdk\targets\Microsoft.NET.Sdk.targets(204,5): message :       GenerateBuildRuntimeConfigurationFiles
       C:\Program Files\dotnet\sdk\10.0.102\Sdks\Microsoft.NET.Sdk\targets\Microsoft.NET.Sdk.targets(204,5): message :     " (valor anterior: "
       C:\Program Files\dotnet\sdk\10.0.102\Sdks\Microsoft.NET.Sdk\targets\Microsoft.NET.Sdk.targets(204,5): message :       BuildOnlySettings;
       C:\Program Files\dotnet\sdk\10.0.102\Sdks\Microsoft.NET.Sdk\targets\Microsoft.NET.Sdk.targets(204,5): message :       PrepareForBuild;
       C:\Program Files\dotnet\sdk\10.0.102\Sdks\Microsoft.NET.Sdk\targets\Microsoft.NET.Sdk.targets(204,5): message :       PreBuildEvent;
       C:\Program Files\dotnet\sdk\10.0.102\Sdks\Microsoft.NET.Sdk\targets\Microsoft.NET.Sdk.targets(204,5): message :       ResolveReferences;
       C:\Program Files\dotnet\sdk\10.0.102\Sdks\Microsoft.NET.Sdk\targets\Microsoft.NET.Sdk.targets(204,5): message :       PrepareResources;
       C:\Program Files\dotnet\sdk\10.0.102\Sdks\Microsoft.NET.Sdk\targets\Microsoft.NET.Sdk.targets(204,5): message :       ResolveKeySource;
       C:\Program Files\dotnet\sdk\10.0.102\Sdks\Microsoft.NET.Sdk\targets\Microsoft.NET.Sdk.targets(204,5): message :       Compile;
       C:\Program Files\dotnet\sdk\10.0.102\Sdks\Microsoft.NET.Sdk\targets\Microsoft.NET.Sdk.targets(204,5): message :       ExportWindowsMDFile;
       C:\Program Files\dotnet\sdk\10.0.102\Sdks\Microsoft.NET.Sdk\targets\Microsoft.NET.Sdk.targets(204,5): message :       UnmanagedUnregistration;
       C:\Program Files\dotnet\sdk\10.0.102\Sdks\Microsoft.NET.Sdk\targets\Microsoft.NET.Sdk.targets(204,5): message :       GenerateSerializationAssemblies;
       C:\Program Files\dotnet\sdk\10.0.102\Sdks\Microsoft.NET.Sdk\targets\Microsoft.NET.Sdk.targets(204,5): message :       CreateSatelliteAssemblies;
       C:\Program Files\dotnet\sdk\10.0.102\Sdks\Microsoft.NET.Sdk\targets\Microsoft.NET.Sdk.targets(204,5): message :       GenerateManifests;
       C:\Program Files\dotnet\sdk\10.0.102\Sdks\Microsoft.NET.Sdk\targets\Microsoft.NET.Sdk.targets(204,5): message :       GetTargetPath;
       C:\Program Files\dotnet\sdk\10.0.102\Sdks\Microsoft.NET.Sdk\targets\Microsoft.NET.Sdk.targets(204,5): message :       PrepareForRun;
       C:\Program Files\dotnet\sdk\10.0.102\Sdks\Microsoft.NET.Sdk\targets\Microsoft.NET.Sdk.targets(204,5): message :       UnmanagedRegistration;
       C:\Program Files\dotnet\sdk\10.0.102\Sdks\Microsoft.NET.Sdk\targets\Microsoft.NET.Sdk.targets(204,5): message :       IncrementalClean;
       C:\Program Files\dotnet\sdk\10.0.102\Sdks\Microsoft.NET.Sdk\targets\Microsoft.NET.Sdk.targets(204,5): message :       PostBuildEvent
       C:\Program Files\dotnet\sdk\10.0.102\Sdks\Microsoft.NET.Sdk\targets\Microsoft.NET.Sdk.targets(204,5): message :     ") en C:\Program Files\dotnet\sdk\10.0.102\Sdks\Microsoft.NET.Sdk\targets\Microsoft.NET.Sdk.targets (204,5)
       C:\Program Files\dotnet\sdk\10.0.102\Sdks\Microsoft.NET.Sdk\targets\Microsoft.NET.Sdk.targets(213,5): message : Reasignación de propiedad: $(CoreCleanDependsOn)="
       C:\Program Files\dotnet\sdk\10.0.102\Sdks\Microsoft.NET.Sdk\targets\Microsoft.NET.Sdk.targets(213,5): message :       _SdkBeforeClean;
       C:\Program Files\dotnet\sdk\10.0.102\Sdks\Microsoft.NET.Sdk\targets\Microsoft.NET.Sdk.targets(213,5): message :       
       C:\Program Files\dotnet\sdk\10.0.102\Sdks\Microsoft.NET.Sdk\targets\Microsoft.NET.Sdk.targets(213,5): message :     " (valor anterior: "") en C:\Program Files\dotnet\sdk\10.0.102\Sdks\Microsoft.NET.Sdk\targets\Microsoft.NET.Sdk.targets (213,5)
       C:\Program Files\dotnet\sdk\10.0.102\Sdks\Microsoft.NET.Sdk\targets\Microsoft.NET.Sdk.targets(220,5): message : Reasignación de propiedad: $(RebuildDependsOn)="
       C:\Program Files\dotnet\sdk\10.0.102\Sdks\Microsoft.NET.Sdk\targets\Microsoft.NET.Sdk.targets(220,5): message :       _SdkBeforeRebuild;
       C:\Program Files\dotnet\sdk\10.0.102\Sdks\Microsoft.NET.Sdk\targets\Microsoft.NET.Sdk.targets(220,5): message :       
       C:\Program Files\dotnet\sdk\10.0.102\Sdks\Microsoft.NET.Sdk\targets\Microsoft.NET.Sdk.targets(220,5): message :       BeforeRebuild;
       C:\Program Files\dotnet\sdk\10.0.102\Sdks\Microsoft.NET.Sdk\targets\Microsoft.NET.Sdk.targets(220,5): message :       Clean;
       C:\Program Files\dotnet\sdk\10.0.102\Sdks\Microsoft.NET.Sdk\targets\Microsoft.NET.Sdk.targets(220,5): message :       Build;
       C:\Program Files\dotnet\sdk\10.0.102\Sdks\Microsoft.NET.Sdk\targets\Microsoft.NET.Sdk.targets(220,5): message :       AfterRebuild;
       C:\Program Files\dotnet\sdk\10.0.102\Sdks\Microsoft.NET.Sdk\targets\Microsoft.NET.Sdk.targets(220,5): message :     
       C:\Program Files\dotnet\sdk\10.0.102\Sdks\Microsoft.NET.Sdk\targets\Microsoft.NET.Sdk.targets(220,5): message :     " (valor anterior: "
       C:\Program Files\dotnet\sdk\10.0.102\Sdks\Microsoft.NET.Sdk\targets\Microsoft.NET.Sdk.targets(220,5): message :       BeforeRebuild;
       C:\Program Files\dotnet\sdk\10.0.102\Sdks\Microsoft.NET.Sdk\targets\Microsoft.NET.Sdk.targets(220,5): message :       Clean;
       C:\Program Files\dotnet\sdk\10.0.102\Sdks\Microsoft.NET.Sdk\targets\Microsoft.NET.Sdk.targets(220,5): message :       Build;
       C:\Program Files\dotnet\sdk\10.0.102\Sdks\Microsoft.NET.Sdk\targets\Microsoft.NET.Sdk.targets(220,5): message :       AfterRebuild;
       C:\Program Files\dotnet\sdk\10.0.102\Sdks\Microsoft.NET.Sdk\targets\Microsoft.NET.Sdk.targets(220,5): message :     ") en C:\Program Files\dotnet\sdk\10.0.102\Sdks\Microsoft.NET.Sdk\targets\Microsoft.NET.Sdk.targets (220,5)
       C:\Program Files\dotnet\sdk\10.0.102\Sdks\Microsoft.NET.Sdk\targets\Microsoft.NET.Sdk.targets(799,5): message : Reasignación de propiedad: $(CompileDependsOn)="
       C:\Program Files\dotnet\sdk\10.0.102\Sdks\Microsoft.NET.Sdk\targets\Microsoft.NET.Sdk.targets(799,5): message :       
       C:\Program Files\dotnet\sdk\10.0.102\Sdks\Microsoft.NET.Sdk\targets\Microsoft.NET.Sdk.targets(799,5): message :       ResolveReferences;
       C:\Program Files\dotnet\sdk\10.0.102\Sdks\Microsoft.NET.Sdk\targets\Microsoft.NET.Sdk.targets(799,5): message :       ResolveKeySource;
       C:\Program Files\dotnet\sdk\10.0.102\Sdks\Microsoft.NET.Sdk\targets\Microsoft.NET.Sdk.targets(799,5): message :       SetWin32ManifestProperties;
       C:\Program Files\dotnet\sdk\10.0.102\Sdks\Microsoft.NET.Sdk\targets\Microsoft.NET.Sdk.targets(799,5): message :       _SetPreferNativeArm64Win32ManifestProperties;
       C:\Program Files\dotnet\sdk\10.0.102\Sdks\Microsoft.NET.Sdk\targets\Microsoft.NET.Sdk.targets(799,5): message :       FindReferenceAssembliesForReferences;
       C:\Program Files\dotnet\sdk\10.0.102\Sdks\Microsoft.NET.Sdk\targets\Microsoft.NET.Sdk.targets(799,5): message :       _GenerateCompileInputs;
       C:\Program Files\dotnet\sdk\10.0.102\Sdks\Microsoft.NET.Sdk\targets\Microsoft.NET.Sdk.targets(799,5): message :       BeforeCompile;
       C:\Program Files\dotnet\sdk\10.0.102\Sdks\Microsoft.NET.Sdk\targets\Microsoft.NET.Sdk.targets(799,5): message :       _TimeStampBeforeCompile;
       C:\Program Files\dotnet\sdk\10.0.102\Sdks\Microsoft.NET.Sdk\targets\Microsoft.NET.Sdk.targets(799,5): message :       _GenerateCompileDependencyCache;
       C:\Program Files\dotnet\sdk\10.0.102\Sdks\Microsoft.NET.Sdk\targets\Microsoft.NET.Sdk.targets(799,5): message :       CoreCompile;
       C:\Program Files\dotnet\sdk\10.0.102\Sdks\Microsoft.NET.Sdk\targets\Microsoft.NET.Sdk.targets(799,5): message :       _TimeStampAfterCompile;
       C:\Program Files\dotnet\sdk\10.0.102\Sdks\Microsoft.NET.Sdk\targets\Microsoft.NET.Sdk.targets(799,5): message :       AfterCompile;
       C:\Program Files\dotnet\sdk\10.0.102\Sdks\Microsoft.NET.Sdk\targets\Microsoft.NET.Sdk.targets(799,5): message :     ;
       C:\Program Files\dotnet\sdk\10.0.102\Sdks\Microsoft.NET.Sdk\targets\Microsoft.NET.Sdk.targets(799,5): message :       _CreateAppHost;
       C:\Program Files\dotnet\sdk\10.0.102\Sdks\Microsoft.NET.Sdk\targets\Microsoft.NET.Sdk.targets(799,5): message :       _CreateComHost;
       C:\Program Files\dotnet\sdk\10.0.102\Sdks\Microsoft.NET.Sdk\targets\Microsoft.NET.Sdk.targets(799,5): message :       _GetIjwHostPaths;
       C:\Program Files\dotnet\sdk\10.0.102\Sdks\Microsoft.NET.Sdk\targets\Microsoft.NET.Sdk.targets(799,5): message :     " (valor anterior: "
       C:\Program Files\dotnet\sdk\10.0.102\Sdks\Microsoft.NET.Sdk\targets\Microsoft.NET.Sdk.targets(799,5): message :       ResolveReferences;
       C:\Program Files\dotnet\sdk\10.0.102\Sdks\Microsoft.NET.Sdk\targets\Microsoft.NET.Sdk.targets(799,5): message :       ResolveKeySource;
       C:\Program Files\dotnet\sdk\10.0.102\Sdks\Microsoft.NET.Sdk\targets\Microsoft.NET.Sdk.targets(799,5): message :       SetWin32ManifestProperties;
       C:\Program Files\dotnet\sdk\10.0.102\Sdks\Microsoft.NET.Sdk\targets\Microsoft.NET.Sdk.targets(799,5): message :       _SetPreferNativeArm64Win32ManifestProperties;
       C:\Program Files\dotnet\sdk\10.0.102\Sdks\Microsoft.NET.Sdk\targets\Microsoft.NET.Sdk.targets(799,5): message :       FindReferenceAssembliesForReferences;
       C:\Program Files\dotnet\sdk\10.0.102\Sdks\Microsoft.NET.Sdk\targets\Microsoft.NET.Sdk.targets(799,5): message :       _GenerateCompileInputs;
       C:\Program Files\dotnet\sdk\10.0.102\Sdks\Microsoft.NET.Sdk\targets\Microsoft.NET.Sdk.targets(799,5): message :       BeforeCompile;
       C:\Program Files\dotnet\sdk\10.0.102\Sdks\Microsoft.NET.Sdk\targets\Microsoft.NET.Sdk.targets(799,5): message :       _TimeStampBeforeCompile;
       C:\Program Files\dotnet\sdk\10.0.102\Sdks\Microsoft.NET.Sdk\targets\Microsoft.NET.Sdk.targets(799,5): message :       _GenerateCompileDependencyCache;
       C:\Program Files\dotnet\sdk\10.0.102\Sdks\Microsoft.NET.Sdk\targets\Microsoft.NET.Sdk.targets(799,5): message :       CoreCompile;
       C:\Program Files\dotnet\sdk\10.0.102\Sdks\Microsoft.NET.Sdk\targets\Microsoft.NET.Sdk.targets(799,5): message :       _TimeStampAfterCompile;
       C:\Program Files\dotnet\sdk\10.0.102\Sdks\Microsoft.NET.Sdk\targets\Microsoft.NET.Sdk.targets(799,5): message :       AfterCompile;
       C:\Program Files\dotnet\sdk\10.0.102\Sdks\Microsoft.NET.Sdk\targets\Microsoft.NET.Sdk.targets(799,5): message :     ") en C:\Program Files\dotnet\sdk\10.0.102\Sdks\Microsoft.NET.Sdk\targets\Microsoft.NET.Sdk.targets (799,5)
       C:\Program Files\dotnet\sdk\10.0.102\Sdks\Microsoft.NET.Sdk\targets\Microsoft.NET.Sdk.targets(1131,5): message : Reasignación de propiedad: $(CreateSatelliteAssembliesDependsOn)="
       C:\Program Files\dotnet\sdk\10.0.102\Sdks\Microsoft.NET.Sdk\targets\Microsoft.NET.Sdk.targets(1131,5): message :       
       C:\Program Files\dotnet\sdk\10.0.102\Sdks\Microsoft.NET.Sdk\targets\Microsoft.NET.Sdk.targets(1131,5): message :       ;
       C:\Program Files\dotnet\sdk\10.0.102\Sdks\Microsoft.NET.Sdk\targets\Microsoft.NET.Sdk.targets(1131,5): message :       _GenerateSatelliteAssemblyInputs;
       C:\Program Files\dotnet\sdk\10.0.102\Sdks\Microsoft.NET.Sdk\targets\Microsoft.NET.Sdk.targets(1131,5): message :       ComputeIntermediateSatelliteAssemblies;
       C:\Program Files\dotnet\sdk\10.0.102\Sdks\Microsoft.NET.Sdk\targets\Microsoft.NET.Sdk.targets(1131,5): message :       GenerateSatelliteAssemblies
       C:\Program Files\dotnet\sdk\10.0.102\Sdks\Microsoft.NET.Sdk\targets\Microsoft.NET.Sdk.targets(1131,5): message :     ;
       C:\Program Files\dotnet\sdk\10.0.102\Sdks\Microsoft.NET.Sdk\targets\Microsoft.NET.Sdk.targets(1131,5): message :       CoreGenerateSatelliteAssemblies
       C:\Program Files\dotnet\sdk\10.0.102\Sdks\Microsoft.NET.Sdk\targets\Microsoft.NET.Sdk.targets(1131,5): message :     " (valor anterior: "
       C:\Program Files\dotnet\sdk\10.0.102\Sdks\Microsoft.NET.Sdk\targets\Microsoft.NET.Sdk.targets(1131,5): message :       ;
       C:\Program Files\dotnet\sdk\10.0.102\Sdks\Microsoft.NET.Sdk\targets\Microsoft.NET.Sdk.targets(1131,5): message :       _GenerateSatelliteAssemblyInputs;
       C:\Program Files\dotnet\sdk\10.0.102\Sdks\Microsoft.NET.Sdk\targets\Microsoft.NET.Sdk.targets(1131,5): message :       ComputeIntermediateSatelliteAssemblies;
       C:\Program Files\dotnet\sdk\10.0.102\Sdks\Microsoft.NET.Sdk\targets\Microsoft.NET.Sdk.targets(1131,5): message :       GenerateSatelliteAssemblies
       C:\Program Files\dotnet\sdk\10.0.102\Sdks\Microsoft.NET.Sdk\targets\Microsoft.NET.Sdk.targets(1131,5): message :     ") en C:\Program Files\dotnet\sdk\10.0.102\Sdks\Microsoft.NET.Sdk\targets\Microsoft.NET.Sdk.targets (1131,5)
       C:\Program Files\dotnet\sdk\10.0.102\Sdks\Microsoft.SourceLink.GitLab\build\Microsoft.SourceLink.GitLab.targets(12,5): message : Reasignación de propiedad: $(SourceLinkUrlInitializerTargets)=";_InitializeGitHubSourceLinkUrl;_InitializeGitLabSourceLinkUrl" (valor anterior: ";_InitializeGitHubSourceLinkUrl") en C:\Program Files\dotnet\sdk\10.0.102\Sdks\Microsoft.SourceLink.GitLab\build\Microsoft.SourceLink.GitLab.targets (12,5)
       C:\Program Files\dotnet\sdk\10.0.102\Sdks\Microsoft.SourceLink.GitLab\build\Microsoft.SourceLink.GitLab.targets(13,5): message : Reasignación de propiedad: $(SourceControlManagerUrlTranslationTargets)=";TranslateGitHubUrlsInSourceControlInformation;TranslateGitLabUrlsInSourceControlInformation" (valor anterior: ";TranslateGitHubUrlsInSourceControlInformation") en C:\Program Files\dotnet\sdk\10.0.102\Sdks\Microsoft.SourceLink.GitLab\build\Microsoft.SourceLink.GitLab.targets (13,5)
       C:\Program Files\dotnet\sdk\10.0.102\Sdks\Microsoft.SourceLink.AzureRepos.Git\build\Microsoft.SourceLink.AzureRepos.Git.targets(12,5): message : Reasignación de propiedad: $(SourceLinkUrlInitializerTargets)=";_InitializeGitHubSourceLinkUrl;_InitializeGitLabSourceLinkUrl;_InitializeAzureReposGitSourceLinkUrl" (valor anterior: ";_InitializeGitHubSourceLinkUrl;_InitializeGitLabSourceLinkUrl") en C:\Program Files\dotnet\sdk\10.0.102\Sdks\Microsoft.SourceLink.AzureRepos.Git\build\Microsoft.SourceLink.AzureRepos.Git.targets (12,5)
       C:\Program Files\dotnet\sdk\10.0.102\Sdks\Microsoft.SourceLink.AzureRepos.Git\build\Microsoft.SourceLink.AzureRepos.Git.targets(13,5): message : Reasignación de propiedad: $(SourceControlManagerUrlTranslationTargets)=";TranslateGitHubUrlsInSourceControlInformation;TranslateGitLabUrlsInSourceControlInformation;TranslateAzureReposGitUrlsInSourceControlInformation" (valor anterior: ";TranslateGitHubUrlsInSourceControlInformation;TranslateGitLabUrlsInSourceControlInformation") en C:\Program Files\dotnet\sdk\10.0.102\Sdks\Microsoft.SourceLink.AzureRepos.Git\build\Microsoft.SourceLink.AzureRepos.Git.targets (13,5)
       C:\Program Files\dotnet\sdk\10.0.102\Sdks\Microsoft.SourceLink.Bitbucket.Git\build\Microsoft.SourceLink.Bitbucket.Git.targets(12,5): message : Reasignación de propiedad: $(SourceLinkUrlInitializerTargets)=";_InitializeGitHubSourceLinkUrl;_InitializeGitLabSourceLinkUrl;_InitializeAzureReposGitSourceLinkUrl;_InitializeBitbucketGitSourceLinkUrl" (valor anterior: ";_InitializeGitHubSourceLinkUrl;_InitializeGitLabSourceLinkUrl;_InitializeAzureReposGitSourceLinkUrl") en C:\Program Files\dotnet\sdk\10.0.102\Sdks\Microsoft.SourceLink.Bitbucket.Git\build\Microsoft.SourceLink.Bitbucket.Git.targets (12,5)
       C:\Program Files\dotnet\sdk\10.0.102\Sdks\Microsoft.SourceLink.Bitbucket.Git\build\Microsoft.SourceLink.Bitbucket.Git.targets(13,5): message : Reasignación de propiedad: $(SourceControlManagerUrlTranslationTargets)=";TranslateGitHubUrlsInSourceControlInformation;TranslateGitLabUrlsInSourceControlInformation;TranslateAzureReposGitUrlsInSourceControlInformation;TranslateBitbucketGitUrlsInSourceControlInformation" (valor anterior: ";TranslateGitHubUrlsInSourceControlInformation;TranslateGitLabUrlsInSourceControlInformation;TranslateAzureReposGitUrlsInSourceControlInformation") en C:\Program Files\dotnet\sdk\10.0.102\Sdks\Microsoft.SourceLink.Bitbucket.Git\build\Microsoft.SourceLink.Bitbucket.Git.targets (13,5)
       C:\Program Files\dotnet\sdk\10.0.102\Sdks\Microsoft.NET.Sdk\targets\Microsoft.NET.DesignerSupport.targets(21,5): message : Reasignación de propiedad: $(DesignerRuntimeImplementationProjectOutputGroupDependsOn)="
       C:\Program Files\dotnet\sdk\10.0.102\Sdks\Microsoft.NET.Sdk\targets\Microsoft.NET.DesignerSupport.targets(21,5): message :       
       C:\Program Files\dotnet\sdk\10.0.102\Sdks\Microsoft.NET.Sdk\targets\Microsoft.NET.DesignerSupport.targets(21,5): message :       ;
       C:\Program Files\dotnet\sdk\10.0.102\Sdks\Microsoft.NET.Sdk\targets\Microsoft.NET.DesignerSupport.targets(21,5): message :       
       C:\Program Files\dotnet\sdk\10.0.102\Sdks\Microsoft.NET.Sdk\targets\Microsoft.NET.DesignerSupport.targets(21,5): message :       ;
       C:\Program Files\dotnet\sdk\10.0.102\Sdks\Microsoft.NET.Sdk\targets\Microsoft.NET.DesignerSupport.targets(21,5): message :       BuildOnlySettings;
       C:\Program Files\dotnet\sdk\10.0.102\Sdks\Microsoft.NET.Sdk\targets\Microsoft.NET.DesignerSupport.targets(21,5): message :       PrepareForBuild;
       C:\Program Files\dotnet\sdk\10.0.102\Sdks\Microsoft.NET.Sdk\targets\Microsoft.NET.DesignerSupport.targets(21,5): message :       AssignTargetPaths;
       C:\Program Files\dotnet\sdk\10.0.102\Sdks\Microsoft.NET.Sdk\targets\Microsoft.NET.DesignerSupport.targets(21,5): message :       ResolveReferences
       C:\Program Files\dotnet\sdk\10.0.102\Sdks\Microsoft.NET.Sdk\targets\Microsoft.NET.DesignerSupport.targets(21,5): message :     
       C:\Program Files\dotnet\sdk\10.0.102\Sdks\Microsoft.NET.Sdk\targets\Microsoft.NET.DesignerSupport.targets(21,5): message :     ;
       C:\Program Files\dotnet\sdk\10.0.102\Sdks\Microsoft.NET.Sdk\targets\Microsoft.NET.DesignerSupport.targets(21,5): message :       _GenerateDesignerDepsFile;
       C:\Program Files\dotnet\sdk\10.0.102\Sdks\Microsoft.NET.Sdk\targets\Microsoft.NET.DesignerSupport.targets(21,5): message :       _GenerateDesignerRuntimeConfigFile;
       C:\Program Files\dotnet\sdk\10.0.102\Sdks\Microsoft.NET.Sdk\targets\Microsoft.NET.DesignerSupport.targets(21,5): message :       GetCopyToOutputDirectoryItems;
       C:\Program Files\dotnet\sdk\10.0.102\Sdks\Microsoft.NET.Sdk\targets\Microsoft.NET.DesignerSupport.targets(21,5): message :       _GatherDesignerShadowCopyFiles;
       C:\Program Files\dotnet\sdk\10.0.102\Sdks\Microsoft.NET.Sdk\targets\Microsoft.NET.DesignerSupport.targets(21,5): message :     " (valor anterior: "
       C:\Program Files\dotnet\sdk\10.0.102\Sdks\Microsoft.NET.Sdk\targets\Microsoft.NET.DesignerSupport.targets(21,5): message :       ;
       C:\Program Files\dotnet\sdk\10.0.102\Sdks\Microsoft.NET.Sdk\targets\Microsoft.NET.DesignerSupport.targets(21,5): message :       
       C:\Program Files\dotnet\sdk\10.0.102\Sdks\Microsoft.NET.Sdk\targets\Microsoft.NET.DesignerSupport.targets(21,5): message :       ;
       C:\Program Files\dotnet\sdk\10.0.102\Sdks\Microsoft.NET.Sdk\targets\Microsoft.NET.DesignerSupport.targets(21,5): message :       BuildOnlySettings;
       C:\Program Files\dotnet\sdk\10.0.102\Sdks\Microsoft.NET.Sdk\targets\Microsoft.NET.DesignerSupport.targets(21,5): message :       PrepareForBuild;
       C:\Program Files\dotnet\sdk\10.0.102\Sdks\Microsoft.NET.Sdk\targets\Microsoft.NET.DesignerSupport.targets(21,5): message :       AssignTargetPaths;
       C:\Program Files\dotnet\sdk\10.0.102\Sdks\Microsoft.NET.Sdk\targets\Microsoft.NET.DesignerSupport.targets(21,5): message :       ResolveReferences
       C:\Program Files\dotnet\sdk\10.0.102\Sdks\Microsoft.NET.Sdk\targets\Microsoft.NET.DesignerSupport.targets(21,5): message :     
       C:\Program Files\dotnet\sdk\10.0.102\Sdks\Microsoft.NET.Sdk\targets\Microsoft.NET.DesignerSupport.targets(21,5): message :     ") en C:\Program Files\dotnet\sdk\10.0.102\Sdks\Microsoft.NET.Sdk\targets\Microsoft.NET.DesignerSupport.targets (21,5)
       C:\Program Files\dotnet\sdk\10.0.102\Sdks\Microsoft.NET.Sdk\targets\Microsoft.NET.Sdk.CSharp.targets(31,5): message : Reasignación de propiedad: $(DefineConstants)="TRACE;DEBUG" (valor anterior: "TRACE") en C:\Program Files\dotnet\sdk\10.0.102\Sdks\Microsoft.NET.Sdk\targets\Microsoft.NET.Sdk.CSharp.targets (31,5)
       C:\Program Files\dotnet\sdk\10.0.102\Sdks\Microsoft.NET.Sdk\targets\Microsoft.NET.Sdk.CSharp.targets(45,5): message : Reasignación de propiedad: $(WarningsAsErrors)=";NU1605;SYSLIB0011" (valor anterior: ";NU1605") en C:\Program Files\dotnet\sdk\10.0.102\Sdks\Microsoft.NET.Sdk\targets\Microsoft.NET.Sdk.CSharp.targets (45,5)
       C:\Program Files\dotnet\sdk\10.0.102\Sdks\Microsoft.NET.Sdk\targets\Microsoft.NET.Windows.targets(49,5): message : Reasignación de propiedad: $(TargetPlatformVersion)="7.0" (valor anterior: "") en C:\Program Files\dotnet\sdk\10.0.102\Sdks\Microsoft.NET.Sdk\targets\Microsoft.NET.Windows.targets (49,5)
       C:\Program Files\dotnet\sdk\10.0.102\Sdks\Microsoft.NET.Sdk\targets\Microsoft.NET.Windows.targets(50,5): message : Reasignación de propiedad: $(EffectiveTargetPlatformVersion)="7.0" (valor anterior: "") en C:\Program Files\dotnet\sdk\10.0.102\Sdks\Microsoft.NET.Sdk\targets\Microsoft.NET.Windows.targets (50,5)
       C:\Program Files\dotnet\sdk\10.0.102\Sdks\Microsoft.NET.Sdk\targets\Microsoft.NET.Windows.targets(60,5): message : Reasignación de propiedad: $(SupportedOSPlatformVersion)="7.0" (valor anterior: "") en C:\Program Files\dotnet\sdk\10.0.102\Sdks\Microsoft.NET.Sdk\targets\Microsoft.NET.Windows.targets (60,5)
       C:\Program Files\dotnet\sdk\10.0.102\Sdks\Microsoft.NET.Sdk\targets\Microsoft.NET.Windows.targets(61,5): message : Reasignación de propiedad: $(TargetPlatformMinVersion)="7.0" (valor anterior: "") en C:\Program Files\dotnet\sdk\10.0.102\Sdks\Microsoft.NET.Sdk\targets\Microsoft.NET.Windows.targets (61,5)
       C:\Program Files\dotnet\sdk\10.0.102\Sdks\Microsoft.NET.Sdk\targets\Microsoft.NET.Windows.targets(239,5): message : Reasignación de propiedad: $(_RunCsWinRTGeneratorPropertyInputsCachePath)="C:\Users\AlexM\OneDrive\Desktop\ABCD 2\CuadroMagicoApp\obj\Debug\net10.0-windows\CuadroMagicoApp.cswinrtgen.cache" (valor anterior: "obj\Debug\net10.0-windows\CuadroMagicoApp.cswinrtgen.cache") en C:\Program Files\dotnet\sdk\10.0.102\Sdks\Microsoft.NET.Sdk\targets\Microsoft.NET.Windows.targets (239,5)
       C:\Program Files\dotnet\sdk\10.0.102\Sdks\Microsoft.NET.Sdk\targets\Microsoft.NET.Sdk.targets(1497,5): message : Reasignación de propiedad: $(TargetPlatformDisplayName)="Windows 7.0" (valor anterior: "Windows ") en C:\Program Files\dotnet\sdk\10.0.102\Sdks\Microsoft.NET.Sdk\targets\Microsoft.NET.Sdk.targets (1497,5)
       C:\Program Files\dotnet\sdk\10.0.102\Sdks\Microsoft.NET.Sdk.WindowsDesktop\targets\Microsoft.NET.Sdk.WindowsDesktop.targets(51,5): message : Reasignación de propiedad: $(_TargetFrameworkVersionValue)="10.0" (valor anterior: "0.0") en C:\Program Files\dotnet\sdk\10.0.102\Sdks\Microsoft.NET.Sdk.WindowsDesktop\targets\Microsoft.NET.Sdk.WindowsDesktop.targets (51,5)
       C:\Program Files\dotnet\sdk\10.0.102\Sdks\Microsoft.NET.Sdk.WindowsDesktop\targets\Microsoft.WinFX.targets(61,7): message : Reasignación de propiedad: $(PrepareResourceNamesDependsOn)="
       C:\Program Files\dotnet\sdk\10.0.102\Sdks\Microsoft.NET.Sdk.WindowsDesktop\targets\Microsoft.WinFX.targets(61,7): message :                     AssignWinFXEmbeddedResource;
       C:\Program Files\dotnet\sdk\10.0.102\Sdks\Microsoft.NET.Sdk.WindowsDesktop\targets\Microsoft.WinFX.targets(61,7): message :                     
       C:\Program Files\dotnet\sdk\10.0.102\Sdks\Microsoft.NET.Sdk.WindowsDesktop\targets\Microsoft.WinFX.targets(61,7): message :       AssignTargetPaths;
       C:\Program Files\dotnet\sdk\10.0.102\Sdks\Microsoft.NET.Sdk.WindowsDesktop\targets\Microsoft.WinFX.targets(61,7): message :       SplitResourcesByCulture;
       C:\Program Files\dotnet\sdk\10.0.102\Sdks\Microsoft.NET.Sdk.WindowsDesktop\targets\Microsoft.WinFX.targets(61,7): message :       CreateManifestResourceNames;
       C:\Program Files\dotnet\sdk\10.0.102\Sdks\Microsoft.NET.Sdk.WindowsDesktop\targets\Microsoft.WinFX.targets(61,7): message :       CreateCustomManifestResourceNames
       C:\Program Files\dotnet\sdk\10.0.102\Sdks\Microsoft.NET.Sdk.WindowsDesktop\targets\Microsoft.WinFX.targets(61,7): message :     
       C:\Program Files\dotnet\sdk\10.0.102\Sdks\Microsoft.NET.Sdk.WindowsDesktop\targets\Microsoft.WinFX.targets(61,7): message :       " (valor anterior: "
       C:\Program Files\dotnet\sdk\10.0.102\Sdks\Microsoft.NET.Sdk.WindowsDesktop\targets\Microsoft.WinFX.targets(61,7): message :       AssignTargetPaths;
       C:\Program Files\dotnet\sdk\10.0.102\Sdks\Microsoft.NET.Sdk.WindowsDesktop\targets\Microsoft.WinFX.targets(61,7): message :       SplitResourcesByCulture;
       C:\Program Files\dotnet\sdk\10.0.102\Sdks\Microsoft.NET.Sdk.WindowsDesktop\targets\Microsoft.WinFX.targets(61,7): message :       CreateManifestResourceNames;
       C:\Program Files\dotnet\sdk\10.0.102\Sdks\Microsoft.NET.Sdk.WindowsDesktop\targets\Microsoft.WinFX.targets(61,7): message :       CreateCustomManifestResourceNames
       C:\Program Files\dotnet\sdk\10.0.102\Sdks\Microsoft.NET.Sdk.WindowsDesktop\targets\Microsoft.WinFX.targets(61,7): message :     ") en C:\Program Files\dotnet\sdk\10.0.102\Sdks\Microsoft.NET.Sdk.WindowsDesktop\targets\Microsoft.WinFX.targets (61,7)
       C:\Program Files\dotnet\sdk\10.0.102\Sdks\Microsoft.NET.Sdk.WindowsDesktop\targets\Microsoft.WinFX.targets(69,7): message : Reasignación de propiedad: $(PrepareResourcesDependsOn)="
       C:\Program Files\dotnet\sdk\10.0.102\Sdks\Microsoft.NET.Sdk.WindowsDesktop\targets\Microsoft.WinFX.targets(69,7): message :                 MarkupCompilePass1;
       C:\Program Files\dotnet\sdk\10.0.102\Sdks\Microsoft.NET.Sdk.WindowsDesktop\targets\Microsoft.WinFX.targets(69,7): message :                 AfterMarkupCompilePass1;
       C:\Program Files\dotnet\sdk\10.0.102\Sdks\Microsoft.NET.Sdk.WindowsDesktop\targets\Microsoft.WinFX.targets(69,7): message :                 MarkupCompilePass2ForMainAssembly;
       C:\Program Files\dotnet\sdk\10.0.102\Sdks\Microsoft.NET.Sdk.WindowsDesktop\targets\Microsoft.WinFX.targets(69,7): message :                 FileClassification;
       C:\Program Files\dotnet\sdk\10.0.102\Sdks\Microsoft.NET.Sdk.WindowsDesktop\targets\Microsoft.WinFX.targets(69,7): message :                 MainResourcesGeneration;
       C:\Program Files\dotnet\sdk\10.0.102\Sdks\Microsoft.NET.Sdk.WindowsDesktop\targets\Microsoft.WinFX.targets(69,7): message :                 
       C:\Program Files\dotnet\sdk\10.0.102\Sdks\Microsoft.NET.Sdk.WindowsDesktop\targets\Microsoft.WinFX.targets(69,7): message :       ResolvePackageDependenciesForBuild;
       C:\Program Files\dotnet\sdk\10.0.102\Sdks\Microsoft.NET.Sdk.WindowsDesktop\targets\Microsoft.WinFX.targets(69,7): message :       _HandlePackageFileConflicts;
       C:\Program Files\dotnet\sdk\10.0.102\Sdks\Microsoft.NET.Sdk.WindowsDesktop\targets\Microsoft.WinFX.targets(69,7): message :       
       C:\Program Files\dotnet\sdk\10.0.102\Sdks\Microsoft.NET.Sdk.WindowsDesktop\targets\Microsoft.WinFX.targets(69,7): message :       ;
       C:\Program Files\dotnet\sdk\10.0.102\Sdks\Microsoft.NET.Sdk.WindowsDesktop\targets\Microsoft.WinFX.targets(69,7): message :       PrepareResourceNames;
       C:\Program Files\dotnet\sdk\10.0.102\Sdks\Microsoft.NET.Sdk.WindowsDesktop\targets\Microsoft.WinFX.targets(69,7): message :       ResGen;
       C:\Program Files\dotnet\sdk\10.0.102\Sdks\Microsoft.NET.Sdk.WindowsDesktop\targets\Microsoft.WinFX.targets(69,7): message :       CompileLicxFiles
       C:\Program Files\dotnet\sdk\10.0.102\Sdks\Microsoft.NET.Sdk.WindowsDesktop\targets\Microsoft.WinFX.targets(69,7): message :     
       C:\Program Files\dotnet\sdk\10.0.102\Sdks\Microsoft.NET.Sdk.WindowsDesktop\targets\Microsoft.WinFX.targets(69,7): message :     
       C:\Program Files\dotnet\sdk\10.0.102\Sdks\Microsoft.NET.Sdk.WindowsDesktop\targets\Microsoft.WinFX.targets(69,7): message :       " (valor anterior: "
       C:\Program Files\dotnet\sdk\10.0.102\Sdks\Microsoft.NET.Sdk.WindowsDesktop\targets\Microsoft.WinFX.targets(69,7): message :       ResolvePackageDependenciesForBuild;
       C:\Program Files\dotnet\sdk\10.0.102\Sdks\Microsoft.NET.Sdk.WindowsDesktop\targets\Microsoft.WinFX.targets(69,7): message :       _HandlePackageFileConflicts;
       C:\Program Files\dotnet\sdk\10.0.102\Sdks\Microsoft.NET.Sdk.WindowsDesktop\targets\Microsoft.WinFX.targets(69,7): message :       
       C:\Program Files\dotnet\sdk\10.0.102\Sdks\Microsoft.NET.Sdk.WindowsDesktop\targets\Microsoft.WinFX.targets(69,7): message :       ;
       C:\Program Files\dotnet\sdk\10.0.102\Sdks\Microsoft.NET.Sdk.WindowsDesktop\targets\Microsoft.WinFX.targets(69,7): message :       PrepareResourceNames;
       C:\Program Files\dotnet\sdk\10.0.102\Sdks\Microsoft.NET.Sdk.WindowsDesktop\targets\Microsoft.WinFX.targets(69,7): message :       ResGen;
       C:\Program Files\dotnet\sdk\10.0.102\Sdks\Microsoft.NET.Sdk.WindowsDesktop\targets\Microsoft.WinFX.targets(69,7): message :       CompileLicxFiles
       C:\Program Files\dotnet\sdk\10.0.102\Sdks\Microsoft.NET.Sdk.WindowsDesktop\targets\Microsoft.WinFX.targets(69,7): message :     
       C:\Program Files\dotnet\sdk\10.0.102\Sdks\Microsoft.NET.Sdk.WindowsDesktop\targets\Microsoft.WinFX.targets(69,7): message :     ") en C:\Program Files\dotnet\sdk\10.0.102\Sdks\Microsoft.NET.Sdk.WindowsDesktop\targets\Microsoft.WinFX.targets (69,7)
       C:\Program Files\dotnet\sdk\10.0.102\Sdks\Microsoft.NET.Sdk.WindowsDesktop\targets\Microsoft.WinFX.targets(136,5): message : Reasignación de propiedad: $(CompileDependsOn)="
       C:\Program Files\dotnet\sdk\10.0.102\Sdks\Microsoft.NET.Sdk.WindowsDesktop\targets\Microsoft.WinFX.targets(136,5): message :         
       C:\Program Files\dotnet\sdk\10.0.102\Sdks\Microsoft.NET.Sdk.WindowsDesktop\targets\Microsoft.WinFX.targets(136,5): message :       
       C:\Program Files\dotnet\sdk\10.0.102\Sdks\Microsoft.NET.Sdk.WindowsDesktop\targets\Microsoft.WinFX.targets(136,5): message :       ResolveReferences;
       C:\Program Files\dotnet\sdk\10.0.102\Sdks\Microsoft.NET.Sdk.WindowsDesktop\targets\Microsoft.WinFX.targets(136,5): message :       ResolveKeySource;
       C:\Program Files\dotnet\sdk\10.0.102\Sdks\Microsoft.NET.Sdk.WindowsDesktop\targets\Microsoft.WinFX.targets(136,5): message :       SetWin32ManifestProperties;
       C:\Program Files\dotnet\sdk\10.0.102\Sdks\Microsoft.NET.Sdk.WindowsDesktop\targets\Microsoft.WinFX.targets(136,5): message :       _SetPreferNativeArm64Win32ManifestProperties;
       C:\Program Files\dotnet\sdk\10.0.102\Sdks\Microsoft.NET.Sdk.WindowsDesktop\targets\Microsoft.WinFX.targets(136,5): message :       FindReferenceAssembliesForReferences;
       C:\Program Files\dotnet\sdk\10.0.102\Sdks\Microsoft.NET.Sdk.WindowsDesktop\targets\Microsoft.WinFX.targets(136,5): message :       _GenerateCompileInputs;
       C:\Program Files\dotnet\sdk\10.0.102\Sdks\Microsoft.NET.Sdk.WindowsDesktop\targets\Microsoft.WinFX.targets(136,5): message :       BeforeCompile;
       C:\Program Files\dotnet\sdk\10.0.102\Sdks\Microsoft.NET.Sdk.WindowsDesktop\targets\Microsoft.WinFX.targets(136,5): message :       _TimeStampBeforeCompile;
       C:\Program Files\dotnet\sdk\10.0.102\Sdks\Microsoft.NET.Sdk.WindowsDesktop\targets\Microsoft.WinFX.targets(136,5): message :       _GenerateCompileDependencyCache;
       C:\Program Files\dotnet\sdk\10.0.102\Sdks\Microsoft.NET.Sdk.WindowsDesktop\targets\Microsoft.WinFX.targets(136,5): message :       CoreCompile;
       C:\Program Files\dotnet\sdk\10.0.102\Sdks\Microsoft.NET.Sdk.WindowsDesktop\targets\Microsoft.WinFX.targets(136,5): message :       _TimeStampAfterCompile;
       C:\Program Files\dotnet\sdk\10.0.102\Sdks\Microsoft.NET.Sdk.WindowsDesktop\targets\Microsoft.WinFX.targets(136,5): message :       AfterCompile;
       C:\Program Files\dotnet\sdk\10.0.102\Sdks\Microsoft.NET.Sdk.WindowsDesktop\targets\Microsoft.WinFX.targets(136,5): message :     ;
       C:\Program Files\dotnet\sdk\10.0.102\Sdks\Microsoft.NET.Sdk.WindowsDesktop\targets\Microsoft.WinFX.targets(136,5): message :       _CreateAppHost;
       C:\Program Files\dotnet\sdk\10.0.102\Sdks\Microsoft.NET.Sdk.WindowsDesktop\targets\Microsoft.WinFX.targets(136,5): message :       _CreateComHost;
       C:\Program Files\dotnet\sdk\10.0.102\Sdks\Microsoft.NET.Sdk.WindowsDesktop\targets\Microsoft.WinFX.targets(136,5): message :       _GetIjwHostPaths;
       C:\Program Files\dotnet\sdk\10.0.102\Sdks\Microsoft.NET.Sdk.WindowsDesktop\targets\Microsoft.WinFX.targets(136,5): message :     ;
       C:\Program Files\dotnet\sdk\10.0.102\Sdks\Microsoft.NET.Sdk.WindowsDesktop\targets\Microsoft.WinFX.targets(136,5): message :         _AfterCompileWinFXInternal
       C:\Program Files\dotnet\sdk\10.0.102\Sdks\Microsoft.NET.Sdk.WindowsDesktop\targets\Microsoft.WinFX.targets(136,5): message :     " (valor anterior: "
       C:\Program Files\dotnet\sdk\10.0.102\Sdks\Microsoft.NET.Sdk.WindowsDesktop\targets\Microsoft.WinFX.targets(136,5): message :       
       C:\Program Files\dotnet\sdk\10.0.102\Sdks\Microsoft.NET.Sdk.WindowsDesktop\targets\Microsoft.WinFX.targets(136,5): message :       ResolveReferences;
       C:\Program Files\dotnet\sdk\10.0.102\Sdks\Microsoft.NET.Sdk.WindowsDesktop\targets\Microsoft.WinFX.targets(136,5): message :       ResolveKeySource;
       C:\Program Files\dotnet\sdk\10.0.102\Sdks\Microsoft.NET.Sdk.WindowsDesktop\targets\Microsoft.WinFX.targets(136,5): message :       SetWin32ManifestProperties;
       C:\Program Files\dotnet\sdk\10.0.102\Sdks\Microsoft.NET.Sdk.WindowsDesktop\targets\Microsoft.WinFX.targets(136,5): message :       _SetPreferNativeArm64Win32ManifestProperties;
       C:\Program Files\dotnet\sdk\10.0.102\Sdks\Microsoft.NET.Sdk.WindowsDesktop\targets\Microsoft.WinFX.targets(136,5): message :       FindReferenceAssembliesForReferences;
       C:\Program Files\dotnet\sdk\10.0.102\Sdks\Microsoft.NET.Sdk.WindowsDesktop\targets\Microsoft.WinFX.targets(136,5): message :       _GenerateCompileInputs;
       C:\Program Files\dotnet\sdk\10.0.102\Sdks\Microsoft.NET.Sdk.WindowsDesktop\targets\Microsoft.WinFX.targets(136,5): message :       BeforeCompile;
       C:\Program Files\dotnet\sdk\10.0.102\Sdks\Microsoft.NET.Sdk.WindowsDesktop\targets\Microsoft.WinFX.targets(136,5): message :       _TimeStampBeforeCompile;
       C:\Program Files\dotnet\sdk\10.0.102\Sdks\Microsoft.NET.Sdk.WindowsDesktop\targets\Microsoft.WinFX.targets(136,5): message :       _GenerateCompileDependencyCache;
       C:\Program Files\dotnet\sdk\10.0.102\Sdks\Microsoft.NET.Sdk.WindowsDesktop\targets\Microsoft.WinFX.targets(136,5): message :       CoreCompile;
       C:\Program Files\dotnet\sdk\10.0.102\Sdks\Microsoft.NET.Sdk.WindowsDesktop\targets\Microsoft.WinFX.targets(136,5): message :       _TimeStampAfterCompile;
       C:\Program Files\dotnet\sdk\10.0.102\Sdks\Microsoft.NET.Sdk.WindowsDesktop\targets\Microsoft.WinFX.targets(136,5): message :       AfterCompile;
       C:\Program Files\dotnet\sdk\10.0.102\Sdks\Microsoft.NET.Sdk.WindowsDesktop\targets\Microsoft.WinFX.targets(136,5): message :     ;
       C:\Program Files\dotnet\sdk\10.0.102\Sdks\Microsoft.NET.Sdk.WindowsDesktop\targets\Microsoft.WinFX.targets(136,5): message :       _CreateAppHost;
       C:\Program Files\dotnet\sdk\10.0.102\Sdks\Microsoft.NET.Sdk.WindowsDesktop\targets\Microsoft.WinFX.targets(136,5): message :       _CreateComHost;
       C:\Program Files\dotnet\sdk\10.0.102\Sdks\Microsoft.NET.Sdk.WindowsDesktop\targets\Microsoft.WinFX.targets(136,5): message :       _GetIjwHostPaths;
       C:\Program Files\dotnet\sdk\10.0.102\Sdks\Microsoft.NET.Sdk.WindowsDesktop\targets\Microsoft.WinFX.targets(136,5): message :     ") en C:\Program Files\dotnet\sdk\10.0.102\Sdks\Microsoft.NET.Sdk.WindowsDesktop\targets\Microsoft.WinFX.targets (136,5)
       C:\Program Files\dotnet\sdk\10.0.102\Sdks\Microsoft.NET.Sdk.WindowsDesktop\targets\Microsoft.WinFX.targets(803,9): message : Reasignación de propiedad: $(PublishBuildDependsOn)="
       C:\Program Files\dotnet\sdk\10.0.102\Sdks\Microsoft.NET.Sdk.WindowsDesktop\targets\Microsoft.WinFX.targets(803,9): message :             BuildOnlySettings;
       C:\Program Files\dotnet\sdk\10.0.102\Sdks\Microsoft.NET.Sdk.WindowsDesktop\targets\Microsoft.WinFX.targets(803,9): message :             PrepareForBuild;
       C:\Program Files\dotnet\sdk\10.0.102\Sdks\Microsoft.NET.Sdk.WindowsDesktop\targets\Microsoft.WinFX.targets(803,9): message :             ResolveReferences;
       C:\Program Files\dotnet\sdk\10.0.102\Sdks\Microsoft.NET.Sdk.WindowsDesktop\targets\Microsoft.WinFX.targets(803,9): message :             PrepareResources;
       C:\Program Files\dotnet\sdk\10.0.102\Sdks\Microsoft.NET.Sdk.WindowsDesktop\targets\Microsoft.WinFX.targets(803,9): message :             ResolveKeySource;
       C:\Program Files\dotnet\sdk\10.0.102\Sdks\Microsoft.NET.Sdk.WindowsDesktop\targets\Microsoft.WinFX.targets(803,9): message :             PrepareResourcesForSatelliteAssemblies;
       C:\Program Files\dotnet\sdk\10.0.102\Sdks\Microsoft.NET.Sdk.WindowsDesktop\targets\Microsoft.WinFX.targets(803,9): message :             GenerateSerializationAssemblies;
       C:\Program Files\dotnet\sdk\10.0.102\Sdks\Microsoft.NET.Sdk.WindowsDesktop\targets\Microsoft.WinFX.targets(803,9): message :             CreateSatelliteAssemblies;
       C:\Program Files\dotnet\sdk\10.0.102\Sdks\Microsoft.NET.Sdk.WindowsDesktop\targets\Microsoft.WinFX.targets(803,9): message :         " (valor anterior: "
       C:\Program Files\dotnet\sdk\10.0.102\Sdks\Microsoft.NET.Sdk.WindowsDesktop\targets\Microsoft.WinFX.targets(803,9): message :       BuildOnlySettings;
       C:\Program Files\dotnet\sdk\10.0.102\Sdks\Microsoft.NET.Sdk.WindowsDesktop\targets\Microsoft.WinFX.targets(803,9): message :       PrepareForBuild;
       C:\Program Files\dotnet\sdk\10.0.102\Sdks\Microsoft.NET.Sdk.WindowsDesktop\targets\Microsoft.WinFX.targets(803,9): message :       ResolveReferences;
       C:\Program Files\dotnet\sdk\10.0.102\Sdks\Microsoft.NET.Sdk.WindowsDesktop\targets\Microsoft.WinFX.targets(803,9): message :       PrepareResources;
       C:\Program Files\dotnet\sdk\10.0.102\Sdks\Microsoft.NET.Sdk.WindowsDesktop\targets\Microsoft.WinFX.targets(803,9): message :       ResolveKeySource;
       C:\Program Files\dotnet\sdk\10.0.102\Sdks\Microsoft.NET.Sdk.WindowsDesktop\targets\Microsoft.WinFX.targets(803,9): message :       GenerateSerializationAssemblies;
       C:\Program Files\dotnet\sdk\10.0.102\Sdks\Microsoft.NET.Sdk.WindowsDesktop\targets\Microsoft.WinFX.targets(803,9): message :       CreateSatelliteAssemblies;
       C:\Program Files\dotnet\sdk\10.0.102\Sdks\Microsoft.NET.Sdk.WindowsDesktop\targets\Microsoft.WinFX.targets(803,9): message :     ") en C:\Program Files\dotnet\sdk\10.0.102\Sdks\Microsoft.NET.Sdk.WindowsDesktop\targets\Microsoft.WinFX.targets (803,9)
       C:\Program Files\dotnet\sdk\10.0.102\NuGet.Build.Tasks.Pack.targets(34,5): message : Reasignación de propiedad: $(PackageDescription)="Package Description" (valor anterior: "") en C:\Program Files\dotnet\sdk\10.0.102\NuGet.Build.Tasks.Pack.targets (34,5)
       C:\Program Files\dotnet\sdk\10.0.102\NuGet.Build.Tasks.Pack.targets(59,5): message : Reasignación de propiedad: $(GenerateNuspecDependsOn)="Build;_LoadPackInputItems; _GetTargetFrameworksOutput; _WalkEachTargetPerFramework; _GetPackageFiles; " (valor anterior: "_LoadPackInputItems; _GetTargetFrameworksOutput; _WalkEachTargetPerFramework; _GetPackageFiles; ") en C:\Program Files\dotnet\sdk\10.0.102\NuGet.Build.Tasks.Pack.targets (59,5)
       C:\Program Files\dotnet\sdk\10.0.102\Sdks\Microsoft.NET.Sdk\Sdk\Sdk.targets(59,5): message : Reasignación de propiedad: $(_IsNotSetContainersTargetsDir)="true" (valor anterior: "false") en C:\Program Files\dotnet\sdk\10.0.102\Sdks\Microsoft.NET.Sdk\Sdk\Sdk.targets (59,5)
       C:\Program Files\dotnet\sdk\10.0.102\Containers\build\Microsoft.NET.Build.Containers.targets(5,5): message : Reasignación de propiedad: $(_IsSDKContainerAllowedVersion)="true" (valor anterior: "false") en C:\Program Files\dotnet\sdk\10.0.102\Containers\build\Microsoft.NET.Build.Containers.targets (5,5)
       C:\Program Files\dotnet\sdk\10.0.102\Containers\build\Microsoft.NET.Build.Containers.targets(15,5): message : Reasignación de propiedad: $(_ContainerIsTargetingNet8TFM)="true" (valor anterior: "false") en C:\Program Files\dotnet\sdk\10.0.102\Containers\build\Microsoft.NET.Build.Containers.targets (15,5)
       Invalidando el destino "ResolveFrameworkReferences" del proyecto"C:\Program Files\dotnet\sdk\10.0.102\Microsoft.Common.CurrentVersion.targets" con el destino "ResolveFrameworkReferences" del proyecto "C:\Program Files\dotnet\sdk\10.0.102\Sdks\Microsoft.NET.Sdk\targets\Microsoft.NET.Sdk.FrameworkReferenceResolution.targets".
       Invalidando el destino "GenerateSupportedTargetFrameworkAlias" del proyecto"C:\Program Files\dotnet\sdk\10.0.102\Microsoft.Common.CurrentVersion.targets" con el destino "GenerateSupportedTargetFrameworkAlias" del proyecto "C:\Program Files\dotnet\sdk\10.0.102\Sdks\Microsoft.NET.Sdk\targets\Microsoft.NET.Sdk.targets".
       Invalidando el destino "GetReferenceAssemblyPaths" del proyecto"C:\Program Files\dotnet\sdk\10.0.102\Microsoft.Common.CurrentVersion.targets" con el destino "GetReferenceAssemblyPaths" del proyecto "C:\Program Files\dotnet\sdk\10.0.102\Sdks\Microsoft.NET.Sdk\targets\Microsoft.NET.DisableStandardFrameworkResolution.targets".
       Invalidando el destino "GetFrameworkPaths" del proyecto"C:\Program Files\dotnet\sdk\10.0.102\Microsoft.Common.CurrentVersion.targets" con el destino "GetFrameworkPaths" del proyecto "C:\Program Files\dotnet\sdk\10.0.102\Sdks\Microsoft.NET.Sdk\targets\Microsoft.NET.DisableStandardFrameworkResolution.targets".
       Invalidando el destino "DesignerRuntimeImplementationProjectOutputGroup" del proyecto"C:\Program Files\dotnet\sdk\10.0.102\Microsoft.Common.CurrentVersion.targets" con el destino "DesignerRuntimeImplementationProjectOutputGroup" del proyecto "C:\Program Files\dotnet\sdk\10.0.102\Sdks\Microsoft.NET.Sdk\targets\Microsoft.NET.DesignerSupport.targets".
       Invalidando el destino "Publish" del proyecto"C:\Program Files\dotnet\sdk\10.0.102\Microsoft.Common.CurrentVersion.targets" con el destino "Publish" del proyecto "C:\Program Files\dotnet\sdk\10.0.102\Sdks\Microsoft.NET.Sdk\targets\Microsoft.NET.Publish.targets".
       Invalidando el destino "ResolveReadyToRunCompilers" del proyecto"C:\Program Files\dotnet\sdk\10.0.102\Sdks\Microsoft.NET.Sdk\targets\Microsoft.NET.CrossGen.targets" con el destino "ResolveReadyToRunCompilers" del proyecto "C:\Program Files\dotnet\sdk\10.0.102\Sdks\Microsoft.NET.Sdk\targets\Microsoft.NET.Publish.targets".
       Invalidando el destino "GetCopyToPublishDirectoryItems" del proyecto"C:\Program Files\dotnet\sdk\10.0.102\Microsoft.Common.CurrentVersion.targets" con el destino "GetCopyToPublishDirectoryItems" del proyecto "C:\Program Files\dotnet\sdk\10.0.102\Sdks\Microsoft.NET.Sdk\targets\Microsoft.NET.Publish.targets".
       Invalidando el destino "Run" del proyecto"C:\Program Files\dotnet\sdk\10.0.102\Microsoft.Common.CurrentVersion.targets" con el destino "Run" del proyecto "C:\Program Files\dotnet\sdk\10.0.102\Sdks\Microsoft.NET.Sdk\targets\Microsoft.NET.Sdk.targets".
       Invalidando el destino "SatelliteDllsProjectOutputGroup" del proyecto"C:\Program Files\dotnet\sdk\10.0.102\Microsoft.Common.CurrentVersion.targets" con el destino "SatelliteDllsProjectOutputGroup" del proyecto "C:\Program Files\dotnet\sdk\10.0.102\Sdks\Microsoft.NET.Sdk.WindowsDesktop\targets\Microsoft.WinFX.targets".
     1>Proyecto "C:\Users\AlexM\OneDrive\Desktop\ABCD 2\CuadroMagicoApp\CuadroMagicoApp.csproj" en el nodo 1 (Restore destinos).
     1>Destino "_LoadRestoreGraphEntryPoints" en el archivo "C:\Program Files\dotnet\sdk\10.0.102\NuGet.targets" del proyecto "C:\Users\AlexM\OneDrive\Desktop\ABCD 2\CuadroMagicoApp\CuadroMagicoApp.csproj" (el destino "_FilterRestoreGraphProjectInputItems" depende de él):
     1>Compilación terminada del destino "_LoadRestoreGraphEntryPoints" en el proyecto "CuadroMagicoApp.csproj".
     1>Destino "_FilterRestoreGraphProjectInputItems" en el archivo "C:\Program Files\dotnet\sdk\10.0.102\NuGet.targets" del proyecto "C:\Users\AlexM\OneDrive\Desktop\ABCD 2\CuadroMagicoApp\CuadroMagicoApp.csproj" (el destino "_GenerateRestoreGraph" depende de él):
       Usando la tarea "RemoveDuplicates" del ensamblado "Microsoft.Build.Tasks.Core, Version=15.1.0.0, Culture=neutral, PublicKeyToken=b03f5f7f11d50a3a".
       Tarea "RemoveDuplicates"
       Ejecución de la tarea "RemoveDuplicates" terminada.
       Usando la tarea "MSBuild" del ensamblado "Microsoft.Build.Tasks.Core, Version=15.1.0.0, Culture=neutral, PublicKeyToken=b03f5f7f11d50a3a".
       Tarea "MSBuild"
         Propiedades globales:
           ExcludeRestorePackageImports=true
     0>C:\Program Files\dotnet\sdk\10.0.102\Sdks\Microsoft.NET.Sdk\Sdk\Sdk.props(49,11): message : Propiedad "MSBuildExtensionsPath" con el valor "C:\Program Files\dotnet\sdk\10.0.102\" expandido desde el entorno.
       C:\Program Files\dotnet\sdk\10.0.102\Current\Microsoft.Common.props(60,5): message : Reasignación de propiedad: $(MSBuildProjectExtensionsPath)="C:\Users\AlexM\OneDrive\Desktop\ABCD 2\CuadroMagicoApp\obj\" (valor anterior: "obj\") en C:\Program Files\dotnet\sdk\10.0.102\Current\Microsoft.Common.props (60,5)
       C:\Program Files\dotnet\sdk\10.0.102\Current\Microsoft.Common.props(84,119): message : Propiedad "MSBuildUserExtensionsPath" con el valor "C:\Users\AlexM\AppData\Local\Microsoft\MSBuild" expandido desde el entorno.
       C:\Program Files\dotnet\sdk\10.0.102\Sdks\Microsoft.NET.Sdk\targets\Microsoft.NET.Sdk.props(90,5): message : Reasignación de propiedad: $(AssemblySearchPaths)="{CandidateAssemblyFiles};{HintPathFromItem}" (valor anterior: "{CandidateAssemblyFiles}") en C:\Program Files\dotnet\sdk\10.0.102\Sdks\Microsoft.NET.Sdk\targets\Microsoft.NET.Sdk.props (90,5)
       C:\Program Files\dotnet\sdk\10.0.102\Sdks\Microsoft.NET.Sdk\targets\Microsoft.NET.Sdk.props(91,5): message : Reasignación de propiedad: $(AssemblySearchPaths)="{CandidateAssemblyFiles};{HintPathFromItem};{TargetFrameworkDirectory}" (valor anterior: "{CandidateAssemblyFiles};{HintPathFromItem}") en C:\Program Files\dotnet\sdk\10.0.102\Sdks\Microsoft.NET.Sdk\targets\Microsoft.NET.Sdk.props (91,5)
       C:\Program Files\dotnet\sdk\10.0.102\Sdks\Microsoft.NET.Sdk\targets\Microsoft.NET.Sdk.props(92,5): message : Reasignación de propiedad: $(AssemblySearchPaths)="{CandidateAssemblyFiles};{HintPathFromItem};{TargetFrameworkDirectory};{RawFileName}" (valor anterior: "{CandidateAssemblyFiles};{HintPathFromItem};{TargetFrameworkDirectory}") en C:\Program Files\dotnet\sdk\10.0.102\Sdks\Microsoft.NET.Sdk\targets\Microsoft.NET.Sdk.props (92,5)
       C:\Users\AlexM\OneDrive\Desktop\ABCD 2\CuadroMagicoApp\CuadroMagicoApp.csproj(4,5): message : Reasignación de propiedad: $(OutputType)="WinExe" (valor anterior: "Library") en C:\Users\AlexM\OneDrive\Desktop\ABCD 2\CuadroMagicoApp\CuadroMagicoApp.csproj (4,5)
       C:\Program Files\dotnet\sdk\10.0.102\Sdks\Microsoft.NET.Sdk\targets\Microsoft.NET.Sdk.ImportPublishProfile.targets(28,5): message : Reasignación de propiedad: $(PublishProfileImported)="false" (valor anterior: "true") en C:\Program Files\dotnet\sdk\10.0.102\Sdks\Microsoft.NET.Sdk\targets\Microsoft.NET.Sdk.ImportPublishProfile.targets (28,5)
       C:\Program Files\dotnet\sdk\10.0.102\Sdks\Microsoft.NET.Sdk\targets\Microsoft.NET.TargetFrameworkInference.targets(80,5): message : Reasignación de propiedad: $(TargetPlatformVersion)="0.0" (valor anterior: "0.0.0.0") en C:\Program Files\dotnet\sdk\10.0.102\Sdks\Microsoft.NET.Sdk\targets\Microsoft.NET.TargetFrameworkInference.targets (80,5)
       C:\Program Files\dotnet\sdk\10.0.102\Sdks\Microsoft.NET.Sdk\targets\Microsoft.NET.TargetFrameworkInference.targets(81,5): message : Reasignación de propiedad: $(TargetPlatformVersion)="" (valor anterior: "0.0") en C:\Program Files\dotnet\sdk\10.0.102\Sdks\Microsoft.NET.Sdk\targets\Microsoft.NET.TargetFrameworkInference.targets (81,5)
       C:\Program Files\dotnet\sdk\10.0.102\Sdks\Microsoft.NET.Sdk\targets\Microsoft.NET.TargetFrameworkInference.targets(84,5): message : Reasignación de propiedad: $(TargetPlatformIdentifier)="Windows" (valor anterior: "windows") en C:\Program Files\dotnet\sdk\10.0.102\Sdks\Microsoft.NET.Sdk\targets\Microsoft.NET.TargetFrameworkInference.targets (84,5)
       C:\Program Files\dotnet\sdk\10.0.102\Sdks\Microsoft.NET.Sdk\targets\Microsoft.NET.DefaultOutputPaths.targets(127,5): message : Reasignación de propiedad: $(DefaultItemExcludes)=";bin\Debug\/**;obj\Debug\/**" (valor anterior: ";bin\Debug\/**") en C:\Program Files\dotnet\sdk\10.0.102\Sdks\Microsoft.NET.Sdk\targets\Microsoft.NET.DefaultOutputPaths.targets (127,5)
       C:\Program Files\dotnet\sdk\10.0.102\Sdks\Microsoft.NET.Sdk\targets\Microsoft.NET.DefaultOutputPaths.targets(142,5): message : Reasignación de propiedad: $(OutputPath)="bin\Debug\net10.0-windows\" (valor anterior: "bin\Debug\") en C:\Program Files\dotnet\sdk\10.0.102\Sdks\Microsoft.NET.Sdk\targets\Microsoft.NET.DefaultOutputPaths.targets (142,5)
       C:\Program Files\dotnet\sdk\10.0.102\Sdks\Microsoft.NET.Sdk\targets\Microsoft.NET.DefaultOutputPaths.targets(147,5): message : Reasignación de propiedad: $(IntermediateOutputPath)="obj\Debug\net10.0-windows\" (valor anterior: "obj\Debug\") en C:\Program Files\dotnet\sdk\10.0.102\Sdks\Microsoft.NET.Sdk\targets\Microsoft.NET.DefaultOutputPaths.targets (147,5)
       C:\Program Files\dotnet\sdk\10.0.102\Sdks\Microsoft.NET.Sdk\targets\Microsoft.NET.Sdk.BeforeCommon.targets(371,5): message : Reasignación de propiedad: $(RoslynTargetsPath)="C:\Program Files\dotnet\sdk\10.0.102\Sdks\Microsoft.NET.Sdk\targets\..\..\..\Roslyn" (valor anterior: "C:\Program Files\dotnet\sdk\10.0.102\Roslyn") en C:\Program Files\dotnet\sdk\10.0.102\Sdks\Microsoft.NET.Sdk\targets\Microsoft.NET.Sdk.BeforeCommon.targets (371,5)
       C:\Program Files\dotnet\sdk\10.0.102\Roslyn\Microsoft.Managed.Core.targets(6,5): message : Reasignación de propiedad: $(_BuildTasksDirectory)="C:\Program Files\dotnet\sdk\10.0.102\Sdks\Microsoft.NET.Sdk\targets\..\..\..\Roslyn\" (valor anterior: "C:\Program Files\dotnet\sdk\10.0.102\Roslyn\") en C:\Program Files\dotnet\sdk\10.0.102\Roslyn\Microsoft.Managed.Core.targets (6,5)
       C:\Program Files\dotnet\sdk\10.0.102\Roslyn\Microsoft.CSharp.Core.targets(200,5): message : Reasignación de propiedad: $(CommandLineArgsForDesignTimeEvaluation)="-langversion:14.0 -define:TRACE" (valor anterior: "-langversion:14.0") en C:\Program Files\dotnet\sdk\10.0.102\Roslyn\Microsoft.CSharp.Core.targets (200,5)
       C:\Program Files\dotnet\sdk\10.0.102\Microsoft.Common.CurrentVersion.targets(175,5): message : Reasignación de propiedad: $(_DebugSymbolsProduced)="true" (valor anterior: "false") en C:\Program Files\dotnet\sdk\10.0.102\Microsoft.Common.CurrentVersion.targets (175,5)
       C:\Program Files\dotnet\sdk\10.0.102\Microsoft.Common.CurrentVersion.targets(185,5): message : Reasignación de propiedad: $(_DocumentationFileProduced)="false" (valor anterior: "true") en C:\Program Files\dotnet\sdk\10.0.102\Microsoft.Common.CurrentVersion.targets (185,5)
       C:\Program Files\dotnet\sdk\10.0.102\Microsoft.Common.CurrentVersion.targets(392,5): message : Reasignación de propiedad: $(MSBuildCopyMarkerName)="CuadroMa.1AE55115" (valor anterior: "CuadroMagicoApp.csproj") en C:\Program Files\dotnet\sdk\10.0.102\Microsoft.Common.CurrentVersion.targets (392,5)
       C:\Program Files\dotnet\sdk\10.0.102\Microsoft.Common.CurrentVersion.targets(393,5): message : Reasignación de propiedad: $(MSBuildCopyMarkerName)="CuadroMa.1AE55115.Up2Date" (valor anterior: "CuadroMa.1AE55115") en C:\Program Files\dotnet\sdk\10.0.102\Microsoft.Common.CurrentVersion.targets (393,5)
       C:\Program Files\dotnet\sdk\10.0.102\Microsoft.Common.CurrentVersion.targets(541,5): message : Reasignación de propiedad: $(ProcessorArchitecture)="msil" (valor anterior: "") en C:\Program Files\dotnet\sdk\10.0.102\Microsoft.Common.CurrentVersion.targets (541,5)
       C:\Program Files\dotnet\sdk\10.0.102\Microsoft.Common.CurrentVersion.targets(580,5): message : Reasignación de propiedad: $(DelaySign)="" (valor anterior: "false") en C:\Program Files\dotnet\sdk\10.0.102\Microsoft.Common.CurrentVersion.targets (580,5)
       C:\Program Files\dotnet\sdk\10.0.102\Microsoft.Common.CurrentVersion.targets(2606,5): message : Propiedad "LOCALAPPDATA" con el valor "C:\Users\AlexM\AppData\Local" expandido desde el entorno.
       C:\Program Files\dotnet\sdk\10.0.102\Microsoft.Common.CurrentVersion.targets(3934,5): message : Reasignación de propiedad: $(_SGenGenerateSerializationAssembliesConfig)="Auto" (valor anterior: "") en C:\Program Files\dotnet\sdk\10.0.102\Microsoft.Common.CurrentVersion.targets (3934,5)
       C:\Program Files\dotnet\sdk\10.0.102\Microsoft.Common.CurrentVersion.targets(3935,5): message : Reasignación de propiedad: $(_SGenGenerateSerializationAssembliesConfig)="Off" (valor anterior: "Auto") en C:\Program Files\dotnet\sdk\10.0.102\Microsoft.Common.CurrentVersion.targets (3935,5)
       C:\Program Files\dotnet\sdk\10.0.102\Microsoft.Common.CurrentVersion.targets(5146,5): message : Reasignación de propiedad: $(_TargetsThatPrepareProjectReferences)="
       C:\Program Files\dotnet\sdk\10.0.102\Microsoft.Common.CurrentVersion.targets(5146,5): message :       AssignProjectConfiguration;
       C:\Program Files\dotnet\sdk\10.0.102\Microsoft.Common.CurrentVersion.targets(5146,5): message :       _SplitProjectReferencesByFileExistence
       C:\Program Files\dotnet\sdk\10.0.102\Microsoft.Common.CurrentVersion.targets(5146,5): message :     " (valor anterior: "_SplitProjectReferencesByFileExistence") en C:\Program Files\dotnet\sdk\10.0.102\Microsoft.Common.CurrentVersion.targets (5146,5)
       C:\Program Files\dotnet\sdk\10.0.102\Microsoft.Common.CurrentVersion.targets(6959,5): message : Propiedad "MSBuildExtensionsPath32" con el valor "C:\Program Files\dotnet\sdk\10.0.102" expandido desde el entorno.
       La propiedad "NuGetInteractive" es global y no se puede modificar.
       C:\Program Files\dotnet\sdk\10.0.102\Sdks\Microsoft.NET.Sdk\targets\Microsoft.PackageDependencyResolution.targets(24,5): message : Reasignación de propiedad: $(ProjectAssetsFile)="C:\Users\AlexM\OneDrive\Desktop\ABCD 2\CuadroMagicoApp\obj\project.assets.json" (valor anterior: "C:\Users\AlexM\OneDrive\Desktop\ABCD 2\CuadroMagicoApp\obj\/project.assets.json") en C:\Program Files\dotnet\sdk\10.0.102\Sdks\Microsoft.NET.Sdk\targets\Microsoft.PackageDependencyResolution.targets (24,5)
       C:\Program Files\dotnet\sdk\10.0.102\Sdks\Microsoft.NET.Sdk\targets\Microsoft.PackageDependencyResolution.targets(29,5): message : Reasignación de propiedad: $(ProjectAssetsCacheFile)="C:\Users\AlexM\OneDrive\Desktop\ABCD 2\CuadroMagicoApp\obj\Debug\net10.0-windows\CuadroMagicoApp.assets.cache" (valor anterior: "obj\Debug\net10.0-windows\CuadroMagicoApp.assets.cache") en C:\Program Files\dotnet\sdk\10.0.102\Sdks\Microsoft.NET.Sdk\targets\Microsoft.PackageDependencyResolution.targets (29,5)
       C:\Program Files\dotnet\sdk\10.0.102\Sdks\Microsoft.NET.Sdk\targets\Microsoft.PackageDependencyResolution.targets(80,5): message : Reasignación de propiedad: $(ResolveAssemblyReferencesDependsOn)="
       C:\Program Files\dotnet\sdk\10.0.102\Sdks\Microsoft.NET.Sdk\targets\Microsoft.PackageDependencyResolution.targets(80,5): message :       
       C:\Program Files\dotnet\sdk\10.0.102\Sdks\Microsoft.NET.Sdk\targets\Microsoft.PackageDependencyResolution.targets(80,5): message :       ResolveProjectReferences;
       C:\Program Files\dotnet\sdk\10.0.102\Sdks\Microsoft.NET.Sdk\targets\Microsoft.PackageDependencyResolution.targets(80,5): message :       FindInvalidProjectReferences;
       C:\Program Files\dotnet\sdk\10.0.102\Sdks\Microsoft.NET.Sdk\targets\Microsoft.PackageDependencyResolution.targets(80,5): message :       GetFrameworkPaths;
       C:\Program Files\dotnet\sdk\10.0.102\Sdks\Microsoft.NET.Sdk\targets\Microsoft.PackageDependencyResolution.targets(80,5): message :       GetReferenceAssemblyPaths;
       C:\Program Files\dotnet\sdk\10.0.102\Sdks\Microsoft.NET.Sdk\targets\Microsoft.PackageDependencyResolution.targets(80,5): message :       PrepareForBuild;
       C:\Program Files\dotnet\sdk\10.0.102\Sdks\Microsoft.NET.Sdk\targets\Microsoft.PackageDependencyResolution.targets(80,5): message :       ResolveSDKReferences;
       C:\Program Files\dotnet\sdk\10.0.102\Sdks\Microsoft.NET.Sdk\targets\Microsoft.PackageDependencyResolution.targets(80,5): message :       ExpandSDKReferences;
       C:\Program Files\dotnet\sdk\10.0.102\Sdks\Microsoft.NET.Sdk\targets\Microsoft.PackageDependencyResolution.targets(80,5): message :     ;
       C:\Program Files\dotnet\sdk\10.0.102\Sdks\Microsoft.NET.Sdk\targets\Microsoft.PackageDependencyResolution.targets(80,5): message :       ResolvePackageDependenciesForBuild;
       C:\Program Files\dotnet\sdk\10.0.102\Sdks\Microsoft.NET.Sdk\targets\Microsoft.PackageDependencyResolution.targets(80,5): message :       _HandlePackageFileConflicts;
       C:\Program Files\dotnet\sdk\10.0.102\Sdks\Microsoft.NET.Sdk\targets\Microsoft.PackageDependencyResolution.targets(80,5): message :     " (valor anterior: "
       C:\Program Files\dotnet\sdk\10.0.102\Sdks\Microsoft.NET.Sdk\targets\Microsoft.PackageDependencyResolution.targets(80,5): message :       ResolveProjectReferences;
       C:\Program Files\dotnet\sdk\10.0.102\Sdks\Microsoft.NET.Sdk\targets\Microsoft.PackageDependencyResolution.targets(80,5): message :       FindInvalidProjectReferences;
       C:\Program Files\dotnet\sdk\10.0.102\Sdks\Microsoft.NET.Sdk\targets\Microsoft.PackageDependencyResolution.targets(80,5): message :       GetFrameworkPaths;
       C:\Program Files\dotnet\sdk\10.0.102\Sdks\Microsoft.NET.Sdk\targets\Microsoft.PackageDependencyResolution.targets(80,5): message :       GetReferenceAssemblyPaths;
       C:\Program Files\dotnet\sdk\10.0.102\Sdks\Microsoft.NET.Sdk\targets\Microsoft.PackageDependencyResolution.targets(80,5): message :       PrepareForBuild;
       C:\Program Files\dotnet\sdk\10.0.102\Sdks\Microsoft.NET.Sdk\targets\Microsoft.PackageDependencyResolution.targets(80,5): message :       ResolveSDKReferences;
       C:\Program Files\dotnet\sdk\10.0.102\Sdks\Microsoft.NET.Sdk\targets\Microsoft.PackageDependencyResolution.targets(80,5): message :       ExpandSDKReferences;
       C:\Program Files\dotnet\sdk\10.0.102\Sdks\Microsoft.NET.Sdk\targets\Microsoft.PackageDependencyResolution.targets(80,5): message :     ") en C:\Program Files\dotnet\sdk\10.0.102\Sdks\Microsoft.NET.Sdk\targets\Microsoft.PackageDependencyResolution.targets (80,5)
       C:\Program Files\dotnet\sdk\10.0.102\Sdks\Microsoft.NET.Sdk\targets\Microsoft.PackageDependencyResolution.targets(86,5): message : Reasignación de propiedad: $(PrepareResourcesDependsOn)="
       C:\Program Files\dotnet\sdk\10.0.102\Sdks\Microsoft.NET.Sdk\targets\Microsoft.PackageDependencyResolution.targets(86,5): message :       ResolvePackageDependenciesForBuild;
       C:\Program Files\dotnet\sdk\10.0.102\Sdks\Microsoft.NET.Sdk\targets\Microsoft.PackageDependencyResolution.targets(86,5): message :       _HandlePackageFileConflicts;
       C:\Program Files\dotnet\sdk\10.0.102\Sdks\Microsoft.NET.Sdk\targets\Microsoft.PackageDependencyResolution.targets(86,5): message :       
       C:\Program Files\dotnet\sdk\10.0.102\Sdks\Microsoft.NET.Sdk\targets\Microsoft.PackageDependencyResolution.targets(86,5): message :       ;
       C:\Program Files\dotnet\sdk\10.0.102\Sdks\Microsoft.NET.Sdk\targets\Microsoft.PackageDependencyResolution.targets(86,5): message :       PrepareResourceNames;
       C:\Program Files\dotnet\sdk\10.0.102\Sdks\Microsoft.NET.Sdk\targets\Microsoft.PackageDependencyResolution.targets(86,5): message :       ResGen;
       C:\Program Files\dotnet\sdk\10.0.102\Sdks\Microsoft.NET.Sdk\targets\Microsoft.PackageDependencyResolution.targets(86,5): message :       CompileLicxFiles
       C:\Program Files\dotnet\sdk\10.0.102\Sdks\Microsoft.NET.Sdk\targets\Microsoft.PackageDependencyResolution.targets(86,5): message :     
       C:\Program Files\dotnet\sdk\10.0.102\Sdks\Microsoft.NET.Sdk\targets\Microsoft.PackageDependencyResolution.targets(86,5): message :     " (valor anterior: "
       C:\Program Files\dotnet\sdk\10.0.102\Sdks\Microsoft.NET.Sdk\targets\Microsoft.PackageDependencyResolution.targets(86,5): message :       ;
       C:\Program Files\dotnet\sdk\10.0.102\Sdks\Microsoft.NET.Sdk\targets\Microsoft.PackageDependencyResolution.targets(86,5): message :       PrepareResourceNames;
       C:\Program Files\dotnet\sdk\10.0.102\Sdks\Microsoft.NET.Sdk\targets\Microsoft.PackageDependencyResolution.targets(86,5): message :       ResGen;
       C:\Program Files\dotnet\sdk\10.0.102\Sdks\Microsoft.NET.Sdk\targets\Microsoft.PackageDependencyResolution.targets(86,5): message :       CompileLicxFiles
       C:\Program Files\dotnet\sdk\10.0.102\Sdks\Microsoft.NET.Sdk\targets\Microsoft.PackageDependencyResolution.targets(86,5): message :     ") en C:\Program Files\dotnet\sdk\10.0.102\Sdks\Microsoft.NET.Sdk\targets\Microsoft.PackageDependencyResolution.targets (86,5)
       La propiedad "EnableDefaultCompileItems" es global y no se puede modificar.
       La propiedad "EnableDefaultEmbeddedResourceItems" es global y no se puede modificar.
       La propiedad "EnableDefaultNoneItems" es global y no se puede modificar.
       C:\Program Files\dotnet\sdk\10.0.102\Sdks\Microsoft.NET.Sdk\targets\Microsoft.NET.Sdk.DefaultItems.targets(35,5): message : Reasignación de propiedad: $(DefaultItemExcludes)=";bin\Debug\/**;obj\Debug\/**;bin\/**" (valor anterior: ";bin\Debug\/**;obj\Debug\/**") en C:\Program Files\dotnet\sdk\10.0.102\Sdks\Microsoft.NET.Sdk\targets\Microsoft.NET.Sdk.DefaultItems.targets (35,5)
       C:\Program Files\dotnet\sdk\10.0.102\Sdks\Microsoft.NET.Sdk\targets\Microsoft.NET.Sdk.DefaultItems.targets(37,5): message : Reasignación de propiedad: $(DefaultItemExcludes)=";bin\Debug\/**;obj\Debug\/**;bin\/**;obj\/**" (valor anterior: ";bin\Debug\/**;obj\Debug\/**;bin\/**") en C:\Program Files\dotnet\sdk\10.0.102\Sdks\Microsoft.NET.Sdk\targets\Microsoft.NET.Sdk.DefaultItems.targets (37,5)
       C:\Program Files\dotnet\sdk\10.0.102\Sdks\Microsoft.NET.Sdk\targets\Microsoft.NET.Sdk.DefaultItems.targets(40,5): message : Reasignación de propiedad: $(DefaultItemExcludes)=";bin\Debug\/**;obj\Debug\/**;bin\/**;obj\/**;**/*.user" (valor anterior: ";bin\Debug\/**;obj\Debug\/**;bin\/**;obj\/**") en C:\Program Files\dotnet\sdk\10.0.102\Sdks\Microsoft.NET.Sdk\targets\Microsoft.NET.Sdk.DefaultItems.targets (40,5)
       C:\Program Files\dotnet\sdk\10.0.102\Sdks\Microsoft.NET.Sdk\targets\Microsoft.NET.Sdk.DefaultItems.targets(41,5): message : Reasignación de propiedad: $(DefaultItemExcludes)=";bin\Debug\/**;obj\Debug\/**;bin\/**;obj\/**;**/*.user;**/*.*proj" (valor anterior: ";bin\Debug\/**;obj\Debug\/**;bin\/**;obj\/**;**/*.user") en C:\Program Files\dotnet\sdk\10.0.102\Sdks\Microsoft.NET.Sdk\targets\Microsoft.NET.Sdk.DefaultItems.targets (41,5)
       C:\Program Files\dotnet\sdk\10.0.102\Sdks\Microsoft.NET.Sdk\targets\Microsoft.NET.Sdk.DefaultItems.targets(42,5): message : Reasignación de propiedad: $(DefaultItemExcludes)=";bin\Debug\/**;obj\Debug\/**;bin\/**;obj\/**;**/*.user;**/*.*proj;**/*.sln" (valor anterior: ";bin\Debug\/**;obj\Debug\/**;bin\/**;obj\/**;**/*.user;**/*.*proj") en C:\Program Files\dotnet\sdk\10.0.102\Sdks\Microsoft.NET.Sdk\targets\Microsoft.NET.Sdk.DefaultItems.targets (42,5)
       C:\Program Files\dotnet\sdk\10.0.102\Sdks\Microsoft.NET.Sdk\targets\Microsoft.NET.Sdk.DefaultItems.targets(43,5): message : Reasignación de propiedad: $(DefaultItemExcludes)=";bin\Debug\/**;obj\Debug\/**;bin\/**;obj\/**;**/*.user;**/*.*proj;**/*.sln;**/*.slnx" (valor anterior: ";bin\Debug\/**;obj\Debug\/**;bin\/**;obj\/**;**/*.user;**/*.*proj;**/*.sln") en C:\Program Files\dotnet\sdk\10.0.102\Sdks\Microsoft.NET.Sdk\targets\Microsoft.NET.Sdk.DefaultItems.targets (43,5)
       C:\Program Files\dotnet\sdk\10.0.102\Sdks\Microsoft.NET.Sdk\targets\Microsoft.NET.Sdk.DefaultItems.targets(44,5): message : Reasignación de propiedad: $(DefaultItemExcludes)=";bin\Debug\/**;obj\Debug\/**;bin\/**;obj\/**;**/*.user;**/*.*proj;**/*.sln;**/*.slnx;**/*.vssscc" (valor anterior: ";bin\Debug\/**;obj\Debug\/**;bin\/**;obj\/**;**/*.user;**/*.*proj;**/*.sln;**/*.slnx") en C:\Program Files\dotnet\sdk\10.0.102\Sdks\Microsoft.NET.Sdk\targets\Microsoft.NET.Sdk.DefaultItems.targets (44,5)
       C:\Program Files\dotnet\sdk\10.0.102\Sdks\Microsoft.NET.Sdk\targets\Microsoft.NET.Sdk.DefaultItems.targets(45,5): message : Reasignación de propiedad: $(DefaultItemExcludes)=";bin\Debug\/**;obj\Debug\/**;bin\/**;obj\/**;**/*.user;**/*.*proj;**/*.sln;**/*.slnx;**/*.vssscc;**/.DS_Store" (valor anterior: ";bin\Debug\/**;obj\Debug\/**;bin\/**;obj\/**;**/*.user;**/*.*proj;**/*.sln;**/*.slnx;**/*.vssscc") en C:\Program Files\dotnet\sdk\10.0.102\Sdks\Microsoft.NET.Sdk\targets\Microsoft.NET.Sdk.DefaultItems.targets (45,5)
       C:\Program Files\dotnet\sdk\10.0.102\Sdks\Microsoft.NET.Sdk\targets\Microsoft.NET.Sdk.FrameworkReferenceResolution.targets(14,5): message : Reasignación de propiedad: $(ResolveAssemblyReferencesDependsOn)="
       C:\Program Files\dotnet\sdk\10.0.102\Sdks\Microsoft.NET.Sdk\targets\Microsoft.NET.Sdk.FrameworkReferenceResolution.targets(14,5): message :       
       C:\Program Files\dotnet\sdk\10.0.102\Sdks\Microsoft.NET.Sdk\targets\Microsoft.NET.Sdk.FrameworkReferenceResolution.targets(14,5): message :       
       C:\Program Files\dotnet\sdk\10.0.102\Sdks\Microsoft.NET.Sdk\targets\Microsoft.NET.Sdk.FrameworkReferenceResolution.targets(14,5): message :       ResolveProjectReferences;
       C:\Program Files\dotnet\sdk\10.0.102\Sdks\Microsoft.NET.Sdk\targets\Microsoft.NET.Sdk.FrameworkReferenceResolution.targets(14,5): message :       FindInvalidProjectReferences;
       C:\Program Files\dotnet\sdk\10.0.102\Sdks\Microsoft.NET.Sdk\targets\Microsoft.NET.Sdk.FrameworkReferenceResolution.targets(14,5): message :       GetFrameworkPaths;
       C:\Program Files\dotnet\sdk\10.0.102\Sdks\Microsoft.NET.Sdk\targets\Microsoft.NET.Sdk.FrameworkReferenceResolution.targets(14,5): message :       GetReferenceAssemblyPaths;
       C:\Program Files\dotnet\sdk\10.0.102\Sdks\Microsoft.NET.Sdk\targets\Microsoft.NET.Sdk.FrameworkReferenceResolution.targets(14,5): message :       PrepareForBuild;
       C:\Program Files\dotnet\sdk\10.0.102\Sdks\Microsoft.NET.Sdk\targets\Microsoft.NET.Sdk.FrameworkReferenceResolution.targets(14,5): message :       ResolveSDKReferences;
       C:\Program Files\dotnet\sdk\10.0.102\Sdks\Microsoft.NET.Sdk\targets\Microsoft.NET.Sdk.FrameworkReferenceResolution.targets(14,5): message :       ExpandSDKReferences;
       C:\Program Files\dotnet\sdk\10.0.102\Sdks\Microsoft.NET.Sdk\targets\Microsoft.NET.Sdk.FrameworkReferenceResolution.targets(14,5): message :     ;
       C:\Program Files\dotnet\sdk\10.0.102\Sdks\Microsoft.NET.Sdk\targets\Microsoft.NET.Sdk.FrameworkReferenceResolution.targets(14,5): message :       ResolvePackageDependenciesForBuild;
       C:\Program Files\dotnet\sdk\10.0.102\Sdks\Microsoft.NET.Sdk\targets\Microsoft.NET.Sdk.FrameworkReferenceResolution.targets(14,5): message :       _HandlePackageFileConflicts;
       C:\Program Files\dotnet\sdk\10.0.102\Sdks\Microsoft.NET.Sdk\targets\Microsoft.NET.Sdk.FrameworkReferenceResolution.targets(14,5): message :     ;
       C:\Program Files\dotnet\sdk\10.0.102\Sdks\Microsoft.NET.Sdk\targets\Microsoft.NET.Sdk.FrameworkReferenceResolution.targets(14,5): message :       ResolveTargetingPackAssets;
       C:\Program Files\dotnet\sdk\10.0.102\Sdks\Microsoft.NET.Sdk\targets\Microsoft.NET.Sdk.FrameworkReferenceResolution.targets(14,5): message :     " (valor anterior: "
       C:\Program Files\dotnet\sdk\10.0.102\Sdks\Microsoft.NET.Sdk\targets\Microsoft.NET.Sdk.FrameworkReferenceResolution.targets(14,5): message :       
       C:\Program Files\dotnet\sdk\10.0.102\Sdks\Microsoft.NET.Sdk\targets\Microsoft.NET.Sdk.FrameworkReferenceResolution.targets(14,5): message :       ResolveProjectReferences;
       C:\Program Files\dotnet\sdk\10.0.102\Sdks\Microsoft.NET.Sdk\targets\Microsoft.NET.Sdk.FrameworkReferenceResolution.targets(14,5): message :       FindInvalidProjectReferences;
       C:\Program Files\dotnet\sdk\10.0.102\Sdks\Microsoft.NET.Sdk\targets\Microsoft.NET.Sdk.FrameworkReferenceResolution.targets(14,5): message :       GetFrameworkPaths;
       C:\Program Files\dotnet\sdk\10.0.102\Sdks\Microsoft.NET.Sdk\targets\Microsoft.NET.Sdk.FrameworkReferenceResolution.targets(14,5): message :       GetReferenceAssemblyPaths;
       C:\Program Files\dotnet\sdk\10.0.102\Sdks\Microsoft.NET.Sdk\targets\Microsoft.NET.Sdk.FrameworkReferenceResolution.targets(14,5): message :       PrepareForBuild;
       C:\Program Files\dotnet\sdk\10.0.102\Sdks\Microsoft.NET.Sdk\targets\Microsoft.NET.Sdk.FrameworkReferenceResolution.targets(14,5): message :       ResolveSDKReferences;
       C:\Program Files\dotnet\sdk\10.0.102\Sdks\Microsoft.NET.Sdk\targets\Microsoft.NET.Sdk.FrameworkReferenceResolution.targets(14,5): message :       ExpandSDKReferences;
       C:\Program Files\dotnet\sdk\10.0.102\Sdks\Microsoft.NET.Sdk\targets\Microsoft.NET.Sdk.FrameworkReferenceResolution.targets(14,5): message :     ;
       C:\Program Files\dotnet\sdk\10.0.102\Sdks\Microsoft.NET.Sdk\targets\Microsoft.NET.Sdk.FrameworkReferenceResolution.targets(14,5): message :       ResolvePackageDependenciesForBuild;
       C:\Program Files\dotnet\sdk\10.0.102\Sdks\Microsoft.NET.Sdk\targets\Microsoft.NET.Sdk.FrameworkReferenceResolution.targets(14,5): message :       _HandlePackageFileConflicts;
       C:\Program Files\dotnet\sdk\10.0.102\Sdks\Microsoft.NET.Sdk\targets\Microsoft.NET.Sdk.FrameworkReferenceResolution.targets(14,5): message :     ") en C:\Program Files\dotnet\sdk\10.0.102\Sdks\Microsoft.NET.Sdk\targets\Microsoft.NET.Sdk.FrameworkReferenceResolution.targets (14,5)
       C:\Program Files\dotnet\sdk\10.0.102\Sdks\Microsoft.NET.Sdk\targets\Microsoft.NET.Sdk.targets(44,5): message : Reasignación de propiedad: $(_GenerateRuntimeConfigurationPropertyInputsCache)="C:\Users\AlexM\OneDrive\Desktop\ABCD 2\CuadroMagicoApp\obj\Debug\net10.0-windows\CuadroMagicoApp.genruntimeconfig.cache" (valor anterior: "obj\Debug\net10.0-windows\CuadroMagicoApp.genruntimeconfig.cache") en C:\Program Files\dotnet\sdk\10.0.102\Sdks\Microsoft.NET.Sdk\targets\Microsoft.NET.Sdk.targets (44,5)
       C:\Program Files\dotnet\sdk\10.0.102\Sdks\Microsoft.NET.Sdk\targets\Microsoft.NET.Sdk.targets(46,5): message : Reasignación de propiedad: $(_GeneratePublishDependencyFilePropertyInputsCache)="C:\Users\AlexM\OneDrive\Desktop\ABCD 2\CuadroMagicoApp\obj\Debug\net10.0-windows\CuadroMagicoApp.genpublishdeps.cache" (valor anterior: "obj\Debug\net10.0-windows\CuadroMagicoApp.genpublishdeps.cache") en C:\Program Files\dotnet\sdk\10.0.102\Sdks\Microsoft.NET.Sdk\targets\Microsoft.NET.Sdk.targets (46,5)
       C:\Program Files\dotnet\sdk\10.0.102\Sdks\Microsoft.NET.Sdk\targets\Microsoft.NET.Sdk.targets(48,5): message : Reasignación de propiedad: $(_GenerateSingleFileBundlePropertyInputsCache)="C:\Users\AlexM\OneDrive\Desktop\ABCD 2\CuadroMagicoApp\obj\Debug\net10.0-windows\CuadroMagicoApp.genbundle.cache" (valor anterior: "obj\Debug\net10.0-windows\CuadroMagicoApp.genbundle.cache") en C:\Program Files\dotnet\sdk\10.0.102\Sdks\Microsoft.NET.Sdk\targets\Microsoft.NET.Sdk.targets (48,5)
       C:\Program Files\dotnet\sdk\10.0.102\Sdks\Microsoft.NET.Sdk\targets\Microsoft.NET.Sdk.targets(81,5): message : Reasignación de propiedad: $(GenerateRuntimeConfigDevFile)="false" (valor anterior: "true") en C:\Program Files\dotnet\sdk\10.0.102\Sdks\Microsoft.NET.Sdk\targets\Microsoft.NET.Sdk.targets (81,5)
       C:\Program Files\dotnet\sdk\10.0.102\Sdks\Microsoft.NET.Sdk\targets\Microsoft.NET.Sdk.targets(97,5): message : Propiedad "HOME" con el valor "C:\Users\AlexM" expandido desde el entorno.
       C:\Program Files\dotnet\sdk\10.0.102\Sdks\Microsoft.NET.Sdk\targets\Microsoft.NET.Sdk.targets(98,5): message : Propiedad "USERPROFILE" con el valor "C:\Users\AlexM" expandido desde el entorno.
       C:\Program Files\dotnet\sdk\10.0.102\Sdks\Microsoft.NET.Sdk\targets\Microsoft.NET.Sdk.targets(99,5): message : Reasignación de propiedad: $(_DefaultUserProfileRuntimeStorePath)="C:\Users\AlexM\.dotnet\store" (valor anterior: "C:\Users\AlexM") en C:\Program Files\dotnet\sdk\10.0.102\Sdks\Microsoft.NET.Sdk\targets\Microsoft.NET.Sdk.targets (99,5)
       C:\Program Files\dotnet\sdk\10.0.102\Sdks\Microsoft.NET.Sdk\targets\Microsoft.NET.Sdk.targets(144,5): message : Reasignación de propiedad: $(AvailablePlatforms)="Any CPU,x86,x64,ARM32" (valor anterior: "Any CPU,x86,x64") en C:\Program Files\dotnet\sdk\10.0.102\Sdks\Microsoft.NET.Sdk\targets\Microsoft.NET.Sdk.targets (144,5)
       C:\Program Files\dotnet\sdk\10.0.102\Sdks\Microsoft.NET.Sdk\targets\Microsoft.NET.Sdk.targets(148,5): message : Reasignación de propiedad: $(AvailablePlatforms)="Any CPU,x86,x64,ARM32,ARM64" (valor anterior: "Any CPU,x86,x64,ARM32") en C:\Program Files\dotnet\sdk\10.0.102\Sdks\Microsoft.NET.Sdk\targets\Microsoft.NET.Sdk.targets (148,5)
       C:\Program Files\dotnet\sdk\10.0.102\Sdks\Microsoft.NET.Sdk\targets\Microsoft.NET.Sdk.targets(204,5): message : Reasignación de propiedad: $(CoreBuildDependsOn)="
       C:\Program Files\dotnet\sdk\10.0.102\Sdks\Microsoft.NET.Sdk\targets\Microsoft.NET.Sdk.targets(204,5): message :       _CheckForBuildWithNoBuild;
       C:\Program Files\dotnet\sdk\10.0.102\Sdks\Microsoft.NET.Sdk\targets\Microsoft.NET.Sdk.targets(204,5): message :       
       C:\Program Files\dotnet\sdk\10.0.102\Sdks\Microsoft.NET.Sdk\targets\Microsoft.NET.Sdk.targets(204,5): message :       BuildOnlySettings;
       C:\Program Files\dotnet\sdk\10.0.102\Sdks\Microsoft.NET.Sdk\targets\Microsoft.NET.Sdk.targets(204,5): message :       PrepareForBuild;
       C:\Program Files\dotnet\sdk\10.0.102\Sdks\Microsoft.NET.Sdk\targets\Microsoft.NET.Sdk.targets(204,5): message :       PreBuildEvent;
       C:\Program Files\dotnet\sdk\10.0.102\Sdks\Microsoft.NET.Sdk\targets\Microsoft.NET.Sdk.targets(204,5): message :       ResolveReferences;
       C:\Program Files\dotnet\sdk\10.0.102\Sdks\Microsoft.NET.Sdk\targets\Microsoft.NET.Sdk.targets(204,5): message :       PrepareResources;
       C:\Program Files\dotnet\sdk\10.0.102\Sdks\Microsoft.NET.Sdk\targets\Microsoft.NET.Sdk.targets(204,5): message :       ResolveKeySource;
       C:\Program Files\dotnet\sdk\10.0.102\Sdks\Microsoft.NET.Sdk\targets\Microsoft.NET.Sdk.targets(204,5): message :       Compile;
       C:\Program Files\dotnet\sdk\10.0.102\Sdks\Microsoft.NET.Sdk\targets\Microsoft.NET.Sdk.targets(204,5): message :       ExportWindowsMDFile;
       C:\Program Files\dotnet\sdk\10.0.102\Sdks\Microsoft.NET.Sdk\targets\Microsoft.NET.Sdk.targets(204,5): message :       UnmanagedUnregistration;
       C:\Program Files\dotnet\sdk\10.0.102\Sdks\Microsoft.NET.Sdk\targets\Microsoft.NET.Sdk.targets(204,5): message :       GenerateSerializationAssemblies;
       C:\Program Files\dotnet\sdk\10.0.102\Sdks\Microsoft.NET.Sdk\targets\Microsoft.NET.Sdk.targets(204,5): message :       CreateSatelliteAssemblies;
       C:\Program Files\dotnet\sdk\10.0.102\Sdks\Microsoft.NET.Sdk\targets\Microsoft.NET.Sdk.targets(204,5): message :       GenerateManifests;
       C:\Program Files\dotnet\sdk\10.0.102\Sdks\Microsoft.NET.Sdk\targets\Microsoft.NET.Sdk.targets(204,5): message :       GetTargetPath;
       C:\Program Files\dotnet\sdk\10.0.102\Sdks\Microsoft.NET.Sdk\targets\Microsoft.NET.Sdk.targets(204,5): message :       PrepareForRun;
       C:\Program Files\dotnet\sdk\10.0.102\Sdks\Microsoft.NET.Sdk\targets\Microsoft.NET.Sdk.targets(204,5): message :       UnmanagedRegistration;
       C:\Program Files\dotnet\sdk\10.0.102\Sdks\Microsoft.NET.Sdk\targets\Microsoft.NET.Sdk.targets(204,5): message :       IncrementalClean;
       C:\Program Files\dotnet\sdk\10.0.102\Sdks\Microsoft.NET.Sdk\targets\Microsoft.NET.Sdk.targets(204,5): message :       PostBuildEvent
       C:\Program Files\dotnet\sdk\10.0.102\Sdks\Microsoft.NET.Sdk\targets\Microsoft.NET.Sdk.targets(204,5): message :     ;
       C:\Program Files\dotnet\sdk\10.0.102\Sdks\Microsoft.NET.Sdk\targets\Microsoft.NET.Sdk.targets(204,5): message :       GenerateBuildDependencyFile;
       C:\Program Files\dotnet\sdk\10.0.102\Sdks\Microsoft.NET.Sdk\targets\Microsoft.NET.Sdk.targets(204,5): message :       GenerateBuildRuntimeConfigurationFiles
       C:\Program Files\dotnet\sdk\10.0.102\Sdks\Microsoft.NET.Sdk\targets\Microsoft.NET.Sdk.targets(204,5): message :     " (valor anterior: "
       C:\Program Files\dotnet\sdk\10.0.102\Sdks\Microsoft.NET.Sdk\targets\Microsoft.NET.Sdk.targets(204,5): message :       BuildOnlySettings;
       C:\Program Files\dotnet\sdk\10.0.102\Sdks\Microsoft.NET.Sdk\targets\Microsoft.NET.Sdk.targets(204,5): message :       PrepareForBuild;
       C:\Program Files\dotnet\sdk\10.0.102\Sdks\Microsoft.NET.Sdk\targets\Microsoft.NET.Sdk.targets(204,5): message :       PreBuildEvent;
       C:\Program Files\dotnet\sdk\10.0.102\Sdks\Microsoft.NET.Sdk\targets\Microsoft.NET.Sdk.targets(204,5): message :       ResolveReferences;
       C:\Program Files\dotnet\sdk\10.0.102\Sdks\Microsoft.NET.Sdk\targets\Microsoft.NET.Sdk.targets(204,5): message :       PrepareResources;
       C:\Program Files\dotnet\sdk\10.0.102\Sdks\Microsoft.NET.Sdk\targets\Microsoft.NET.Sdk.targets(204,5): message :       ResolveKeySource;
       C:\Program Files\dotnet\sdk\10.0.102\Sdks\Microsoft.NET.Sdk\targets\Microsoft.NET.Sdk.targets(204,5): message :       Compile;
       C:\Program Files\dotnet\sdk\10.0.102\Sdks\Microsoft.NET.Sdk\targets\Microsoft.NET.Sdk.targets(204,5): message :       ExportWindowsMDFile;
       C:\Program Files\dotnet\sdk\10.0.102\Sdks\Microsoft.NET.Sdk\targets\Microsoft.NET.Sdk.targets(204,5): message :       UnmanagedUnregistration;
       C:\Program Files\dotnet\sdk\10.0.102\Sdks\Microsoft.NET.Sdk\targets\Microsoft.NET.Sdk.targets(204,5): message :       GenerateSerializationAssemblies;
       C:\Program Files\dotnet\sdk\10.0.102\Sdks\Microsoft.NET.Sdk\targets\Microsoft.NET.Sdk.targets(204,5): message :       CreateSatelliteAssemblies;
       C:\Program Files\dotnet\sdk\10.0.102\Sdks\Microsoft.NET.Sdk\targets\Microsoft.NET.Sdk.targets(204,5): message :       GenerateManifests;
       C:\Program Files\dotnet\sdk\10.0.102\Sdks\Microsoft.NET.Sdk\targets\Microsoft.NET.Sdk.targets(204,5): message :       GetTargetPath;
       C:\Program Files\dotnet\sdk\10.0.102\Sdks\Microsoft.NET.Sdk\targets\Microsoft.NET.Sdk.targets(204,5): message :       PrepareForRun;
       C:\Program Files\dotnet\sdk\10.0.102\Sdks\Microsoft.NET.Sdk\targets\Microsoft.NET.Sdk.targets(204,5): message :       UnmanagedRegistration;
       C:\Program Files\dotnet\sdk\10.0.102\Sdks\Microsoft.NET.Sdk\targets\Microsoft.NET.Sdk.targets(204,5): message :       IncrementalClean;
       C:\Program Files\dotnet\sdk\10.0.102\Sdks\Microsoft.NET.Sdk\targets\Microsoft.NET.Sdk.targets(204,5): message :       PostBuildEvent
       C:\Program Files\dotnet\sdk\10.0.102\Sdks\Microsoft.NET.Sdk\targets\Microsoft.NET.Sdk.targets(204,5): message :     ") en C:\Program Files\dotnet\sdk\10.0.102\Sdks\Microsoft.NET.Sdk\targets\Microsoft.NET.Sdk.targets (204,5)
       C:\Program Files\dotnet\sdk\10.0.102\Sdks\Microsoft.NET.Sdk\targets\Microsoft.NET.Sdk.targets(213,5): message : Reasignación de propiedad: $(CoreCleanDependsOn)="
       C:\Program Files\dotnet\sdk\10.0.102\Sdks\Microsoft.NET.Sdk\targets\Microsoft.NET.Sdk.targets(213,5): message :       _SdkBeforeClean;
       C:\Program Files\dotnet\sdk\10.0.102\Sdks\Microsoft.NET.Sdk\targets\Microsoft.NET.Sdk.targets(213,5): message :       
       C:\Program Files\dotnet\sdk\10.0.102\Sdks\Microsoft.NET.Sdk\targets\Microsoft.NET.Sdk.targets(213,5): message :     " (valor anterior: "") en C:\Program Files\dotnet\sdk\10.0.102\Sdks\Microsoft.NET.Sdk\targets\Microsoft.NET.Sdk.targets (213,5)
       C:\Program Files\dotnet\sdk\10.0.102\Sdks\Microsoft.NET.Sdk\targets\Microsoft.NET.Sdk.targets(220,5): message : Reasignación de propiedad: $(RebuildDependsOn)="
       C:\Program Files\dotnet\sdk\10.0.102\Sdks\Microsoft.NET.Sdk\targets\Microsoft.NET.Sdk.targets(220,5): message :       _SdkBeforeRebuild;
       C:\Program Files\dotnet\sdk\10.0.102\Sdks\Microsoft.NET.Sdk\targets\Microsoft.NET.Sdk.targets(220,5): message :       
       C:\Program Files\dotnet\sdk\10.0.102\Sdks\Microsoft.NET.Sdk\targets\Microsoft.NET.Sdk.targets(220,5): message :       BeforeRebuild;
       C:\Program Files\dotnet\sdk\10.0.102\Sdks\Microsoft.NET.Sdk\targets\Microsoft.NET.Sdk.targets(220,5): message :       Clean;
       C:\Program Files\dotnet\sdk\10.0.102\Sdks\Microsoft.NET.Sdk\targets\Microsoft.NET.Sdk.targets(220,5): message :       Build;
       C:\Program Files\dotnet\sdk\10.0.102\Sdks\Microsoft.NET.Sdk\targets\Microsoft.NET.Sdk.targets(220,5): message :       AfterRebuild;
       C:\Program Files\dotnet\sdk\10.0.102\Sdks\Microsoft.NET.Sdk\targets\Microsoft.NET.Sdk.targets(220,5): message :     
       C:\Program Files\dotnet\sdk\10.0.102\Sdks\Microsoft.NET.Sdk\targets\Microsoft.NET.Sdk.targets(220,5): message :     " (valor anterior: "
       C:\Program Files\dotnet\sdk\10.0.102\Sdks\Microsoft.NET.Sdk\targets\Microsoft.NET.Sdk.targets(220,5): message :       BeforeRebuild;
       C:\Program Files\dotnet\sdk\10.0.102\Sdks\Microsoft.NET.Sdk\targets\Microsoft.NET.Sdk.targets(220,5): message :       Clean;
       C:\Program Files\dotnet\sdk\10.0.102\Sdks\Microsoft.NET.Sdk\targets\Microsoft.NET.Sdk.targets(220,5): message :       Build;
       C:\Program Files\dotnet\sdk\10.0.102\Sdks\Microsoft.NET.Sdk\targets\Microsoft.NET.Sdk.targets(220,5): message :       AfterRebuild;
       C:\Program Files\dotnet\sdk\10.0.102\Sdks\Microsoft.NET.Sdk\targets\Microsoft.NET.Sdk.targets(220,5): message :     ") en C:\Program Files\dotnet\sdk\10.0.102\Sdks\Microsoft.NET.Sdk\targets\Microsoft.NET.Sdk.targets (220,5)
       C:\Program Files\dotnet\sdk\10.0.102\Sdks\Microsoft.NET.Sdk\targets\Microsoft.NET.Sdk.targets(799,5): message : Reasignación de propiedad: $(CompileDependsOn)="
       C:\Program Files\dotnet\sdk\10.0.102\Sdks\Microsoft.NET.Sdk\targets\Microsoft.NET.Sdk.targets(799,5): message :       
       C:\Program Files\dotnet\sdk\10.0.102\Sdks\Microsoft.NET.Sdk\targets\Microsoft.NET.Sdk.targets(799,5): message :       ResolveReferences;
       C:\Program Files\dotnet\sdk\10.0.102\Sdks\Microsoft.NET.Sdk\targets\Microsoft.NET.Sdk.targets(799,5): message :       ResolveKeySource;
       C:\Program Files\dotnet\sdk\10.0.102\Sdks\Microsoft.NET.Sdk\targets\Microsoft.NET.Sdk.targets(799,5): message :       SetWin32ManifestProperties;
       C:\Program Files\dotnet\sdk\10.0.102\Sdks\Microsoft.NET.Sdk\targets\Microsoft.NET.Sdk.targets(799,5): message :       _SetPreferNativeArm64Win32ManifestProperties;
       C:\Program Files\dotnet\sdk\10.0.102\Sdks\Microsoft.NET.Sdk\targets\Microsoft.NET.Sdk.targets(799,5): message :       FindReferenceAssembliesForReferences;
       C:\Program Files\dotnet\sdk\10.0.102\Sdks\Microsoft.NET.Sdk\targets\Microsoft.NET.Sdk.targets(799,5): message :       _GenerateCompileInputs;
       C:\Program Files\dotnet\sdk\10.0.102\Sdks\Microsoft.NET.Sdk\targets\Microsoft.NET.Sdk.targets(799,5): message :       BeforeCompile;
       C:\Program Files\dotnet\sdk\10.0.102\Sdks\Microsoft.NET.Sdk\targets\Microsoft.NET.Sdk.targets(799,5): message :       _TimeStampBeforeCompile;
       C:\Program Files\dotnet\sdk\10.0.102\Sdks\Microsoft.NET.Sdk\targets\Microsoft.NET.Sdk.targets(799,5): message :       _GenerateCompileDependencyCache;
       C:\Program Files\dotnet\sdk\10.0.102\Sdks\Microsoft.NET.Sdk\targets\Microsoft.NET.Sdk.targets(799,5): message :       CoreCompile;
       C:\Program Files\dotnet\sdk\10.0.102\Sdks\Microsoft.NET.Sdk\targets\Microsoft.NET.Sdk.targets(799,5): message :       _TimeStampAfterCompile;
       C:\Program Files\dotnet\sdk\10.0.102\Sdks\Microsoft.NET.Sdk\targets\Microsoft.NET.Sdk.targets(799,5): message :       AfterCompile;
       C:\Program Files\dotnet\sdk\10.0.102\Sdks\Microsoft.NET.Sdk\targets\Microsoft.NET.Sdk.targets(799,5): message :     ;
       C:\Program Files\dotnet\sdk\10.0.102\Sdks\Microsoft.NET.Sdk\targets\Microsoft.NET.Sdk.targets(799,5): message :       _CreateAppHost;
       C:\Program Files\dotnet\sdk\10.0.102\Sdks\Microsoft.NET.Sdk\targets\Microsoft.NET.Sdk.targets(799,5): message :       _CreateComHost;
       C:\Program Files\dotnet\sdk\10.0.102\Sdks\Microsoft.NET.Sdk\targets\Microsoft.NET.Sdk.targets(799,5): message :       _GetIjwHostPaths;
       C:\Program Files\dotnet\sdk\10.0.102\Sdks\Microsoft.NET.Sdk\targets\Microsoft.NET.Sdk.targets(799,5): message :     " (valor anterior: "
       C:\Program Files\dotnet\sdk\10.0.102\Sdks\Microsoft.NET.Sdk\targets\Microsoft.NET.Sdk.targets(799,5): message :       ResolveReferences;
       C:\Program Files\dotnet\sdk\10.0.102\Sdks\Microsoft.NET.Sdk\targets\Microsoft.NET.Sdk.targets(799,5): message :       ResolveKeySource;
       C:\Program Files\dotnet\sdk\10.0.102\Sdks\Microsoft.NET.Sdk\targets\Microsoft.NET.Sdk.targets(799,5): message :       SetWin32ManifestProperties;
       C:\Program Files\dotnet\sdk\10.0.102\Sdks\Microsoft.NET.Sdk\targets\Microsoft.NET.Sdk.targets(799,5): message :       _SetPreferNativeArm64Win32ManifestProperties;
       C:\Program Files\dotnet\sdk\10.0.102\Sdks\Microsoft.NET.Sdk\targets\Microsoft.NET.Sdk.targets(799,5): message :       FindReferenceAssembliesForReferences;
       C:\Program Files\dotnet\sdk\10.0.102\Sdks\Microsoft.NET.Sdk\targets\Microsoft.NET.Sdk.targets(799,5): message :       _GenerateCompileInputs;
       C:\Program Files\dotnet\sdk\10.0.102\Sdks\Microsoft.NET.Sdk\targets\Microsoft.NET.Sdk.targets(799,5): message :       BeforeCompile;
       C:\Program Files\dotnet\sdk\10.0.102\Sdks\Microsoft.NET.Sdk\targets\Microsoft.NET.Sdk.targets(799,5): message :       _TimeStampBeforeCompile;
       C:\Program Files\dotnet\sdk\10.0.102\Sdks\Microsoft.NET.Sdk\targets\Microsoft.NET.Sdk.targets(799,5): message :       _GenerateCompileDependencyCache;
       C:\Program Files\dotnet\sdk\10.0.102\Sdks\Microsoft.NET.Sdk\targets\Microsoft.NET.Sdk.targets(799,5): message :       CoreCompile;
       C:\Program Files\dotnet\sdk\10.0.102\Sdks\Microsoft.NET.Sdk\targets\Microsoft.NET.Sdk.targets(799,5): message :       _TimeStampAfterCompile;
       C:\Program Files\dotnet\sdk\10.0.102\Sdks\Microsoft.NET.Sdk\targets\Microsoft.NET.Sdk.targets(799,5): message :       AfterCompile;
       C:\Program Files\dotnet\sdk\10.0.102\Sdks\Microsoft.NET.Sdk\targets\Microsoft.NET.Sdk.targets(799,5): message :     ") en C:\Program Files\dotnet\sdk\10.0.102\Sdks\Microsoft.NET.Sdk\targets\Microsoft.NET.Sdk.targets (799,5)
       C:\Program Files\dotnet\sdk\10.0.102\Sdks\Microsoft.NET.Sdk\targets\Microsoft.NET.Sdk.targets(1131,5): message : Reasignación de propiedad: $(CreateSatelliteAssembliesDependsOn)="
       C:\Program Files\dotnet\sdk\10.0.102\Sdks\Microsoft.NET.Sdk\targets\Microsoft.NET.Sdk.targets(1131,5): message :       
       C:\Program Files\dotnet\sdk\10.0.102\Sdks\Microsoft.NET.Sdk\targets\Microsoft.NET.Sdk.targets(1131,5): message :       ;
       C:\Program Files\dotnet\sdk\10.0.102\Sdks\Microsoft.NET.Sdk\targets\Microsoft.NET.Sdk.targets(1131,5): message :       _GenerateSatelliteAssemblyInputs;
       C:\Program Files\dotnet\sdk\10.0.102\Sdks\Microsoft.NET.Sdk\targets\Microsoft.NET.Sdk.targets(1131,5): message :       ComputeIntermediateSatelliteAssemblies;
       C:\Program Files\dotnet\sdk\10.0.102\Sdks\Microsoft.NET.Sdk\targets\Microsoft.NET.Sdk.targets(1131,5): message :       GenerateSatelliteAssemblies
       C:\Program Files\dotnet\sdk\10.0.102\Sdks\Microsoft.NET.Sdk\targets\Microsoft.NET.Sdk.targets(1131,5): message :     ;
       C:\Program Files\dotnet\sdk\10.0.102\Sdks\Microsoft.NET.Sdk\targets\Microsoft.NET.Sdk.targets(1131,5): message :       CoreGenerateSatelliteAssemblies
       C:\Program Files\dotnet\sdk\10.0.102\Sdks\Microsoft.NET.Sdk\targets\Microsoft.NET.Sdk.targets(1131,5): message :     " (valor anterior: "
       C:\Program Files\dotnet\sdk\10.0.102\Sdks\Microsoft.NET.Sdk\targets\Microsoft.NET.Sdk.targets(1131,5): message :       ;
       C:\Program Files\dotnet\sdk\10.0.102\Sdks\Microsoft.NET.Sdk\targets\Microsoft.NET.Sdk.targets(1131,5): message :       _GenerateSatelliteAssemblyInputs;
       C:\Program Files\dotnet\sdk\10.0.102\Sdks\Microsoft.NET.Sdk\targets\Microsoft.NET.Sdk.targets(1131,5): message :       ComputeIntermediateSatelliteAssemblies;
       C:\Program Files\dotnet\sdk\10.0.102\Sdks\Microsoft.NET.Sdk\targets\Microsoft.NET.Sdk.targets(1131,5): message :       GenerateSatelliteAssemblies
       C:\Program Files\dotnet\sdk\10.0.102\Sdks\Microsoft.NET.Sdk\targets\Microsoft.NET.Sdk.targets(1131,5): message :     ") en C:\Program Files\dotnet\sdk\10.0.102\Sdks\Microsoft.NET.Sdk\targets\Microsoft.NET.Sdk.targets (1131,5)
       C:\Program Files\dotnet\sdk\10.0.102\Sdks\Microsoft.SourceLink.GitLab\build\Microsoft.SourceLink.GitLab.targets(12,5): message : Reasignación de propiedad: $(SourceLinkUrlInitializerTargets)=";_InitializeGitHubSourceLinkUrl;_InitializeGitLabSourceLinkUrl" (valor anterior: ";_InitializeGitHubSourceLinkUrl") en C:\Program Files\dotnet\sdk\10.0.102\Sdks\Microsoft.SourceLink.GitLab\build\Microsoft.SourceLink.GitLab.targets (12,5)
       C:\Program Files\dotnet\sdk\10.0.102\Sdks\Microsoft.SourceLink.GitLab\build\Microsoft.SourceLink.GitLab.targets(13,5): message : Reasignación de propiedad: $(SourceControlManagerUrlTranslationTargets)=";TranslateGitHubUrlsInSourceControlInformation;TranslateGitLabUrlsInSourceControlInformation" (valor anterior: ";TranslateGitHubUrlsInSourceControlInformation") en C:\Program Files\dotnet\sdk\10.0.102\Sdks\Microsoft.SourceLink.GitLab\build\Microsoft.SourceLink.GitLab.targets (13,5)
       C:\Program Files\dotnet\sdk\10.0.102\Sdks\Microsoft.SourceLink.AzureRepos.Git\build\Microsoft.SourceLink.AzureRepos.Git.targets(12,5): message : Reasignación de propiedad: $(SourceLinkUrlInitializerTargets)=";_InitializeGitHubSourceLinkUrl;_InitializeGitLabSourceLinkUrl;_InitializeAzureReposGitSourceLinkUrl" (valor anterior: ";_InitializeGitHubSourceLinkUrl;_InitializeGitLabSourceLinkUrl") en C:\Program Files\dotnet\sdk\10.0.102\Sdks\Microsoft.SourceLink.AzureRepos.Git\build\Microsoft.SourceLink.AzureRepos.Git.targets (12,5)
       C:\Program Files\dotnet\sdk\10.0.102\Sdks\Microsoft.SourceLink.AzureRepos.Git\build\Microsoft.SourceLink.AzureRepos.Git.targets(13,5): message : Reasignación de propiedad: $(SourceControlManagerUrlTranslationTargets)=";TranslateGitHubUrlsInSourceControlInformation;TranslateGitLabUrlsInSourceControlInformation;TranslateAzureReposGitUrlsInSourceControlInformation" (valor anterior: ";TranslateGitHubUrlsInSourceControlInformation;TranslateGitLabUrlsInSourceControlInformation") en C:\Program Files\dotnet\sdk\10.0.102\Sdks\Microsoft.SourceLink.AzureRepos.Git\build\Microsoft.SourceLink.AzureRepos.Git.targets (13,5)
       C:\Program Files\dotnet\sdk\10.0.102\Sdks\Microsoft.SourceLink.Bitbucket.Git\build\Microsoft.SourceLink.Bitbucket.Git.targets(12,5): message : Reasignación de propiedad: $(SourceLinkUrlInitializerTargets)=";_InitializeGitHubSourceLinkUrl;_InitializeGitLabSourceLinkUrl;_InitializeAzureReposGitSourceLinkUrl;_InitializeBitbucketGitSourceLinkUrl" (valor anterior: ";_InitializeGitHubSourceLinkUrl;_InitializeGitLabSourceLinkUrl;_InitializeAzureReposGitSourceLinkUrl") en C:\Program Files\dotnet\sdk\10.0.102\Sdks\Microsoft.SourceLink.Bitbucket.Git\build\Microsoft.SourceLink.Bitbucket.Git.targets (12,5)
       C:\Program Files\dotnet\sdk\10.0.102\Sdks\Microsoft.SourceLink.Bitbucket.Git\build\Microsoft.SourceLink.Bitbucket.Git.targets(13,5): message : Reasignación de propiedad: $(SourceControlManagerUrlTranslationTargets)=";TranslateGitHubUrlsInSourceControlInformation;TranslateGitLabUrlsInSourceControlInformation;TranslateAzureReposGitUrlsInSourceControlInformation;TranslateBitbucketGitUrlsInSourceControlInformation" (valor anterior: ";TranslateGitHubUrlsInSourceControlInformation;TranslateGitLabUrlsInSourceControlInformation;TranslateAzureReposGitUrlsInSourceControlInformation") en C:\Program Files\dotnet\sdk\10.0.102\Sdks\Microsoft.SourceLink.Bitbucket.Git\build\Microsoft.SourceLink.Bitbucket.Git.targets (13,5)
       C:\Program Files\dotnet\sdk\10.0.102\Sdks\Microsoft.NET.Sdk\targets\Microsoft.NET.DesignerSupport.targets(21,5): message : Reasignación de propiedad: $(DesignerRuntimeImplementationProjectOutputGroupDependsOn)="
       C:\Program Files\dotnet\sdk\10.0.102\Sdks\Microsoft.NET.Sdk\targets\Microsoft.NET.DesignerSupport.targets(21,5): message :       
       C:\Program Files\dotnet\sdk\10.0.102\Sdks\Microsoft.NET.Sdk\targets\Microsoft.NET.DesignerSupport.targets(21,5): message :       ;
       C:\Program Files\dotnet\sdk\10.0.102\Sdks\Microsoft.NET.Sdk\targets\Microsoft.NET.DesignerSupport.targets(21,5): message :       
       C:\Program Files\dotnet\sdk\10.0.102\Sdks\Microsoft.NET.Sdk\targets\Microsoft.NET.DesignerSupport.targets(21,5): message :       ;
       C:\Program Files\dotnet\sdk\10.0.102\Sdks\Microsoft.NET.Sdk\targets\Microsoft.NET.DesignerSupport.targets(21,5): message :       BuildOnlySettings;
       C:\Program Files\dotnet\sdk\10.0.102\Sdks\Microsoft.NET.Sdk\targets\Microsoft.NET.DesignerSupport.targets(21,5): message :       PrepareForBuild;
       C:\Program Files\dotnet\sdk\10.0.102\Sdks\Microsoft.NET.Sdk\targets\Microsoft.NET.DesignerSupport.targets(21,5): message :       AssignTargetPaths;
       C:\Program Files\dotnet\sdk\10.0.102\Sdks\Microsoft.NET.Sdk\targets\Microsoft.NET.DesignerSupport.targets(21,5): message :       ResolveReferences
       C:\Program Files\dotnet\sdk\10.0.102\Sdks\Microsoft.NET.Sdk\targets\Microsoft.NET.DesignerSupport.targets(21,5): message :     
       C:\Program Files\dotnet\sdk\10.0.102\Sdks\Microsoft.NET.Sdk\targets\Microsoft.NET.DesignerSupport.targets(21,5): message :     ;
       C:\Program Files\dotnet\sdk\10.0.102\Sdks\Microsoft.NET.Sdk\targets\Microsoft.NET.DesignerSupport.targets(21,5): message :       _GenerateDesignerDepsFile;
       C:\Program Files\dotnet\sdk\10.0.102\Sdks\Microsoft.NET.Sdk\targets\Microsoft.NET.DesignerSupport.targets(21,5): message :       _GenerateDesignerRuntimeConfigFile;
       C:\Program Files\dotnet\sdk\10.0.102\Sdks\Microsoft.NET.Sdk\targets\Microsoft.NET.DesignerSupport.targets(21,5): message :       GetCopyToOutputDirectoryItems;
       C:\Program Files\dotnet\sdk\10.0.102\Sdks\Microsoft.NET.Sdk\targets\Microsoft.NET.DesignerSupport.targets(21,5): message :       _GatherDesignerShadowCopyFiles;
       C:\Program Files\dotnet\sdk\10.0.102\Sdks\Microsoft.NET.Sdk\targets\Microsoft.NET.DesignerSupport.targets(21,5): message :     " (valor anterior: "
       C:\Program Files\dotnet\sdk\10.0.102\Sdks\Microsoft.NET.Sdk\targets\Microsoft.NET.DesignerSupport.targets(21,5): message :       ;
       C:\Program Files\dotnet\sdk\10.0.102\Sdks\Microsoft.NET.Sdk\targets\Microsoft.NET.DesignerSupport.targets(21,5): message :       
       C:\Program Files\dotnet\sdk\10.0.102\Sdks\Microsoft.NET.Sdk\targets\Microsoft.NET.DesignerSupport.targets(21,5): message :       ;
       C:\Program Files\dotnet\sdk\10.0.102\Sdks\Microsoft.NET.Sdk\targets\Microsoft.NET.DesignerSupport.targets(21,5): message :       BuildOnlySettings;
       C:\Program Files\dotnet\sdk\10.0.102\Sdks\Microsoft.NET.Sdk\targets\Microsoft.NET.DesignerSupport.targets(21,5): message :       PrepareForBuild;
       C:\Program Files\dotnet\sdk\10.0.102\Sdks\Microsoft.NET.Sdk\targets\Microsoft.NET.DesignerSupport.targets(21,5): message :       AssignTargetPaths;
       C:\Program Files\dotnet\sdk\10.0.102\Sdks\Microsoft.NET.Sdk\targets\Microsoft.NET.DesignerSupport.targets(21,5): message :       ResolveReferences
       C:\Program Files\dotnet\sdk\10.0.102\Sdks\Microsoft.NET.Sdk\targets\Microsoft.NET.DesignerSupport.targets(21,5): message :     
       C:\Program Files\dotnet\sdk\10.0.102\Sdks\Microsoft.NET.Sdk\targets\Microsoft.NET.DesignerSupport.targets(21,5): message :     ") en C:\Program Files\dotnet\sdk\10.0.102\Sdks\Microsoft.NET.Sdk\targets\Microsoft.NET.DesignerSupport.targets (21,5)
       C:\Program Files\dotnet\sdk\10.0.102\Sdks\Microsoft.NET.Sdk\targets\Microsoft.NET.Sdk.CSharp.targets(31,5): message : Reasignación de propiedad: $(DefineConstants)="TRACE;DEBUG" (valor anterior: "TRACE") en C:\Program Files\dotnet\sdk\10.0.102\Sdks\Microsoft.NET.Sdk\targets\Microsoft.NET.Sdk.CSharp.targets (31,5)
       C:\Program Files\dotnet\sdk\10.0.102\Sdks\Microsoft.NET.Sdk\targets\Microsoft.NET.Sdk.CSharp.targets(45,5): message : Reasignación de propiedad: $(WarningsAsErrors)=";NU1605;SYSLIB0011" (valor anterior: ";NU1605") en C:\Program Files\dotnet\sdk\10.0.102\Sdks\Microsoft.NET.Sdk\targets\Microsoft.NET.Sdk.CSharp.targets (45,5)
       C:\Program Files\dotnet\sdk\10.0.102\Sdks\Microsoft.NET.Sdk\targets\Microsoft.NET.Windows.targets(49,5): message : Reasignación de propiedad: $(TargetPlatformVersion)="7.0" (valor anterior: "") en C:\Program Files\dotnet\sdk\10.0.102\Sdks\Microsoft.NET.Sdk\targets\Microsoft.NET.Windows.targets (49,5)
       C:\Program Files\dotnet\sdk\10.0.102\Sdks\Microsoft.NET.Sdk\targets\Microsoft.NET.Windows.targets(50,5): message : Reasignación de propiedad: $(EffectiveTargetPlatformVersion)="7.0" (valor anterior: "") en C:\Program Files\dotnet\sdk\10.0.102\Sdks\Microsoft.NET.Sdk\targets\Microsoft.NET.Windows.targets (50,5)
       C:\Program Files\dotnet\sdk\10.0.102\Sdks\Microsoft.NET.Sdk\targets\Microsoft.NET.Windows.targets(60,5): message : Reasignación de propiedad: $(SupportedOSPlatformVersion)="7.0" (valor anterior: "") en C:\Program Files\dotnet\sdk\10.0.102\Sdks\Microsoft.NET.Sdk\targets\Microsoft.NET.Windows.targets (60,5)
       C:\Program Files\dotnet\sdk\10.0.102\Sdks\Microsoft.NET.Sdk\targets\Microsoft.NET.Windows.targets(61,5): message : Reasignación de propiedad: $(TargetPlatformMinVersion)="7.0" (valor anterior: "") en C:\Program Files\dotnet\sdk\10.0.102\Sdks\Microsoft.NET.Sdk\targets\Microsoft.NET.Windows.targets (61,5)
       C:\Program Files\dotnet\sdk\10.0.102\Sdks\Microsoft.NET.Sdk\targets\Microsoft.NET.Windows.targets(239,5): message : Reasignación de propiedad: $(_RunCsWinRTGeneratorPropertyInputsCachePath)="C:\Users\AlexM\OneDrive\Desktop\ABCD 2\CuadroMagicoApp\obj\Debug\net10.0-windows\CuadroMagicoApp.cswinrtgen.cache" (valor anterior: "obj\Debug\net10.0-windows\CuadroMagicoApp.cswinrtgen.cache") en C:\Program Files\dotnet\sdk\10.0.102\Sdks\Microsoft.NET.Sdk\targets\Microsoft.NET.Windows.targets (239,5)
       C:\Program Files\dotnet\sdk\10.0.102\Sdks\Microsoft.NET.Sdk\targets\Microsoft.NET.Sdk.targets(1497,5): message : Reasignación de propiedad: $(TargetPlatformDisplayName)="Windows 7.0" (valor anterior: "Windows ") en C:\Program Files\dotnet\sdk\10.0.102\Sdks\Microsoft.NET.Sdk\targets\Microsoft.NET.Sdk.targets (1497,5)
       C:\Program Files\dotnet\sdk\10.0.102\Sdks\Microsoft.NET.Sdk.WindowsDesktop\targets\Microsoft.NET.Sdk.WindowsDesktop.targets(51,5): message : Reasignación de propiedad: $(_TargetFrameworkVersionValue)="10.0" (valor anterior: "0.0") en C:\Program Files\dotnet\sdk\10.0.102\Sdks\Microsoft.NET.Sdk.WindowsDesktop\targets\Microsoft.NET.Sdk.WindowsDesktop.targets (51,5)
       C:\Program Files\dotnet\sdk\10.0.102\Sdks\Microsoft.NET.Sdk.WindowsDesktop\targets\Microsoft.WinFX.targets(61,7): message : Reasignación de propiedad: $(PrepareResourceNamesDependsOn)="
       C:\Program Files\dotnet\sdk\10.0.102\Sdks\Microsoft.NET.Sdk.WindowsDesktop\targets\Microsoft.WinFX.targets(61,7): message :                     AssignWinFXEmbeddedResource;
       C:\Program Files\dotnet\sdk\10.0.102\Sdks\Microsoft.NET.Sdk.WindowsDesktop\targets\Microsoft.WinFX.targets(61,7): message :                     
       C:\Program Files\dotnet\sdk\10.0.102\Sdks\Microsoft.NET.Sdk.WindowsDesktop\targets\Microsoft.WinFX.targets(61,7): message :       AssignTargetPaths;
       C:\Program Files\dotnet\sdk\10.0.102\Sdks\Microsoft.NET.Sdk.WindowsDesktop\targets\Microsoft.WinFX.targets(61,7): message :       SplitResourcesByCulture;
       C:\Program Files\dotnet\sdk\10.0.102\Sdks\Microsoft.NET.Sdk.WindowsDesktop\targets\Microsoft.WinFX.targets(61,7): message :       CreateManifestResourceNames;
       C:\Program Files\dotnet\sdk\10.0.102\Sdks\Microsoft.NET.Sdk.WindowsDesktop\targets\Microsoft.WinFX.targets(61,7): message :       CreateCustomManifestResourceNames
       C:\Program Files\dotnet\sdk\10.0.102\Sdks\Microsoft.NET.Sdk.WindowsDesktop\targets\Microsoft.WinFX.targets(61,7): message :     
       C:\Program Files\dotnet\sdk\10.0.102\Sdks\Microsoft.NET.Sdk.WindowsDesktop\targets\Microsoft.WinFX.targets(61,7): message :       " (valor anterior: "
       C:\Program Files\dotnet\sdk\10.0.102\Sdks\Microsoft.NET.Sdk.WindowsDesktop\targets\Microsoft.WinFX.targets(61,7): message :       AssignTargetPaths;
       C:\Program Files\dotnet\sdk\10.0.102\Sdks\Microsoft.NET.Sdk.WindowsDesktop\targets\Microsoft.WinFX.targets(61,7): message :       SplitResourcesByCulture;
       C:\Program Files\dotnet\sdk\10.0.102\Sdks\Microsoft.NET.Sdk.WindowsDesktop\targets\Microsoft.WinFX.targets(61,7): message :       CreateManifestResourceNames;
       C:\Program Files\dotnet\sdk\10.0.102\Sdks\Microsoft.NET.Sdk.WindowsDesktop\targets\Microsoft.WinFX.targets(61,7): message :       CreateCustomManifestResourceNames
       C:\Program Files\dotnet\sdk\10.0.102\Sdks\Microsoft.NET.Sdk.WindowsDesktop\targets\Microsoft.WinFX.targets(61,7): message :     ") en C:\Program Files\dotnet\sdk\10.0.102\Sdks\Microsoft.NET.Sdk.WindowsDesktop\targets\Microsoft.WinFX.targets (61,7)
       C:\Program Files\dotnet\sdk\10.0.102\Sdks\Microsoft.NET.Sdk.WindowsDesktop\targets\Microsoft.WinFX.targets(69,7): message : Reasignación de propiedad: $(PrepareResourcesDependsOn)="
       C:\Program Files\dotnet\sdk\10.0.102\Sdks\Microsoft.NET.Sdk.WindowsDesktop\targets\Microsoft.WinFX.targets(69,7): message :                 MarkupCompilePass1;
       C:\Program Files\dotnet\sdk\10.0.102\Sdks\Microsoft.NET.Sdk.WindowsDesktop\targets\Microsoft.WinFX.targets(69,7): message :                 AfterMarkupCompilePass1;
       C:\Program Files\dotnet\sdk\10.0.102\Sdks\Microsoft.NET.Sdk.WindowsDesktop\targets\Microsoft.WinFX.targets(69,7): message :                 MarkupCompilePass2ForMainAssembly;
       C:\Program Files\dotnet\sdk\10.0.102\Sdks\Microsoft.NET.Sdk.WindowsDesktop\targets\Microsoft.WinFX.targets(69,7): message :                 FileClassification;
       C:\Program Files\dotnet\sdk\10.0.102\Sdks\Microsoft.NET.Sdk.WindowsDesktop\targets\Microsoft.WinFX.targets(69,7): message :                 MainResourcesGeneration;
       C:\Program Files\dotnet\sdk\10.0.102\Sdks\Microsoft.NET.Sdk.WindowsDesktop\targets\Microsoft.WinFX.targets(69,7): message :                 
       C:\Program Files\dotnet\sdk\10.0.102\Sdks\Microsoft.NET.Sdk.WindowsDesktop\targets\Microsoft.WinFX.targets(69,7): message :       ResolvePackageDependenciesForBuild;
       C:\Program Files\dotnet\sdk\10.0.102\Sdks\Microsoft.NET.Sdk.WindowsDesktop\targets\Microsoft.WinFX.targets(69,7): message :       _HandlePackageFileConflicts;
       C:\Program Files\dotnet\sdk\10.0.102\Sdks\Microsoft.NET.Sdk.WindowsDesktop\targets\Microsoft.WinFX.targets(69,7): message :       
       C:\Program Files\dotnet\sdk\10.0.102\Sdks\Microsoft.NET.Sdk.WindowsDesktop\targets\Microsoft.WinFX.targets(69,7): message :       ;
       C:\Program Files\dotnet\sdk\10.0.102\Sdks\Microsoft.NET.Sdk.WindowsDesktop\targets\Microsoft.WinFX.targets(69,7): message :       PrepareResourceNames;
       C:\Program Files\dotnet\sdk\10.0.102\Sdks\Microsoft.NET.Sdk.WindowsDesktop\targets\Microsoft.WinFX.targets(69,7): message :       ResGen;
       C:\Program Files\dotnet\sdk\10.0.102\Sdks\Microsoft.NET.Sdk.WindowsDesktop\targets\Microsoft.WinFX.targets(69,7): message :       CompileLicxFiles
       C:\Program Files\dotnet\sdk\10.0.102\Sdks\Microsoft.NET.Sdk.WindowsDesktop\targets\Microsoft.WinFX.targets(69,7): message :     
       C:\Program Files\dotnet\sdk\10.0.102\Sdks\Microsoft.NET.Sdk.WindowsDesktop\targets\Microsoft.WinFX.targets(69,7): message :     
       C:\Program Files\dotnet\sdk\10.0.102\Sdks\Microsoft.NET.Sdk.WindowsDesktop\targets\Microsoft.WinFX.targets(69,7): message :       " (valor anterior: "
       C:\Program Files\dotnet\sdk\10.0.102\Sdks\Microsoft.NET.Sdk.WindowsDesktop\targets\Microsoft.WinFX.targets(69,7): message :       ResolvePackageDependenciesForBuild;
       C:\Program Files\dotnet\sdk\10.0.102\Sdks\Microsoft.NET.Sdk.WindowsDesktop\targets\Microsoft.WinFX.targets(69,7): message :       _HandlePackageFileConflicts;
       C:\Program Files\dotnet\sdk\10.0.102\Sdks\Microsoft.NET.Sdk.WindowsDesktop\targets\Microsoft.WinFX.targets(69,7): message :       
       C:\Program Files\dotnet\sdk\10.0.102\Sdks\Microsoft.NET.Sdk.WindowsDesktop\targets\Microsoft.WinFX.targets(69,7): message :       ;
       C:\Program Files\dotnet\sdk\10.0.102\Sdks\Microsoft.NET.Sdk.WindowsDesktop\targets\Microsoft.WinFX.targets(69,7): message :       PrepareResourceNames;
       C:\Program Files\dotnet\sdk\10.0.102\Sdks\Microsoft.NET.Sdk.WindowsDesktop\targets\Microsoft.WinFX.targets(69,7): message :       ResGen;
       C:\Program Files\dotnet\sdk\10.0.102\Sdks\Microsoft.NET.Sdk.WindowsDesktop\targets\Microsoft.WinFX.targets(69,7): message :       CompileLicxFiles
       C:\Program Files\dotnet\sdk\10.0.102\Sdks\Microsoft.NET.Sdk.WindowsDesktop\targets\Microsoft.WinFX.targets(69,7): message :     
       C:\Program Files\dotnet\sdk\10.0.102\Sdks\Microsoft.NET.Sdk.WindowsDesktop\targets\Microsoft.WinFX.targets(69,7): message :     ") en C:\Program Files\dotnet\sdk\10.0.102\Sdks\Microsoft.NET.Sdk.WindowsDesktop\targets\Microsoft.WinFX.targets (69,7)
       C:\Program Files\dotnet\sdk\10.0.102\Sdks\Microsoft.NET.Sdk.WindowsDesktop\targets\Microsoft.WinFX.targets(136,5): message : Reasignación de propiedad: $(CompileDependsOn)="
       C:\Program Files\dotnet\sdk\10.0.102\Sdks\Microsoft.NET.Sdk.WindowsDesktop\targets\Microsoft.WinFX.targets(136,5): message :         
       C:\Program Files\dotnet\sdk\10.0.102\Sdks\Microsoft.NET.Sdk.WindowsDesktop\targets\Microsoft.WinFX.targets(136,5): message :       
       C:\Program Files\dotnet\sdk\10.0.102\Sdks\Microsoft.NET.Sdk.WindowsDesktop\targets\Microsoft.WinFX.targets(136,5): message :       ResolveReferences;
       C:\Program Files\dotnet\sdk\10.0.102\Sdks\Microsoft.NET.Sdk.WindowsDesktop\targets\Microsoft.WinFX.targets(136,5): message :       ResolveKeySource;
       C:\Program Files\dotnet\sdk\10.0.102\Sdks\Microsoft.NET.Sdk.WindowsDesktop\targets\Microsoft.WinFX.targets(136,5): message :       SetWin32ManifestProperties;
       C:\Program Files\dotnet\sdk\10.0.102\Sdks\Microsoft.NET.Sdk.WindowsDesktop\targets\Microsoft.WinFX.targets(136,5): message :       _SetPreferNativeArm64Win32ManifestProperties;
       C:\Program Files\dotnet\sdk\10.0.102\Sdks\Microsoft.NET.Sdk.WindowsDesktop\targets\Microsoft.WinFX.targets(136,5): message :       FindReferenceAssembliesForReferences;
       C:\Program Files\dotnet\sdk\10.0.102\Sdks\Microsoft.NET.Sdk.WindowsDesktop\targets\Microsoft.WinFX.targets(136,5): message :       _GenerateCompileInputs;
       C:\Program Files\dotnet\sdk\10.0.102\Sdks\Microsoft.NET.Sdk.WindowsDesktop\targets\Microsoft.WinFX.targets(136,5): message :       BeforeCompile;
       C:\Program Files\dotnet\sdk\10.0.102\Sdks\Microsoft.NET.Sdk.WindowsDesktop\targets\Microsoft.WinFX.targets(136,5): message :       _TimeStampBeforeCompile;
       C:\Program Files\dotnet\sdk\10.0.102\Sdks\Microsoft.NET.Sdk.WindowsDesktop\targets\Microsoft.WinFX.targets(136,5): message :       _GenerateCompileDependencyCache;
       C:\Program Files\dotnet\sdk\10.0.102\Sdks\Microsoft.NET.Sdk.WindowsDesktop\targets\Microsoft.WinFX.targets(136,5): message :       CoreCompile;
       C:\Program Files\dotnet\sdk\10.0.102\Sdks\Microsoft.NET.Sdk.WindowsDesktop\targets\Microsoft.WinFX.targets(136,5): message :       _TimeStampAfterCompile;
       C:\Program Files\dotnet\sdk\10.0.102\Sdks\Microsoft.NET.Sdk.WindowsDesktop\targets\Microsoft.WinFX.targets(136,5): message :       AfterCompile;
       C:\Program Files\dotnet\sdk\10.0.102\Sdks\Microsoft.NET.Sdk.WindowsDesktop\targets\Microsoft.WinFX.targets(136,5): message :     ;
       C:\Program Files\dotnet\sdk\10.0.102\Sdks\Microsoft.NET.Sdk.WindowsDesktop\targets\Microsoft.WinFX.targets(136,5): message :       _CreateAppHost;
       C:\Program Files\dotnet\sdk\10.0.102\Sdks\Microsoft.NET.Sdk.WindowsDesktop\targets\Microsoft.WinFX.targets(136,5): message :       _CreateComHost;
       C:\Program Files\dotnet\sdk\10.0.102\Sdks\Microsoft.NET.Sdk.WindowsDesktop\targets\Microsoft.WinFX.targets(136,5): message :       _GetIjwHostPaths;
       C:\Program Files\dotnet\sdk\10.0.102\Sdks\Microsoft.NET.Sdk.WindowsDesktop\targets\Microsoft.WinFX.targets(136,5): message :     ;
       C:\Program Files\dotnet\sdk\10.0.102\Sdks\Microsoft.NET.Sdk.WindowsDesktop\targets\Microsoft.WinFX.targets(136,5): message :         _AfterCompileWinFXInternal
       C:\Program Files\dotnet\sdk\10.0.102\Sdks\Microsoft.NET.Sdk.WindowsDesktop\targets\Microsoft.WinFX.targets(136,5): message :     " (valor anterior: "
       C:\Program Files\dotnet\sdk\10.0.102\Sdks\Microsoft.NET.Sdk.WindowsDesktop\targets\Microsoft.WinFX.targets(136,5): message :       
       C:\Program Files\dotnet\sdk\10.0.102\Sdks\Microsoft.NET.Sdk.WindowsDesktop\targets\Microsoft.WinFX.targets(136,5): message :       ResolveReferences;
       C:\Program Files\dotnet\sdk\10.0.102\Sdks\Microsoft.NET.Sdk.WindowsDesktop\targets\Microsoft.WinFX.targets(136,5): message :       ResolveKeySource;
       C:\Program Files\dotnet\sdk\10.0.102\Sdks\Microsoft.NET.Sdk.WindowsDesktop\targets\Microsoft.WinFX.targets(136,5): message :       SetWin32ManifestProperties;
       C:\Program Files\dotnet\sdk\10.0.102\Sdks\Microsoft.NET.Sdk.WindowsDesktop\targets\Microsoft.WinFX.targets(136,5): message :       _SetPreferNativeArm64Win32ManifestProperties;
       C:\Program Files\dotnet\sdk\10.0.102\Sdks\Microsoft.NET.Sdk.WindowsDesktop\targets\Microsoft.WinFX.targets(136,5): message :       FindReferenceAssembliesForReferences;
       C:\Program Files\dotnet\sdk\10.0.102\Sdks\Microsoft.NET.Sdk.WindowsDesktop\targets\Microsoft.WinFX.targets(136,5): message :       _GenerateCompileInputs;
       C:\Program Files\dotnet\sdk\10.0.102\Sdks\Microsoft.NET.Sdk.WindowsDesktop\targets\Microsoft.WinFX.targets(136,5): message :       BeforeCompile;
       C:\Program Files\dotnet\sdk\10.0.102\Sdks\Microsoft.NET.Sdk.WindowsDesktop\targets\Microsoft.WinFX.targets(136,5): message :       _TimeStampBeforeCompile;
       C:\Program Files\dotnet\sdk\10.0.102\Sdks\Microsoft.NET.Sdk.WindowsDesktop\targets\Microsoft.WinFX.targets(136,5): message :       _GenerateCompileDependencyCache;
       C:\Program Files\dotnet\sdk\10.0.102\Sdks\Microsoft.NET.Sdk.WindowsDesktop\targets\Microsoft.WinFX.targets(136,5): message :       CoreCompile;
       C:\Program Files\dotnet\sdk\10.0.102\Sdks\Microsoft.NET.Sdk.WindowsDesktop\targets\Microsoft.WinFX.targets(136,5): message :       _TimeStampAfterCompile;
       C:\Program Files\dotnet\sdk\10.0.102\Sdks\Microsoft.NET.Sdk.WindowsDesktop\targets\Microsoft.WinFX.targets(136,5): message :       AfterCompile;
       C:\Program Files\dotnet\sdk\10.0.102\Sdks\Microsoft.NET.Sdk.WindowsDesktop\targets\Microsoft.WinFX.targets(136,5): message :     ;
       C:\Program Files\dotnet\sdk\10.0.102\Sdks\Microsoft.NET.Sdk.WindowsDesktop\targets\Microsoft.WinFX.targets(136,5): message :       _CreateAppHost;
       C:\Program Files\dotnet\sdk\10.0.102\Sdks\Microsoft.NET.Sdk.WindowsDesktop\targets\Microsoft.WinFX.targets(136,5): message :       _CreateComHost;
       C:\Program Files\dotnet\sdk\10.0.102\Sdks\Microsoft.NET.Sdk.WindowsDesktop\targets\Microsoft.WinFX.targets(136,5): message :       _GetIjwHostPaths;
       C:\Program Files\dotnet\sdk\10.0.102\Sdks\Microsoft.NET.Sdk.WindowsDesktop\targets\Microsoft.WinFX.targets(136,5): message :     ") en C:\Program Files\dotnet\sdk\10.0.102\Sdks\Microsoft.NET.Sdk.WindowsDesktop\targets\Microsoft.WinFX.targets (136,5)
       C:\Program Files\dotnet\sdk\10.0.102\Sdks\Microsoft.NET.Sdk.WindowsDesktop\targets\Microsoft.WinFX.targets(803,9): message : Reasignación de propiedad: $(PublishBuildDependsOn)="
       C:\Program Files\dotnet\sdk\10.0.102\Sdks\Microsoft.NET.Sdk.WindowsDesktop\targets\Microsoft.WinFX.targets(803,9): message :             BuildOnlySettings;
       C:\Program Files\dotnet\sdk\10.0.102\Sdks\Microsoft.NET.Sdk.WindowsDesktop\targets\Microsoft.WinFX.targets(803,9): message :             PrepareForBuild;
       C:\Program Files\dotnet\sdk\10.0.102\Sdks\Microsoft.NET.Sdk.WindowsDesktop\targets\Microsoft.WinFX.targets(803,9): message :             ResolveReferences;
       C:\Program Files\dotnet\sdk\10.0.102\Sdks\Microsoft.NET.Sdk.WindowsDesktop\targets\Microsoft.WinFX.targets(803,9): message :             PrepareResources;
       C:\Program Files\dotnet\sdk\10.0.102\Sdks\Microsoft.NET.Sdk.WindowsDesktop\targets\Microsoft.WinFX.targets(803,9): message :             ResolveKeySource;
       C:\Program Files\dotnet\sdk\10.0.102\Sdks\Microsoft.NET.Sdk.WindowsDesktop\targets\Microsoft.WinFX.targets(803,9): message :             PrepareResourcesForSatelliteAssemblies;
       C:\Program Files\dotnet\sdk\10.0.102\Sdks\Microsoft.NET.Sdk.WindowsDesktop\targets\Microsoft.WinFX.targets(803,9): message :             GenerateSerializationAssemblies;
       C:\Program Files\dotnet\sdk\10.0.102\Sdks\Microsoft.NET.Sdk.WindowsDesktop\targets\Microsoft.WinFX.targets(803,9): message :             CreateSatelliteAssemblies;
       C:\Program Files\dotnet\sdk\10.0.102\Sdks\Microsoft.NET.Sdk.WindowsDesktop\targets\Microsoft.WinFX.targets(803,9): message :         " (valor anterior: "
       C:\Program Files\dotnet\sdk\10.0.102\Sdks\Microsoft.NET.Sdk.WindowsDesktop\targets\Microsoft.WinFX.targets(803,9): message :       BuildOnlySettings;
       C:\Program Files\dotnet\sdk\10.0.102\Sdks\Microsoft.NET.Sdk.WindowsDesktop\targets\Microsoft.WinFX.targets(803,9): message :       PrepareForBuild;
       C:\Program Files\dotnet\sdk\10.0.102\Sdks\Microsoft.NET.Sdk.WindowsDesktop\targets\Microsoft.WinFX.targets(803,9): message :       ResolveReferences;
       C:\Program Files\dotnet\sdk\10.0.102\Sdks\Microsoft.NET.Sdk.WindowsDesktop\targets\Microsoft.WinFX.targets(803,9): message :       PrepareResources;
       C:\Program Files\dotnet\sdk\10.0.102\Sdks\Microsoft.NET.Sdk.WindowsDesktop\targets\Microsoft.WinFX.targets(803,9): message :       ResolveKeySource;
       C:\Program Files\dotnet\sdk\10.0.102\Sdks\Microsoft.NET.Sdk.WindowsDesktop\targets\Microsoft.WinFX.targets(803,9): message :       GenerateSerializationAssemblies;
       C:\Program Files\dotnet\sdk\10.0.102\Sdks\Microsoft.NET.Sdk.WindowsDesktop\targets\Microsoft.WinFX.targets(803,9): message :       CreateSatelliteAssemblies;
       C:\Program Files\dotnet\sdk\10.0.102\Sdks\Microsoft.NET.Sdk.WindowsDesktop\targets\Microsoft.WinFX.targets(803,9): message :     ") en C:\Program Files\dotnet\sdk\10.0.102\Sdks\Microsoft.NET.Sdk.WindowsDesktop\targets\Microsoft.WinFX.targets (803,9)
       C:\Program Files\dotnet\sdk\10.0.102\NuGet.Build.Tasks.Pack.targets(34,5): message : Reasignación de propiedad: $(PackageDescription)="Package Description" (valor anterior: "") en C:\Program Files\dotnet\sdk\10.0.102\NuGet.Build.Tasks.Pack.targets (34,5)
       C:\Program Files\dotnet\sdk\10.0.102\NuGet.Build.Tasks.Pack.targets(59,5): message : Reasignación de propiedad: $(GenerateNuspecDependsOn)="Build;_LoadPackInputItems; _GetTargetFrameworksOutput; _WalkEachTargetPerFramework; _GetPackageFiles; " (valor anterior: "_LoadPackInputItems; _GetTargetFrameworksOutput; _WalkEachTargetPerFramework; _GetPackageFiles; ") en C:\Program Files\dotnet\sdk\10.0.102\NuGet.Build.Tasks.Pack.targets (59,5)
       C:\Program Files\dotnet\sdk\10.0.102\Sdks\Microsoft.NET.Sdk\Sdk\Sdk.targets(59,5): message : Reasignación de propiedad: $(_IsNotSetContainersTargetsDir)="true" (valor anterior: "false") en C:\Program Files\dotnet\sdk\10.0.102\Sdks\Microsoft.NET.Sdk\Sdk\Sdk.targets (59,5)
       C:\Program Files\dotnet\sdk\10.0.102\Containers\build\Microsoft.NET.Build.Containers.targets(5,5): message : Reasignación de propiedad: $(_IsSDKContainerAllowedVersion)="true" (valor anterior: "false") en C:\Program Files\dotnet\sdk\10.0.102\Containers\build\Microsoft.NET.Build.Containers.targets (5,5)
       C:\Program Files\dotnet\sdk\10.0.102\Containers\build\Microsoft.NET.Build.Containers.targets(15,5): message : Reasignación de propiedad: $(_ContainerIsTargetingNet8TFM)="true" (valor anterior: "false") en C:\Program Files\dotnet\sdk\10.0.102\Containers\build\Microsoft.NET.Build.Containers.targets (15,5)
       Invalidando el destino "ResolveFrameworkReferences" del proyecto"C:\Program Files\dotnet\sdk\10.0.102\Microsoft.Common.CurrentVersion.targets" con el destino "ResolveFrameworkReferences" del proyecto "C:\Program Files\dotnet\sdk\10.0.102\Sdks\Microsoft.NET.Sdk\targets\Microsoft.NET.Sdk.FrameworkReferenceResolution.targets".
       Invalidando el destino "GenerateSupportedTargetFrameworkAlias" del proyecto"C:\Program Files\dotnet\sdk\10.0.102\Microsoft.Common.CurrentVersion.targets" con el destino "GenerateSupportedTargetFrameworkAlias" del proyecto "C:\Program Files\dotnet\sdk\10.0.102\Sdks\Microsoft.NET.Sdk\targets\Microsoft.NET.Sdk.targets".
       Invalidando el destino "GetReferenceAssemblyPaths" del proyecto"C:\Program Files\dotnet\sdk\10.0.102\Microsoft.Common.CurrentVersion.targets" con el destino "GetReferenceAssemblyPaths" del proyecto "C:\Program Files\dotnet\sdk\10.0.102\Sdks\Microsoft.NET.Sdk\targets\Microsoft.NET.DisableStandardFrameworkResolution.targets".
       Invalidando el destino "GetFrameworkPaths" del proyecto"C:\Program Files\dotnet\sdk\10.0.102\Microsoft.Common.CurrentVersion.targets" con el destino "GetFrameworkPaths" del proyecto "C:\Program Files\dotnet\sdk\10.0.102\Sdks\Microsoft.NET.Sdk\targets\Microsoft.NET.DisableStandardFrameworkResolution.targets".
       Invalidando el destino "DesignerRuntimeImplementationProjectOutputGroup" del proyecto"C:\Program Files\dotnet\sdk\10.0.102\Microsoft.Common.CurrentVersion.targets" con el destino "DesignerRuntimeImplementationProjectOutputGroup" del proyecto "C:\Program Files\dotnet\sdk\10.0.102\Sdks\Microsoft.NET.Sdk\targets\Microsoft.NET.DesignerSupport.targets".
       Invalidando el destino "Publish" del proyecto"C:\Program Files\dotnet\sdk\10.0.102\Microsoft.Common.CurrentVersion.targets" con el destino "Publish" del proyecto "C:\Program Files\dotnet\sdk\10.0.102\Sdks\Microsoft.NET.Sdk\targets\Microsoft.NET.Publish.targets".
       Invalidando el destino "ResolveReadyToRunCompilers" del proyecto"C:\Program Files\dotnet\sdk\10.0.102\Sdks\Microsoft.NET.Sdk\targets\Microsoft.NET.CrossGen.targets" con el destino "ResolveReadyToRunCompilers" del proyecto "C:\Program Files\dotnet\sdk\10.0.102\Sdks\Microsoft.NET.Sdk\targets\Microsoft.NET.Publish.targets".
       Invalidando el destino "GetCopyToPublishDirectoryItems" del proyecto"C:\Program Files\dotnet\sdk\10.0.102\Microsoft.Common.CurrentVersion.targets" con el destino "GetCopyToPublishDirectoryItems" del proyecto "C:\Program Files\dotnet\sdk\10.0.102\Sdks\Microsoft.NET.Sdk\targets\Microsoft.NET.Publish.targets".
       Invalidando el destino "Run" del proyecto"C:\Program Files\dotnet\sdk\10.0.102\Microsoft.Common.CurrentVersion.targets" con el destino "Run" del proyecto "C:\Program Files\dotnet\sdk\10.0.102\Sdks\Microsoft.NET.Sdk\targets\Microsoft.NET.Sdk.targets".
       Invalidando el destino "SatelliteDllsProjectOutputGroup" del proyecto"C:\Program Files\dotnet\sdk\10.0.102\Microsoft.Common.CurrentVersion.targets" con el destino "SatelliteDllsProjectOutputGroup" del proyecto "C:\Program Files\dotnet\sdk\10.0.102\Sdks\Microsoft.NET.Sdk.WindowsDesktop\targets\Microsoft.WinFX.targets".
     1>El proyecto "C:\Users\AlexM\OneDrive\Desktop\ABCD 2\CuadroMagicoApp\CuadroMagicoApp.csproj" (1) está compilando "C:\Users\AlexM\OneDrive\Desktop\ABCD 2\CuadroMagicoApp\CuadroMagicoApp.csproj" (1:2) en el nodo 1 (_IsProjectRestoreSupported destinos).
   1:2>Destino "_IsProjectRestoreSupported" en el archivo "C:\Program Files\dotnet\sdk\10.0.102\NuGet.targets" del proyecto "C:\Users\AlexM\OneDrive\Desktop\ABCD 2\CuadroMagicoApp\CuadroMagicoApp.csproj" (punto de entrada):
   1:2>Compilación terminada del destino "_IsProjectRestoreSupported" en el proyecto "CuadroMagicoApp.csproj".
   1:2>Compilación del proyecto terminada "C:\Users\AlexM\OneDrive\Desktop\ABCD 2\CuadroMagicoApp\CuadroMagicoApp.csproj" (_IsProjectRestoreSupported destinos).
     1>Ejecución de la tarea "MSBuild" terminada.
       Ensamblado cargado durante TaskRun: NuGet.Build.Tasks, Version=7.0.2.0, Culture=neutral, PublicKeyToken=31bf3856ad364e35(ubicación: C:\Program Files\dotnet\sdk\10.0.102\NuGet.Build.Tasks.dll, MVID: 08f938bc-c41a-460c-a57a-b3e65fa8480c, AssemblyLoadContext: MSBuild plugin C:\Program Files\dotnet\sdk\10.0.102\NuGet.Build.Tasks.dll)
       Ensamblado cargado durante TaskRun: NuGet.Common, Version=7.0.2.0, Culture=neutral, PublicKeyToken=31bf3856ad364e35(ubicación: C:\Program Files\dotnet\sdk\10.0.102\NuGet.Common.dll, MVID: 0ebddcbc-c0d1-4562-9772-1cc3c243691f, AssemblyLoadContext: MSBuild plugin C:\Program Files\dotnet\sdk\10.0.102\NuGet.Build.Tasks.dll)
       Ensamblado cargado durante TaskRun: NuGet.Commands, Version=7.0.2.0, Culture=neutral, PublicKeyToken=31bf3856ad364e35(ubicación: C:\Program Files\dotnet\sdk\10.0.102\NuGet.Commands.dll, MVID: a511dd5c-2599-4ad1-850c-954b0626c28d, AssemblyLoadContext: MSBuild plugin C:\Program Files\dotnet\sdk\10.0.102\NuGet.Build.Tasks.dll)
       Ensamblado cargado durante TaskRun: NuGet.ProjectModel, Version=7.0.2.0, Culture=neutral, PublicKeyToken=31bf3856ad364e35(ubicación: C:\Program Files\dotnet\sdk\10.0.102\NuGet.ProjectModel.dll, MVID: 7799350a-7e8f-4d79-9022-a95ee623280c, AssemblyLoadContext: MSBuild plugin C:\Program Files\dotnet\sdk\10.0.102\NuGet.Build.Tasks.dll)
       Usando la tarea "WarnForInvalidProjectsTask" del ensamblado "C:\Program Files\dotnet\sdk\10.0.102\NuGet.Build.Tasks.dll".
       Tarea "WarnForInvalidProjectsTask"
       Ejecución de la tarea "WarnForInvalidProjectsTask" terminada.
     1>Compilación terminada del destino "_FilterRestoreGraphProjectInputItems" en el proyecto "CuadroMagicoApp.csproj".
       Se omitió el destino "_FilterRestoreGraphProjectInputItems". Compilado previamente de forma correcta.
     1>Destino "_GetAllRestoreProjectPathItems" en el archivo "C:\Program Files\dotnet\sdk\10.0.102\NuGet.targets" del proyecto "C:\Users\AlexM\OneDrive\Desktop\ABCD 2\CuadroMagicoApp\CuadroMagicoApp.csproj" (el destino "_GenerateRestoreGraph" depende de él):
       Usando la tarea "NuGetMessageTask" del ensamblado "C:\Program Files\dotnet\sdk\10.0.102\NuGet.Build.Tasks.dll".
       Tarea "NuGetMessageTask"
         Ensamblado cargado durante TaskRun (NuGet.Build.Tasks.NuGetMessageTask): NuGet.Build.Tasks.resources, Version=7.0.2.0, Culture=es, PublicKeyToken=31bf3856ad364e35(ubicación: C:\Program Files\dotnet\sdk\10.0.102\es\NuGet.Build.Tasks.resources.dll, MVID: c813a965-49e7-434a-b0d3-a7b17f2e7131, AssemblyLoadContext: MSBuild plugin C:\Program Files\dotnet\sdk\10.0.102\NuGet.Build.Tasks.dll)
         Determinando los proyectos que se van a restaurar...
       Ejecución de la tarea "NuGetMessageTask" terminada.
       Tarea "MSBuild"
         Propiedades globales:
           ExcludeRestorePackageImports=true
     1>El proyecto "C:\Users\AlexM\OneDrive\Desktop\ABCD 2\CuadroMagicoApp\CuadroMagicoApp.csproj" (1) está compilando "C:\Users\AlexM\OneDrive\Desktop\ABCD 2\CuadroMagicoApp\CuadroMagicoApp.csproj" (1:3) en el nodo 1 (_GenerateRestoreProjectPathWalk destinos).
   1:3>Destino "_GenerateRestoreProjectPathItemsPerFramework" en el archivo "C:\Program Files\dotnet\sdk\10.0.102\NuGet.targets" del proyecto "C:\Users\AlexM\OneDrive\Desktop\ABCD 2\CuadroMagicoApp\CuadroMagicoApp.csproj" (el destino "_GenerateRestoreProjectPathItemsCurrentProject" depende de él):
   1:3>Usando la tarea "ConvertToAbsolutePath" del ensamblado "Microsoft.Build.Tasks.Core, Version=15.1.0.0, Culture=neutral, PublicKeyToken=b03f5f7f11d50a3a".
       Tarea "ConvertToAbsolutePath"
       Ejecución de la tarea "ConvertToAbsolutePath" terminada.
   1:3>Compilación terminada del destino "_GenerateRestoreProjectPathItemsPerFramework" en el proyecto "CuadroMagicoApp.csproj".
   1:3>Destino "_GenerateRestoreProjectPathItemsCurrentProject" en el archivo "C:\Program Files\dotnet\sdk\10.0.102\NuGet.targets" del proyecto "C:\Users\AlexM\OneDrive\Desktop\ABCD 2\CuadroMagicoApp\CuadroMagicoApp.csproj" (el destino "_GenerateRestoreProjectPathItems" depende de él):
   1:3>Compilación terminada del destino "_GenerateRestoreProjectPathItemsCurrentProject" en el proyecto "CuadroMagicoApp.csproj".
   1:3>Destino "_GenerateRestoreProjectPathItems" en el archivo "C:\Program Files\dotnet\sdk\10.0.102\NuGet.targets" del proyecto "C:\Users\AlexM\OneDrive\Desktop\ABCD 2\CuadroMagicoApp\CuadroMagicoApp.csproj" (el destino "_GenerateRestoreProjectPathWalk" depende de él):
       Tarea "RemoveDuplicates"
       Ejecución de la tarea "RemoveDuplicates" terminada.
   1:3>Compilación terminada del destino "_GenerateRestoreProjectPathItems" en el proyecto "CuadroMagicoApp.csproj".
   1:3>Destino "_GenerateRestoreProjectPathWalk" en el archivo "C:\Program Files\dotnet\sdk\10.0.102\NuGet.targets" del proyecto "C:\Users\AlexM\OneDrive\Desktop\ABCD 2\CuadroMagicoApp\CuadroMagicoApp.csproj" (punto de entrada):
       Tarea "MSBuild"
       Ejecución de la tarea "MSBuild" terminada.
       Tarea "RemoveDuplicates"
       Ejecución de la tarea "RemoveDuplicates" terminada.
   1:3>Compilación terminada del destino "_GenerateRestoreProjectPathWalk" en el proyecto "CuadroMagicoApp.csproj".
   1:3>Compilación del proyecto terminada "C:\Users\AlexM\OneDrive\Desktop\ABCD 2\CuadroMagicoApp\CuadroMagicoApp.csproj" (_GenerateRestoreProjectPathWalk destinos).
     1>Ejecución de la tarea "MSBuild" terminada.
       Tarea "RemoveDuplicates"
       Ejecución de la tarea "RemoveDuplicates" terminada.
       Tarea "MSBuild"
         Propiedades globales:
           ExcludeRestorePackageImports=true
     1>El proyecto "C:\Users\AlexM\OneDrive\Desktop\ABCD 2\CuadroMagicoApp\CuadroMagicoApp.csproj" (1) está compilando "C:\Users\AlexM\OneDrive\Desktop\ABCD 2\CuadroMagicoApp\CuadroMagicoApp.csproj" (1:4) en el nodo 1 (_IsProjectRestoreSupported destinos).
   1:4>Se omitió el destino "_IsProjectRestoreSupported". Compilado previamente de forma correcta.
   1:4>Compilación del proyecto terminada "C:\Users\AlexM\OneDrive\Desktop\ABCD 2\CuadroMagicoApp\CuadroMagicoApp.csproj" (_IsProjectRestoreSupported destinos).
     1>Ejecución de la tarea "MSBuild" terminada.
     1>Compilación terminada del destino "_GetAllRestoreProjectPathItems" en el proyecto "CuadroMagicoApp.csproj".
     1>Destino "_GenerateRestoreGraph" en el archivo "C:\Program Files\dotnet\sdk\10.0.102\NuGet.targets" del proyecto "C:\Users\AlexM\OneDrive\Desktop\ABCD 2\CuadroMagicoApp\CuadroMagicoApp.csproj" (el destino "Restore" depende de él):
       Usando la tarea "Message" del ensamblado "Microsoft.Build.Tasks.Core, Version=15.1.0.0, Culture=neutral, PublicKeyToken=b03f5f7f11d50a3a".
       Tarea "Message"
         Generating dg file
       Ejecución de la tarea "Message" terminada.
       Tarea "Message"
         C:\Users\AlexM\OneDrive\Desktop\ABCD 2\CuadroMagicoApp\CuadroMagicoApp.csproj
       Ejecución de la tarea "Message" terminada.
       Tarea "MSBuild"
         Propiedades globales:
           ExcludeRestorePackageImports=true
     1>El proyecto "C:\Users\AlexM\OneDrive\Desktop\ABCD 2\CuadroMagicoApp\CuadroMagicoApp.csproj" (1) está compilando "C:\Users\AlexM\OneDrive\Desktop\ABCD 2\CuadroMagicoApp\CuadroMagicoApp.csproj" (1:5) en el nodo 1 (_GenerateRestoreGraphProjectEntry destinos).
   1:5>Destino "_CheckForUnsupportedTargetPlatformIdentifier" en el archivo "C:\Program Files\dotnet\sdk\10.0.102\Sdks\Microsoft.NET.Sdk\targets\Microsoft.NET.TargetFrameworkInference.targets" del proyecto "C:\Users\AlexM\OneDrive\Desktop\ABCD 2\CuadroMagicoApp\CuadroMagicoApp.csproj" (el destino "CollectPackageReferences" depende de él):
   1:5>Compilación terminada del destino "_CheckForUnsupportedTargetPlatformIdentifier" en el proyecto "CuadroMagicoApp.csproj".
   1:5>Destino "_CheckForUnsupportedNETCoreVersion" en el archivo "C:\Program Files\dotnet\sdk\10.0.102\Sdks\Microsoft.NET.Sdk\targets\Microsoft.NET.TargetFrameworkInference.targets" del proyecto "C:\Users\AlexM\OneDrive\Desktop\ABCD 2\CuadroMagicoApp\CuadroMagicoApp.csproj" (el destino "CollectPackageReferences" depende de él):
   1:5>Compilación terminada del destino "_CheckForUnsupportedNETCoreVersion" en el proyecto "CuadroMagicoApp.csproj".
   1:5>Destino "_CheckForUnsupportedCppNETCoreVersion" en el archivo "C:\Program Files\dotnet\sdk\10.0.102\Sdks\Microsoft.NET.Sdk\targets\Microsoft.NET.TargetFrameworkInference.targets" del proyecto "C:\Users\AlexM\OneDrive\Desktop\ABCD 2\CuadroMagicoApp\CuadroMagicoApp.csproj" (el destino "CollectPackageReferences" depende de él):
   1:5>Compilación terminada del destino "_CheckForUnsupportedCppNETCoreVersion" en el proyecto "CuadroMagicoApp.csproj".
   1:5>Destino "CheckForImplicitPackageReferenceOverrides" en el archivo "C:\Program Files\dotnet\sdk\10.0.102\Sdks\Microsoft.NET.Sdk\targets\Microsoft.NET.Sdk.DefaultItems.Shared.targets" del proyecto "C:\Users\AlexM\OneDrive\Desktop\ABCD 2\CuadroMagicoApp\CuadroMagicoApp.csproj" (el destino "CollectPackageReferences" depende de él):
       Usando la tarea "CheckForImplicitPackageReferenceOverrides" del ensamblado "C:\Program Files\dotnet\sdk\10.0.102\Sdks\Microsoft.NET.Sdk\targets\..\tools\net10.0\Microsoft.NET.Build.Tasks.dll".
       Tarea "CheckForImplicitPackageReferenceOverrides"
       Ejecución de la tarea "CheckForImplicitPackageReferenceOverrides" terminada.
   1:5>Compilación terminada del destino "CheckForImplicitPackageReferenceOverrides" en el proyecto "CuadroMagicoApp.csproj".
   1:5>Destino "AddWindowsSdkKnownFrameworkReferences" en el archivo "C:\Program Files\dotnet\sdk\10.0.102\Sdks\Microsoft.NET.Sdk\targets\Microsoft.NET.Sdk.FrameworkReferenceResolution.targets" del proyecto "C:\Users\AlexM\OneDrive\Desktop\ABCD 2\CuadroMagicoApp\CuadroMagicoApp.csproj" (el destino "ProcessFrameworkReferences" depende de él):
       Usando la tarea "CreateWindowsSdkKnownFrameworkReferences" del ensamblado "C:\Program Files\dotnet\sdk\10.0.102\Sdks\Microsoft.NET.Sdk\targets\..\tools\net10.0\Microsoft.NET.Build.Tasks.dll".
       Tarea "CreateWindowsSdkKnownFrameworkReferences"
       Ejecución de la tarea "CreateWindowsSdkKnownFrameworkReferences" terminada.
   1:5>Compilación terminada del destino "AddWindowsSdkKnownFrameworkReferences" en el proyecto "CuadroMagicoApp.csproj".
   1:5>Destino "_NormalizeTargetPlatformVersion" en el archivo "C:\Program Files\dotnet\sdk\10.0.102\Sdks\Microsoft.NET.Sdk\targets\Microsoft.NET.TargetFrameworkInference.targets" del proyecto "C:\Users\AlexM\OneDrive\Desktop\ABCD 2\CuadroMagicoApp\CuadroMagicoApp.csproj" (el destino "ProcessFrameworkReferences" depende de él):
   1:5>Compilación terminada del destino "_NormalizeTargetPlatformVersion" en el proyecto "CuadroMagicoApp.csproj".
   1:5>Destino "_CheckForLanguageAndFeatureCombinationSupport" en el archivo "C:\Program Files\dotnet\sdk\10.0.102\Sdks\Microsoft.NET.Sdk\targets\Microsoft.NET.RuntimeIdentifierInference.targets" del proyecto "C:\Users\AlexM\OneDrive\Desktop\ABCD 2\CuadroMagicoApp\CuadroMagicoApp.csproj" (el destino "ProcessFrameworkReferences" depende de él):
   1:5>Compilación terminada del destino "_CheckForLanguageAndFeatureCombinationSupport" en el proyecto "CuadroMagicoApp.csproj".
   1:5>Destino "_ComputeToolPackInputsToProcessFrameworkReferences" en el archivo "C:\Program Files\dotnet\sdk\10.0.102\Sdks\Microsoft.NET.Sdk\targets\Microsoft.NET.Publish.targets" del proyecto "C:\Users\AlexM\OneDrive\Desktop\ABCD 2\CuadroMagicoApp\CuadroMagicoApp.csproj" (el destino "ProcessFrameworkReferences" depende de él):
   1:5>Compilación terminada del destino "_ComputeToolPackInputsToProcessFrameworkReferences" en el proyecto "CuadroMagicoApp.csproj".
   1:5>Destino "ProcessFrameworkReferences" en el archivo "C:\Program Files\dotnet\sdk\10.0.102\Sdks\Microsoft.NET.Sdk\targets\Microsoft.NET.Sdk.FrameworkReferenceResolution.targets" del proyecto "C:\Users\AlexM\OneDrive\Desktop\ABCD 2\CuadroMagicoApp\CuadroMagicoApp.csproj" (el destino "CollectPackageReferences" depende de él):
       Usando la tarea "CheckForDuplicateFrameworkReferences" del ensamblado "C:\Program Files\dotnet\sdk\10.0.102\Sdks\Microsoft.NET.Sdk\targets\..\tools\net10.0\Microsoft.NET.Build.Tasks.dll".
       Tarea "CheckForDuplicateFrameworkReferences"
       Ejecución de la tarea "CheckForDuplicateFrameworkReferences" terminada.
       Usando la tarea "ProcessFrameworkReferences" del ensamblado "C:\Program Files\dotnet\sdk\10.0.102\Sdks\Microsoft.NET.Sdk\targets\..\tools\net10.0\Microsoft.NET.Build.Tasks.dll".
       Tarea "ProcessFrameworkReferences"
         Found 2 known framework references for target framework .NETCoreApp
         Found 5 known runtime packs for target framework .NETCoreApp
         Selected Microsoft.NETCore.App with RIDs 'linux-arm;linux-arm64;linux-musl-arm64;linux-musl-x64;linux-x64;osx-x64;tizen.4.0.0-armel;tizen.5.0.0-armel;win-arm64;win-x64;win-x86;linux-musl-arm;osx-arm64;linux-s390x;linux-loongarch64;linux-bionic-arm;linux-bionic-arm64;linux-bionic-x64;linux-bionic-x86;linux-ppc64le;freebsd-x64;freebsd-arm64;linux-riscv64;linux-musl-riscv64;linux-musl-loongarch64;android-arm64;android-x64'
         Selected targeting pack 'Microsoft.NETCore.App@10.0.2'
         Added runtime framework 'Microsoft.NETCore.App@10.0.0'
         Selected Microsoft.WindowsDesktop.App with RIDs 'win-x64;win-x86;win-arm64'
         Selected targeting pack 'Microsoft.WindowsDesktop.App@10.0.2'
         Added runtime framework 'Microsoft.WindowsDesktop.App@10.0.0'
         Selected Microsoft.WindowsDesktop.App with RIDs 'win-x64;win-x86;win-arm64'
         Selected targeting pack 'Microsoft.WindowsDesktop.App.WPF@10.0.2'
         Added runtime framework 'Microsoft.WindowsDesktop.App@10.0.0'
         Selected Microsoft.WindowsDesktop.App with RIDs 'win-x64;win-x86;win-arm64'
         Selected targeting pack 'Microsoft.WindowsDesktop.App.WindowsForms@10.0.2'
         Added runtime framework 'Microsoft.WindowsDesktop.App@10.0.0'
         Selected Microsoft.AspNetCore.App with RIDs 'win-x64;win-x86;osx-x64;linux-musl-x64;linux-musl-arm64;linux-x64;linux-arm;linux-arm64;linux-musl-arm;win-arm64;osx-arm64;linux-s390x;linux-loongarch64;linux-ppc64le;freebsd-x64;freebsd-arm64;linux-riscv64;linux-musl-riscv64;linux-loongarch64;linux-musl-loongarch64'
         Selected targeting pack 'Microsoft.AspNetCore.App@10.0.2'
         Added runtime framework 'Microsoft.AspNetCore.App@10.0.0'
       Ejecución de la tarea "ProcessFrameworkReferences" terminada.
       Usando la tarea "ResolveAppHosts" del ensamblado "C:\Program Files\dotnet\sdk\10.0.102\Sdks\Microsoft.NET.Sdk\targets\..\tools\net10.0\Microsoft.NET.Build.Tasks.dll".
       Tarea "ResolveAppHosts"
       Ejecución de la tarea "ResolveAppHosts" terminada.
   1:5>Compilación terminada del destino "ProcessFrameworkReferences" en el proyecto "CuadroMagicoApp.csproj".
   1:5>Destino "_CheckForObsoleteDotNetCliToolReferences" en el archivo "C:\Program Files\dotnet\sdk\10.0.102\Sdks\Microsoft.NET.Sdk\targets\Microsoft.NET.ObsoleteReferences.targets" del proyecto "C:\Users\AlexM\OneDrive\Desktop\ABCD 2\CuadroMagicoApp\CuadroMagicoApp.csproj" (el destino "CollectPackageReferences" depende de él):
   1:5>Compilación terminada del destino "_CheckForObsoleteDotNetCliToolReferences" en el proyecto "CuadroMagicoApp.csproj".
   1:5>Destino "CollectPackageReferences" en el archivo "C:\Program Files\dotnet\sdk\10.0.102\NuGet.targets" del proyecto "C:\Users\AlexM\OneDrive\Desktop\ABCD 2\CuadroMagicoApp\CuadroMagicoApp.csproj" (el destino "_GetRestoreProjectStyle" depende de él):
       Usando la tarea "CheckForDuplicateNuGetItemsTask" del ensamblado "C:\Program Files\dotnet\sdk\10.0.102\NuGet.Build.Tasks.dll".
       Tarea "CheckForDuplicateNuGetItemsTask"
       Ejecución de la tarea "CheckForDuplicateNuGetItemsTask" terminada.
   1:5>Compilación terminada del destino "CollectPackageReferences" en el proyecto "CuadroMagicoApp.csproj".
   1:5>Destino "_GetRestoreProjectStyle" en el archivo "C:\Program Files\dotnet\sdk\10.0.102\NuGet.targets" del proyecto "C:\Users\AlexM\OneDrive\Desktop\ABCD 2\CuadroMagicoApp\CuadroMagicoApp.csproj" (el destino "_GenerateRestoreSpecs" depende de él):
       Usando la tarea "GetRestoreProjectStyleTask" del ensamblado "C:\Program Files\dotnet\sdk\10.0.102\NuGet.Build.Tasks.dll".
       Tarea "GetRestoreProjectStyleTask"
       Ejecución de la tarea "GetRestoreProjectStyleTask" terminada.
   1:5>Compilación terminada del destino "_GetRestoreProjectStyle" en el proyecto "CuadroMagicoApp.csproj".
   1:5>Destino "_GenerateRestoreSpecs" en el archivo "C:\Program Files\dotnet\sdk\10.0.102\NuGet.targets" del proyecto "C:\Users\AlexM\OneDrive\Desktop\ABCD 2\CuadroMagicoApp\CuadroMagicoApp.csproj" (el destino "_GenerateRestoreGraphProjectEntry" depende de él):
       Tarea "Message"
         Restore entry point C:\Users\AlexM\OneDrive\Desktop\ABCD 2\CuadroMagicoApp\CuadroMagicoApp.csproj
       Ejecución de la tarea "Message" terminada.
   1:5>Compilación terminada del destino "_GenerateRestoreSpecs" en el proyecto "CuadroMagicoApp.csproj".
   1:5>Destino "_GetRestoreSettingsOverrides" en el archivo "C:\Program Files\dotnet\sdk\10.0.102\NuGet.targets" del proyecto "C:\Users\AlexM\OneDrive\Desktop\ABCD 2\CuadroMagicoApp\CuadroMagicoApp.csproj" (el destino "_GetRestoreSettings" depende de él):
   1:5>Compilación terminada del destino "_GetRestoreSettingsOverrides" en el proyecto "CuadroMagicoApp.csproj".
   1:5>Destino "_GetRestoreSettingsPerFramework" en el archivo "C:\Program Files\dotnet\sdk\10.0.102\NuGet.targets" del proyecto "C:\Users\AlexM\OneDrive\Desktop\ABCD 2\CuadroMagicoApp\CuadroMagicoApp.csproj" (el destino "_GetRestoreSettingsCurrentProject" depende de él):
   1:5>Compilación terminada del destino "_GetRestoreSettingsPerFramework" en el proyecto "CuadroMagicoApp.csproj".
   1:5>Destino "_GetRestoreSettingsCurrentProject" en el archivo "C:\Program Files\dotnet\sdk\10.0.102\NuGet.targets" del proyecto "C:\Users\AlexM\OneDrive\Desktop\ABCD 2\CuadroMagicoApp\CuadroMagicoApp.csproj" (el destino "_GetRestoreSettings" depende de él):
   1:5>Compilación terminada del destino "_GetRestoreSettingsCurrentProject" en el proyecto "CuadroMagicoApp.csproj".
   1:5>Destino "_GetRestoreSettings" en el archivo "C:\Program Files\dotnet\sdk\10.0.102\NuGet.targets" del proyecto "C:\Users\AlexM\OneDrive\Desktop\ABCD 2\CuadroMagicoApp\CuadroMagicoApp.csproj" (el destino "_GenerateDotnetCliToolReferenceSpecs" depende de él):
       Usando la tarea "GetRestoreSettingsTask" del ensamblado "C:\Program Files\dotnet\sdk\10.0.102\NuGet.Build.Tasks.dll".
       Tarea "GetRestoreSettingsTask"
         Ensamblado cargado durante TaskRun (NuGet.Build.Tasks.GetRestoreSettingsTask): NuGet.Configuration, Version=7.0.2.0, Culture=neutral, PublicKeyToken=31bf3856ad364e35(ubicación: C:\Program Files\dotnet\sdk\10.0.102\NuGet.Configuration.dll, MVID: 19c054bf-5f43-475d-9020-1af2e31675fc, AssemblyLoadContext: MSBuild plugin C:\Program Files\dotnet\sdk\10.0.102\NuGet.Build.Tasks.dll)
       Ejecución de la tarea "GetRestoreSettingsTask" terminada.
   1:5>Compilación terminada del destino "_GetRestoreSettings" en el proyecto "CuadroMagicoApp.csproj".
   1:5>Destino "_GenerateDotnetCliToolReferenceSpecs" en el archivo "C:\Program Files\dotnet\sdk\10.0.102\NuGet.targets" del proyecto "C:\Users\AlexM\OneDrive\Desktop\ABCD 2\CuadroMagicoApp\CuadroMagicoApp.csproj" (el destino "_GenerateRestoreGraphProjectEntry" depende de él):
       Usando la tarea "GetRestoreDotnetCliToolsTask" del ensamblado "C:\Program Files\dotnet\sdk\10.0.102\NuGet.Build.Tasks.dll".
       Tarea "GetRestoreDotnetCliToolsTask"
       Ejecución de la tarea "GetRestoreDotnetCliToolsTask" terminada.
   1:5>Compilación terminada del destino "_GenerateDotnetCliToolReferenceSpecs" en el proyecto "CuadroMagicoApp.csproj".
   1:5>Destino "_GenerateRestoreGraphProjectEntry" en el archivo "C:\Program Files\dotnet\sdk\10.0.102\NuGet.targets" del proyecto "C:\Users\AlexM\OneDrive\Desktop\ABCD 2\CuadroMagicoApp\CuadroMagicoApp.csproj" (punto de entrada):
   1:5>Compilación terminada del destino "_GenerateRestoreGraphProjectEntry" en el proyecto "CuadroMagicoApp.csproj".
   1:5>Compilación del proyecto terminada "C:\Users\AlexM\OneDrive\Desktop\ABCD 2\CuadroMagicoApp\CuadroMagicoApp.csproj" (_GenerateRestoreGraphProjectEntry destinos).
     1>Ejecución de la tarea "MSBuild" terminada.
       Tarea "MSBuild"
         Propiedades globales:
           ExcludeRestorePackageImports=true
     1>El proyecto "C:\Users\AlexM\OneDrive\Desktop\ABCD 2\CuadroMagicoApp\CuadroMagicoApp.csproj" (1) está compilando "C:\Users\AlexM\OneDrive\Desktop\ABCD 2\CuadroMagicoApp\CuadroMagicoApp.csproj" (1:6) en el nodo 1 (_GenerateProjectRestoreGraph destinos).
   1:6>Se omitió el destino "_GetRestoreProjectStyle". Compilado previamente de forma correcta.
       Se omitió el destino "_GetRestoreProjectStyle". Compilado previamente de forma correcta.
       Se omitió el destino "_GetRestoreProjectStyle". Compilado previamente de forma correcta.
   1:6>Destino "_GetRestoreTargetFrameworkOverride" en el archivo "C:\Program Files\dotnet\sdk\10.0.102\NuGet.targets" del proyecto "C:\Users\AlexM\OneDrive\Desktop\ABCD 2\CuadroMagicoApp\CuadroMagicoApp.csproj" (el destino "_GetRestoreTargetFrameworksOutput" depende de él):
   1:6>Compilación terminada del destino "_GetRestoreTargetFrameworkOverride" en el proyecto "CuadroMagicoApp.csproj".
   1:6>Destino "_GetRestoreTargetFrameworksOutput" en el archivo "C:\Program Files\dotnet\sdk\10.0.102\NuGet.targets" del proyecto "C:\Users\AlexM\OneDrive\Desktop\ABCD 2\CuadroMagicoApp\CuadroMagicoApp.csproj" (el destino "_GenerateRestoreProjectSpec" depende de él):
       Usando la tarea "GetProjectTargetFrameworksTask" del ensamblado "C:\Program Files\dotnet\sdk\10.0.102\NuGet.Build.Tasks.dll".
       Tarea "GetProjectTargetFrameworksTask"
       Ejecución de la tarea "GetProjectTargetFrameworksTask" terminada.
   1:6>Compilación terminada del destino "_GetRestoreTargetFrameworksOutput" en el proyecto "CuadroMagicoApp.csproj".
       Se omitió el destino "_GetRestoreSettings". Compilado previamente de forma correcta.
   1:6>Destino "_GenerateRestoreProjectSpec" en el archivo "C:\Program Files\dotnet\sdk\10.0.102\NuGet.targets" del proyecto "C:\Users\AlexM\OneDrive\Desktop\ABCD 2\CuadroMagicoApp\CuadroMagicoApp.csproj" (el destino "_GenerateProjectRestoreGraph" depende de él):
       Tarea "ConvertToAbsolutePath"
       Ejecución de la tarea "ConvertToAbsolutePath" terminada.
   1:6>Compilación terminada del destino "_GenerateRestoreProjectSpec" en el proyecto "CuadroMagicoApp.csproj".
       Se omitió el destino "_GetRestoreProjectStyle". Compilado previamente de forma correcta.
       Se omitió el destino "CollectPackageReferences". Compilado previamente de forma correcta.
   1:6>Destino "CollectPackageDownloads" en el archivo "C:\Program Files\dotnet\sdk\10.0.102\NuGet.targets" del proyecto "C:\Users\AlexM\OneDrive\Desktop\ABCD 2\CuadroMagicoApp\CuadroMagicoApp.csproj" (el destino "_CollectRestoreInputs" depende de él):
       Tarea "CheckForDuplicateNuGetItemsTask"
       Ejecución de la tarea "CheckForDuplicateNuGetItemsTask" terminada.
   1:6>Compilación terminada del destino "CollectPackageDownloads" en el proyecto "CuadroMagicoApp.csproj".
   1:6>Destino "CollectFrameworkReferences" en el archivo "C:\Program Files\dotnet\sdk\10.0.102\NuGet.targets" del proyecto "C:\Users\AlexM\OneDrive\Desktop\ABCD 2\CuadroMagicoApp\CuadroMagicoApp.csproj" (el destino "_CollectRestoreInputs" depende de él):
   1:6>Compilación terminada del destino "CollectFrameworkReferences" en el proyecto "CuadroMagicoApp.csproj".
   1:6>Destino "CollectCentralPackageVersions" en el archivo "C:\Program Files\dotnet\sdk\10.0.102\NuGet.targets" del proyecto "C:\Users\AlexM\OneDrive\Desktop\ABCD 2\CuadroMagicoApp\CuadroMagicoApp.csproj" (el destino "_CollectRestoreInputs" depende de él):
       Tarea "CheckForDuplicateNuGetItemsTask"
       Ejecución de la tarea "CheckForDuplicateNuGetItemsTask" terminada.
   1:6>Compilación terminada del destino "CollectCentralPackageVersions" en el proyecto "CuadroMagicoApp.csproj".
   1:6>Destino "CollectNuGetAuditSuppressions" en el archivo "C:\Program Files\dotnet\sdk\10.0.102\NuGet.targets" del proyecto "C:\Users\AlexM\OneDrive\Desktop\ABCD 2\CuadroMagicoApp\CuadroMagicoApp.csproj" (el destino "_CollectRestoreInputs" depende de él):
       Tarea "CheckForDuplicateNuGetItemsTask"
       Ejecución de la tarea "CheckForDuplicateNuGetItemsTask" terminada.
   1:6>Compilación terminada del destino "CollectNuGetAuditSuppressions" en el proyecto "CuadroMagicoApp.csproj".
       Se omitió el destino "ProcessFrameworkReferences". Compilado previamente de forma correcta.
   1:6>Destino "AddPrunePackageReferences" en el archivo "C:\Program Files\dotnet\sdk\10.0.102\Sdks\Microsoft.NET.Sdk\targets\Microsoft.NET.Sdk.FrameworkReferenceResolution.targets" del proyecto "C:\Users\AlexM\OneDrive\Desktop\ABCD 2\CuadroMagicoApp\CuadroMagicoApp.csproj" (el destino "CollectPrunePackageReferences" depende de él):
       Usando la tarea "GetPackagesToPrune" del ensamblado "C:\Program Files\dotnet\sdk\10.0.102\Sdks\Microsoft.NET.Sdk\targets\..\tools\net10.0\Microsoft.NET.Build.Tasks.dll".
       Tarea "GetPackagesToPrune"
         Loading packages to prune for .NETCoreApp 10.0 Microsoft.NETCore.App
         Loading prune package data from PrunePackageData folder
         Failed to load prune package data from PrunePackageData folder, loading from targeting packs instead
         Looking for targeting packs in C:\Program Files\dotnet\packs\Microsoft.NETCore.App.Ref
         Pack directories found: C:\Program Files\dotnet\packs\Microsoft.NETCore.App.Ref\10.0.2
         Found package overrides file C:\Program Files\dotnet\packs\Microsoft.NETCore.App.Ref\10.0.2\data\PackageOverrides.txt
         Loading packages to prune for .NETCoreApp 10.0 Microsoft.WindowsDesktop.App
         Loading prune package data from PrunePackageData folder
         Failed to load prune package data from PrunePackageData folder, loading from targeting packs instead
         Looking for targeting packs in C:\Program Files\dotnet\packs\Microsoft.WindowsDesktop.App.Ref
         Pack directories found: C:\Program Files\dotnet\packs\Microsoft.WindowsDesktop.App.Ref\10.0.2
         Found package overrides file C:\Program Files\dotnet\packs\Microsoft.WindowsDesktop.App.Ref\10.0.2\data\PackageOverrides.txt
       Ejecución de la tarea "GetPackagesToPrune" terminada.
   1:6>Compilación terminada del destino "AddPrunePackageReferences" en el proyecto "CuadroMagicoApp.csproj".
   1:6>Destino "CollectPrunePackageReferences" en el archivo "C:\Program Files\dotnet\sdk\10.0.102\NuGet.targets" del proyecto "C:\Users\AlexM\OneDrive\Desktop\ABCD 2\CuadroMagicoApp\CuadroMagicoApp.csproj" (el destino "_CollectRestoreInputs" depende de él):
       Tarea "CheckForDuplicateNuGetItemsTask"
       Ejecución de la tarea "CheckForDuplicateNuGetItemsTask" terminada.
   1:6>Compilación terminada del destino "CollectPrunePackageReferences" en el proyecto "CuadroMagicoApp.csproj".
   1:6>Destino "_CollectRestoreInputs" en el archivo "C:\Program Files\dotnet\sdk\10.0.102\NuGet.targets" del proyecto "C:\Users\AlexM\OneDrive\Desktop\ABCD 2\CuadroMagicoApp\CuadroMagicoApp.csproj" (el destino "_GenerateProjectRestoreGraphPerFramework" depende de él):
   1:6>Compilación terminada del destino "_CollectRestoreInputs" en el proyecto "CuadroMagicoApp.csproj".
   1:6>Destino "_GenerateProjectRestoreGraphPerFramework" en el archivo "C:\Program Files\dotnet\sdk\10.0.102\NuGet.targets" del proyecto "C:\Users\AlexM\OneDrive\Desktop\ABCD 2\CuadroMagicoApp\CuadroMagicoApp.csproj" (el destino "_GenerateProjectRestoreGraphCurrentProject" depende de él):
       Usando la tarea "GetRestoreProjectReferencesTask" del ensamblado "C:\Program Files\dotnet\sdk\10.0.102\NuGet.Build.Tasks.dll".
       Tarea "GetRestoreProjectReferencesTask"
       Ejecución de la tarea "GetRestoreProjectReferencesTask" terminada.
       Usando la tarea "GetRestorePackageReferencesTask" del ensamblado "C:\Program Files\dotnet\sdk\10.0.102\NuGet.Build.Tasks.dll".
       Tarea "GetRestorePackageReferencesTask"
       Ejecución de la tarea "GetRestorePackageReferencesTask" terminada.
       Usando la tarea "GetRestorePackageDownloadsTask" del ensamblado "C:\Program Files\dotnet\sdk\10.0.102\NuGet.Build.Tasks.dll".
       Tarea "GetRestorePackageDownloadsTask"
       Ejecución de la tarea "GetRestorePackageDownloadsTask" terminada.
       Usando la tarea "GetRestoreFrameworkReferencesTask" del ensamblado "C:\Program Files\dotnet\sdk\10.0.102\NuGet.Build.Tasks.dll".
       Tarea "GetRestoreFrameworkReferencesTask"
       Ejecución de la tarea "GetRestoreFrameworkReferencesTask" terminada.
       Usando la tarea "GetRestoreNuGetAuditSuppressionsTask" del ensamblado "C:\Program Files\dotnet\sdk\10.0.102\NuGet.Build.Tasks.dll".
       Tarea "GetRestoreNuGetAuditSuppressionsTask"
       Ejecución de la tarea "GetRestoreNuGetAuditSuppressionsTask" terminada.
       Usando la tarea "GetRestorePrunePackageReferencesTask" del ensamblado "C:\Program Files\dotnet\sdk\10.0.102\NuGet.Build.Tasks.dll".
       Tarea "GetRestorePrunePackageReferencesTask"
       Ejecución de la tarea "GetRestorePrunePackageReferencesTask" terminada.
   1:6>Compilación terminada del destino "_GenerateProjectRestoreGraphPerFramework" en el proyecto "CuadroMagicoApp.csproj".
   1:6>Destino "_GenerateProjectRestoreGraphCurrentProject" en el archivo "C:\Program Files\dotnet\sdk\10.0.102\NuGet.targets" del proyecto "C:\Users\AlexM\OneDrive\Desktop\ABCD 2\CuadroMagicoApp\CuadroMagicoApp.csproj" (el destino "_GenerateRestoreDependencies" depende de él):
   1:6>Compilación terminada del destino "_GenerateProjectRestoreGraphCurrentProject" en el proyecto "CuadroMagicoApp.csproj".
   1:6>Destino "_GenerateRestoreDependencies" en el archivo "C:\Program Files\dotnet\sdk\10.0.102\NuGet.targets" del proyecto "C:\Users\AlexM\OneDrive\Desktop\ABCD 2\CuadroMagicoApp\CuadroMagicoApp.csproj" (el destino "_GenerateProjectRestoreGraph" depende de él):
   1:6>Compilación terminada del destino "_GenerateRestoreDependencies" en el proyecto "CuadroMagicoApp.csproj".
   1:6>Destino "_GenerateProjectRestoreGraph" en el archivo "C:\Program Files\dotnet\sdk\10.0.102\NuGet.targets" del proyecto "C:\Users\AlexM\OneDrive\Desktop\ABCD 2\CuadroMagicoApp\CuadroMagicoApp.csproj" (punto de entrada):
   1:6>Compilación terminada del destino "_GenerateProjectRestoreGraph" en el proyecto "CuadroMagicoApp.csproj".
   1:6>Compilación del proyecto terminada "C:\Users\AlexM\OneDrive\Desktop\ABCD 2\CuadroMagicoApp\CuadroMagicoApp.csproj" (_GenerateProjectRestoreGraph destinos).
     1>Ejecución de la tarea "MSBuild" terminada.
     1>Compilación terminada del destino "_GenerateRestoreGraph" en el proyecto "CuadroMagicoApp.csproj".
     1>Destino "_CollectTargetFrameworkForTelemetry" en el archivo "C:\Program Files\dotnet\sdk\10.0.102\Sdks\Microsoft.NET.Sdk\targets\Microsoft.NET.TargetFrameworkInference.targets" del proyecto "C:\Users\AlexM\OneDrive\Desktop\ABCD 2\CuadroMagicoApp\CuadroMagicoApp.csproj" (el destino "Restore" depende de él):
       Usando la tarea "AllowEmptyTelemetry" del ensamblado "C:\Program Files\dotnet\sdk\10.0.102\Sdks\Microsoft.NET.Sdk\targets\..\tools\net10.0\Microsoft.NET.Build.Tasks.dll".
       Tarea "AllowEmptyTelemetry"
       Ejecución de la tarea "AllowEmptyTelemetry" terminada.
     1>Compilación terminada del destino "_CollectTargetFrameworkForTelemetry" en el proyecto "CuadroMagicoApp.csproj".
     1>Destino "_CheckForUnsupportedNETCoreVersion" en el archivo "C:\Program Files\dotnet\sdk\10.0.102\Sdks\Microsoft.NET.Sdk\targets\Microsoft.NET.TargetFrameworkInference.targets" del proyecto "C:\Users\AlexM\OneDrive\Desktop\ABCD 2\CuadroMagicoApp\CuadroMagicoApp.csproj" (el destino "Restore" depende de él):
     1>Compilación terminada del destino "_CheckForUnsupportedNETCoreVersion" en el proyecto "CuadroMagicoApp.csproj".
     1>Destino "_CheckForUnsupportedCppNETCoreVersion" en el archivo "C:\Program Files\dotnet\sdk\10.0.102\Sdks\Microsoft.NET.Sdk\targets\Microsoft.NET.TargetFrameworkInference.targets" del proyecto "C:\Users\AlexM\OneDrive\Desktop\ABCD 2\CuadroMagicoApp\CuadroMagicoApp.csproj" (el destino "Restore" depende de él):
     1>Compilación terminada del destino "_CheckForUnsupportedCppNETCoreVersion" en el proyecto "CuadroMagicoApp.csproj".
     1>Destino "Restore" en el archivo "C:\Program Files\dotnet\sdk\10.0.102\NuGet.targets" del proyecto "C:\Users\AlexM\OneDrive\Desktop\ABCD 2\CuadroMagicoApp\CuadroMagicoApp.csproj" (punto de entrada):
       Tarea "RemoveDuplicates"
       Ejecución de la tarea "RemoveDuplicates" terminada.
       Usando la tarea "RestoreTask" del ensamblado "C:\Program Files\dotnet\sdk\10.0.102\NuGet.Build.Tasks.dll".
       Tarea "RestoreTask"
         Ensamblado cargado durante TaskRun (NuGet.Build.Tasks.RestoreTask): NuGet.Packaging, Version=7.0.2.0, Culture=neutral, PublicKeyToken=31bf3856ad364e35(ubicación: C:\Program Files\dotnet\sdk\10.0.102\NuGet.Packaging.dll, MVID: d97df112-1c31-494b-92f9-b19b3bf4d608, AssemblyLoadContext: MSBuild plugin C:\Program Files\dotnet\sdk\10.0.102\NuGet.Build.Tasks.dll)
         Ensamblado cargado durante TaskRun (NuGet.Build.Tasks.RestoreTask): NuGet.LibraryModel, Version=7.0.2.0, Culture=neutral, PublicKeyToken=31bf3856ad364e35(ubicación: C:\Program Files\dotnet\sdk\10.0.102\NuGet.LibraryModel.dll, MVID: 03dea5e2-604e-44a3-ac1e-999ae6290330, AssemblyLoadContext: MSBuild plugin C:\Program Files\dotnet\sdk\10.0.102\NuGet.Build.Tasks.dll)
         Ensamblado cargado durante TaskRun (NuGet.Build.Tasks.RestoreTask): NuGet.Versioning, Version=7.0.2.0, Culture=neutral, PublicKeyToken=31bf3856ad364e35(ubicación: C:\Program Files\dotnet\sdk\10.0.102\NuGet.Versioning.dll, MVID: 15b335c1-43f9-43e2-b0cb-2e5ace291849, AssemblyLoadContext: MSBuild plugin C:\Program Files\dotnet\sdk\10.0.102\NuGet.Build.Tasks.dll)
         Ensamblado cargado durante TaskRun (NuGet.Build.Tasks.RestoreTask): NuGet.Frameworks, Version=7.0.2.0, Culture=neutral, PublicKeyToken=31bf3856ad364e35(ubicación: C:\Program Files\dotnet\sdk\10.0.102\NuGet.Frameworks.dll, MVID: 49dfecd1-88f8-4b59-9e85-1a519567a742, AssemblyLoadContext: MSBuild plugin C:\Program Files\dotnet\sdk\10.0.102\NuGet.Build.Tasks.dll)
         Ensamblado cargado durante TaskRun (NuGet.Build.Tasks.RestoreTask): NuGet.Protocol, Version=7.0.2.0, Culture=neutral, PublicKeyToken=31bf3856ad364e35(ubicación: C:\Program Files\dotnet\sdk\10.0.102\NuGet.Protocol.dll, MVID: 3112dd94-2913-48a5-b33e-969750b0052f, AssemblyLoadContext: MSBuild plugin C:\Program Files\dotnet\sdk\10.0.102\NuGet.Build.Tasks.dll)
         Ensamblado cargado durante TaskRun (NuGet.Build.Tasks.RestoreTask): NuGet.Credentials, Version=7.0.2.0, Culture=neutral, PublicKeyToken=31bf3856ad364e35(ubicación: C:\Program Files\dotnet\sdk\10.0.102\NuGet.Credentials.dll, MVID: ed9535eb-54bc-4b05-aab5-2de28d992033, AssemblyLoadContext: MSBuild plugin C:\Program Files\dotnet\sdk\10.0.102\NuGet.Build.Tasks.dll)
         Ensamblado cargado durante TaskRun (NuGet.Build.Tasks.RestoreTask): NuGet.Packaging.resources, Version=7.0.2.0, Culture=es, PublicKeyToken=31bf3856ad364e35(ubicación: C:\Program Files\dotnet\sdk\10.0.102\es\NuGet.Packaging.resources.dll, MVID: 9d723e2c-d41d-4adf-aec7-143615c304d0, AssemblyLoadContext: MSBuild plugin C:\Program Files\dotnet\sdk\10.0.102\NuGet.Build.Tasks.dll)
         La validación de la cadena de certificados X.509 utilizará el almacén de confianza predeterminado seleccionado por .NET para la firma de código.
         La validación de la cadena de certificados X.509 utilizará el almacén de confianza predeterminado seleccionado por .NET para la marca de tiempo.
         Ensamblado cargado durante TaskRun (NuGet.Build.Tasks.RestoreTask): NuGet.DependencyResolver.Core, Version=7.0.2.0, Culture=neutral, PublicKeyToken=31bf3856ad364e35(ubicación: C:\Program Files\dotnet\sdk\10.0.102\NuGet.DependencyResolver.Core.dll, MVID: 0c2a5b5c-f4d2-4833-ae79-b5319386cf4f, AssemblyLoadContext: MSBuild plugin C:\Program Files\dotnet\sdk\10.0.102\NuGet.Build.Tasks.dll)
         Ensamblado cargado durante TaskRun (NuGet.Build.Tasks.RestoreTask): NuGet.Commands.resources, Version=7.0.2.0, Culture=es, PublicKeyToken=31bf3856ad364e35(ubicación: C:\Program Files\dotnet\sdk\10.0.102\es\NuGet.Commands.resources.dll, MVID: f5f91ec5-aab8-4c31-a710-fa7886d7d11d, AssemblyLoadContext: MSBuild plugin C:\Program Files\dotnet\sdk\10.0.102\NuGet.Build.Tasks.dll)
         Ejecutando restauración con 12 trabajos simultáneos.
         Leyendo el archivo del proyecto C:\Users\AlexM\OneDrive\Desktop\ABCD 2\CuadroMagicoApp\CuadroMagicoApp.csproj.
         Ensamblado cargado durante TaskRun (NuGet.Build.Tasks.RestoreTask): Newtonsoft.Json, Version=13.0.0.0, Culture=neutral, PublicKeyToken=30ad4fe6b2a6aeed(ubicación: C:\Program Files\dotnet\sdk\10.0.102\Newtonsoft.Json.dll, MVID: 7e62198b-eab2-4380-bbac-29171862d1d8, AssemblyLoadContext: MSBuild plugin C:\Program Files\dotnet\sdk\10.0.102\NuGet.Build.Tasks.dll)
         Ensamblado cargado durante TaskRun (NuGet.Build.Tasks.RestoreTask): System.Runtime.Serialization.Primitives, Version=10.0.0.0, Culture=neutral, PublicKeyToken=b03f5f7f11d50a3a(ubicación: C:\Program Files\dotnet\shared\Microsoft.NETCore.App\10.0.2\System.Runtime.Serialization.Primitives.dll, MVID: c5d73862-c5f5-410d-82d8-2a2f001e103d, AssemblyLoadContext: Default)
         Ensamblado cargado durante TaskRun (NuGet.Build.Tasks.RestoreTask): System.Runtime.Numerics, Version=10.0.0.0, Culture=neutral, PublicKeyToken=b03f5f7f11d50a3a(ubicación: C:\Program Files\dotnet\shared\Microsoft.NETCore.App\10.0.2\System.Runtime.Numerics.dll, MVID: 9d46277f-a883-4562-9353-6e7e48d190e7, AssemblyLoadContext: Default)
         Ensamblado cargado durante TaskRun (NuGet.Build.Tasks.RestoreTask): System.Text.Encodings.Web, Version=10.0.0.0, Culture=neutral, PublicKeyToken=cc7b13ffcd2ddd51(ubicación: C:\Program Files\dotnet\shared\Microsoft.NETCore.App\10.0.2\System.Text.Encodings.Web.dll, MVID: 0acf3f4d-a24d-4dbf-9c72-fe4d6e49d1db, AssemblyLoadContext: Default)
         Ensamblado cargado durante TaskRun (NuGet.Build.Tasks.RestoreTask): System.Reflection.Emit.Lightweight, Version=10.0.0.0, Culture=neutral, PublicKeyToken=b03f5f7f11d50a3a(ubicación: C:\Program Files\dotnet\shared\Microsoft.NETCore.App\10.0.2\System.Reflection.Emit.Lightweight.dll, MVID: 9bbb747d-52fb-45a7-b271-33c2e2094b3f, AssemblyLoadContext: Default)
         Ensamblado cargado durante TaskRun (NuGet.Build.Tasks.RestoreTask): System.Reflection.Primitives, Version=10.0.0.0, Culture=neutral, PublicKeyToken=b03f5f7f11d50a3a(ubicación: C:\Program Files\dotnet\shared\Microsoft.NETCore.App\10.0.2\System.Reflection.Primitives.dll, MVID: 905eb30a-0bf0-4941-8702-69eeb0663af9, AssemblyLoadContext: Default)
         Ensamblado cargado durante TaskRun (NuGet.Build.Tasks.RestoreTask): System.Reflection.Emit.ILGeneration, Version=10.0.0.0, Culture=neutral, PublicKeyToken=b03f5f7f11d50a3a(ubicación: C:\Program Files\dotnet\shared\Microsoft.NETCore.App\10.0.2\System.Reflection.Emit.ILGeneration.dll, MVID: 204a9b3b-e58d-400c-9636-75a77a17e670, AssemblyLoadContext: Default)
         Las entradas de restauración de "CuadroMagicoApp" no han cambiado. No se necesitan más acciones para finalizar la restauración.
         Ejecutando restauración...
         El archivo de recursos no ha cambiado, así que se omitirá su escritura. Ruta de acceso: C:\Users\AlexM\OneDrive\Desktop\ABCD 2\CuadroMagicoApp\obj\project.assets.json
         No hay ninguna operación de restauración. La caché no se actualizará. Ruta de acceso: C:\Users\AlexM\OneDrive\Desktop\ABCD 2\CuadroMagicoApp\obj\project.nuget.cache
         Ensamblado cargado durante TaskRun (NuGet.Build.Tasks.RestoreTask): NuGet.Common.resources, Version=7.0.2.0, Culture=es, PublicKeyToken=31bf3856ad364e35(ubicación: C:\Program Files\dotnet\sdk\10.0.102\es\NuGet.Common.resources.dll, MVID: ad14b416-c54d-49b6-a64b-ac6208bbe32b, AssemblyLoadContext: MSBuild plugin C:\Program Files\dotnet\sdk\10.0.102\NuGet.Build.Tasks.dll)
         Se ha restaurado C:\Users\AlexM\OneDrive\Desktop\ABCD 2\CuadroMagicoApp\CuadroMagicoApp.csproj (en 67 ms).
         
         Archivos de NuGet Config usados:
             C:\Users\AlexM\AppData\Roaming\NuGet\NuGet.Config
         
         Fuentes usadas:
             https://api.nuget.org/v3/index.json
         Todos los proyectos están actualizados para la restauración.
       Ejecución de la tarea "RestoreTask" terminada.
     1>Compilación terminada del destino "Restore" en el proyecto "CuadroMagicoApp.csproj".
     1>Compilación del proyecto terminada "C:\Users\AlexM\OneDrive\Desktop\ABCD 2\CuadroMagicoApp\CuadroMagicoApp.csproj" (Restore destinos).
     0>El SDK "Microsoft.NET.Sdk" se resolvió correctamente mediante el resolvedor "DefaultSdkResolver" a la ubicación "C:\Program Files\dotnet\sdk\10.0.102\Sdks\Microsoft.NET.Sdk\Sdk" y la versión "".
       C:\Program Files\dotnet\sdk\10.0.102\Sdks\Microsoft.NET.Sdk\Sdk\Sdk.props(49,11): message : Propiedad "MSBuildExtensionsPath" con el valor "C:\Program Files\dotnet\sdk\10.0.102\" expandido desde el entorno.
       C:\Program Files\dotnet\sdk\10.0.102\Current\Microsoft.Common.props(60,5): message : Reasignación de propiedad: $(MSBuildProjectExtensionsPath)="C:\Users\AlexM\OneDrive\Desktop\ABCD 2\CuadroMagicoApp\obj\" (valor anterior: "obj\") en C:\Program Files\dotnet\sdk\10.0.102\Current\Microsoft.Common.props (60,5)
       C:\Users\AlexM\OneDrive\Desktop\ABCD 2\CuadroMagicoApp\obj\CuadroMagicoApp.csproj.nuget.g.props(7,5): message : Propiedad "USERPROFILE" con el valor "C:\Users\AlexM" expandido desde el entorno.
       C:\Program Files\dotnet\sdk\10.0.102\Current\Microsoft.Common.props(84,119): message : Propiedad "MSBuildUserExtensionsPath" con el valor "C:\Users\AlexM\AppData\Local\Microsoft\MSBuild" expandido desde el entorno.
       C:\Program Files\dotnet\sdk\10.0.102\Sdks\Microsoft.NET.Sdk\targets\Microsoft.NET.Sdk.props(90,5): message : Reasignación de propiedad: $(AssemblySearchPaths)="{CandidateAssemblyFiles};{HintPathFromItem}" (valor anterior: "{CandidateAssemblyFiles}") en C:\Program Files\dotnet\sdk\10.0.102\Sdks\Microsoft.NET.Sdk\targets\Microsoft.NET.Sdk.props (90,5)
       C:\Program Files\dotnet\sdk\10.0.102\Sdks\Microsoft.NET.Sdk\targets\Microsoft.NET.Sdk.props(91,5): message : Reasignación de propiedad: $(AssemblySearchPaths)="{CandidateAssemblyFiles};{HintPathFromItem};{TargetFrameworkDirectory}" (valor anterior: "{CandidateAssemblyFiles};{HintPathFromItem}") en C:\Program Files\dotnet\sdk\10.0.102\Sdks\Microsoft.NET.Sdk\targets\Microsoft.NET.Sdk.props (91,5)
       C:\Program Files\dotnet\sdk\10.0.102\Sdks\Microsoft.NET.Sdk\targets\Microsoft.NET.Sdk.props(92,5): message : Reasignación de propiedad: $(AssemblySearchPaths)="{CandidateAssemblyFiles};{HintPathFromItem};{TargetFrameworkDirectory};{RawFileName}" (valor anterior: "{CandidateAssemblyFiles};{HintPathFromItem};{TargetFrameworkDirectory}") en C:\Program Files\dotnet\sdk\10.0.102\Sdks\Microsoft.NET.Sdk\targets\Microsoft.NET.Sdk.props (92,5)
       El resolvedor "DefaultSdkResolver" intentó resolver el SDK "Microsoft.NET.SDK.WorkloadAutoImportPropsLocator".
       Advertencias: null
       Errores: MSB4276: La resolución predeterminada del SDK no pudo resolver el SDK "Microsoft.NET.SDK.WorkloadAutoImportPropsLocator" porque el directorio "C:\Program Files\dotnet\sdk\10.0.102\Sdks\Microsoft.NET.SDK.WorkloadAutoImportPropsLocator\Sdk" no existía.
       El SDK "Microsoft.NET.SDK.WorkloadAutoImportPropsLocator" se resolvió correctamente mediante el resolvedor "Microsoft.DotNet.MSBuildWorkloadSdkResolver" a la ubicación "null" y la versión "null".
       C:\Users\AlexM\OneDrive\Desktop\ABCD 2\CuadroMagicoApp\CuadroMagicoApp.csproj(4,5): message : Reasignación de propiedad: $(OutputType)="WinExe" (valor anterior: "Library") en C:\Users\AlexM\OneDrive\Desktop\ABCD 2\CuadroMagicoApp\CuadroMagicoApp.csproj (4,5)
       C:\Program Files\dotnet\sdk\10.0.102\Sdks\Microsoft.NET.Sdk\targets\Microsoft.NET.Sdk.ImportPublishProfile.targets(28,5): message : Reasignación de propiedad: $(PublishProfileImported)="false" (valor anterior: "true") en C:\Program Files\dotnet\sdk\10.0.102\Sdks\Microsoft.NET.Sdk\targets\Microsoft.NET.Sdk.ImportPublishProfile.targets (28,5)
       C:\Program Files\dotnet\sdk\10.0.102\Sdks\Microsoft.NET.Sdk\targets\Microsoft.NET.TargetFrameworkInference.targets(80,5): message : Reasignación de propiedad: $(TargetPlatformVersion)="0.0" (valor anterior: "0.0.0.0") en C:\Program Files\dotnet\sdk\10.0.102\Sdks\Microsoft.NET.Sdk\targets\Microsoft.NET.TargetFrameworkInference.targets (80,5)
       C:\Program Files\dotnet\sdk\10.0.102\Sdks\Microsoft.NET.Sdk\targets\Microsoft.NET.TargetFrameworkInference.targets(81,5): message : Reasignación de propiedad: $(TargetPlatformVersion)="" (valor anterior: "0.0") en C:\Program Files\dotnet\sdk\10.0.102\Sdks\Microsoft.NET.Sdk\targets\Microsoft.NET.TargetFrameworkInference.targets (81,5)
       C:\Program Files\dotnet\sdk\10.0.102\Sdks\Microsoft.NET.Sdk\targets\Microsoft.NET.TargetFrameworkInference.targets(84,5): message : Reasignación de propiedad: $(TargetPlatformIdentifier)="Windows" (valor anterior: "windows") en C:\Program Files\dotnet\sdk\10.0.102\Sdks\Microsoft.NET.Sdk\targets\Microsoft.NET.TargetFrameworkInference.targets (84,5)
       C:\Program Files\dotnet\sdk\10.0.102\Sdks\Microsoft.NET.Sdk\targets\Microsoft.NET.DefaultOutputPaths.targets(127,5): message : Reasignación de propiedad: $(DefaultItemExcludes)=";bin\Debug\/**;obj\Debug\/**" (valor anterior: ";bin\Debug\/**") en C:\Program Files\dotnet\sdk\10.0.102\Sdks\Microsoft.NET.Sdk\targets\Microsoft.NET.DefaultOutputPaths.targets (127,5)
       C:\Program Files\dotnet\sdk\10.0.102\Sdks\Microsoft.NET.Sdk\targets\Microsoft.NET.DefaultOutputPaths.targets(142,5): message : Reasignación de propiedad: $(OutputPath)="bin\Debug\net10.0-windows\" (valor anterior: "bin\Debug\") en C:\Program Files\dotnet\sdk\10.0.102\Sdks\Microsoft.NET.Sdk\targets\Microsoft.NET.DefaultOutputPaths.targets (142,5)
       C:\Program Files\dotnet\sdk\10.0.102\Sdks\Microsoft.NET.Sdk\targets\Microsoft.NET.DefaultOutputPaths.targets(147,5): message : Reasignación de propiedad: $(IntermediateOutputPath)="obj\Debug\net10.0-windows\" (valor anterior: "obj\Debug\") en C:\Program Files\dotnet\sdk\10.0.102\Sdks\Microsoft.NET.Sdk\targets\Microsoft.NET.DefaultOutputPaths.targets (147,5)
       El resolvedor "DefaultSdkResolver" intentó resolver el SDK "Microsoft.NET.SDK.WorkloadManifestTargetsLocator".
       Advertencias: null
       Errores: MSB4276: La resolución predeterminada del SDK no pudo resolver el SDK "Microsoft.NET.SDK.WorkloadManifestTargetsLocator" porque el directorio "C:\Program Files\dotnet\sdk\10.0.102\Sdks\Microsoft.NET.SDK.WorkloadManifestTargetsLocator\Sdk" no existía.
       El SDK "Microsoft.NET.SDK.WorkloadManifestTargetsLocator" se resolvió correctamente mediante el resolvedor "Microsoft.DotNet.MSBuildWorkloadSdkResolver" a la ubicación "C:\Program Files\dotnet\sdk-manifests\10.0.100\microsoft.net.sdk.android\36.1.2" y la versión "null".
       C:\Program Files\dotnet\sdk\10.0.102\Sdks\Microsoft.NET.Sdk\targets\Microsoft.NET.Sdk.BeforeCommon.targets(371,5): message : Reasignación de propiedad: $(RoslynTargetsPath)="C:\Program Files\dotnet\sdk\10.0.102\Sdks\Microsoft.NET.Sdk\targets\..\..\..\Roslyn" (valor anterior: "C:\Program Files\dotnet\sdk\10.0.102\Roslyn") en C:\Program Files\dotnet\sdk\10.0.102\Sdks\Microsoft.NET.Sdk\targets\Microsoft.NET.Sdk.BeforeCommon.targets (371,5)
       C:\Program Files\dotnet\sdk\10.0.102\Roslyn\Microsoft.Managed.Core.targets(6,5): message : Reasignación de propiedad: $(_BuildTasksDirectory)="C:\Program Files\dotnet\sdk\10.0.102\Sdks\Microsoft.NET.Sdk\targets\..\..\..\Roslyn\" (valor anterior: "C:\Program Files\dotnet\sdk\10.0.102\Roslyn\") en C:\Program Files\dotnet\sdk\10.0.102\Roslyn\Microsoft.Managed.Core.targets (6,5)
       C:\Program Files\dotnet\sdk\10.0.102\Roslyn\Microsoft.CSharp.Core.targets(200,5): message : Reasignación de propiedad: $(CommandLineArgsForDesignTimeEvaluation)="-langversion:14.0 -define:TRACE" (valor anterior: "-langversion:14.0") en C:\Program Files\dotnet\sdk\10.0.102\Roslyn\Microsoft.CSharp.Core.targets (200,5)
       C:\Program Files\dotnet\sdk\10.0.102\Microsoft.Common.CurrentVersion.targets(175,5): message : Reasignación de propiedad: $(_DebugSymbolsProduced)="true" (valor anterior: "false") en C:\Program Files\dotnet\sdk\10.0.102\Microsoft.Common.CurrentVersion.targets (175,5)
       C:\Program Files\dotnet\sdk\10.0.102\Microsoft.Common.CurrentVersion.targets(185,5): message : Reasignación de propiedad: $(_DocumentationFileProduced)="false" (valor anterior: "true") en C:\Program Files\dotnet\sdk\10.0.102\Microsoft.Common.CurrentVersion.targets (185,5)
       C:\Program Files\dotnet\sdk\10.0.102\Microsoft.Common.CurrentVersion.targets(392,5): message : Reasignación de propiedad: $(MSBuildCopyMarkerName)="CuadroMa.1AE55115" (valor anterior: "CuadroMagicoApp.csproj") en C:\Program Files\dotnet\sdk\10.0.102\Microsoft.Common.CurrentVersion.targets (392,5)
       C:\Program Files\dotnet\sdk\10.0.102\Microsoft.Common.CurrentVersion.targets(393,5): message : Reasignación de propiedad: $(MSBuildCopyMarkerName)="CuadroMa.1AE55115.Up2Date" (valor anterior: "CuadroMa.1AE55115") en C:\Program Files\dotnet\sdk\10.0.102\Microsoft.Common.CurrentVersion.targets (393,5)
       C:\Program Files\dotnet\sdk\10.0.102\Microsoft.Common.CurrentVersion.targets(541,5): message : Reasignación de propiedad: $(ProcessorArchitecture)="msil" (valor anterior: "") en C:\Program Files\dotnet\sdk\10.0.102\Microsoft.Common.CurrentVersion.targets (541,5)
       C:\Program Files\dotnet\sdk\10.0.102\Microsoft.Common.CurrentVersion.targets(580,5): message : Reasignación de propiedad: $(DelaySign)="" (valor anterior: "false") en C:\Program Files\dotnet\sdk\10.0.102\Microsoft.Common.CurrentVersion.targets (580,5)
       C:\Program Files\dotnet\sdk\10.0.102\Microsoft.Common.CurrentVersion.targets(2606,5): message : Propiedad "LOCALAPPDATA" con el valor "C:\Users\AlexM\AppData\Local" expandido desde el entorno.
       C:\Program Files\dotnet\sdk\10.0.102\Microsoft.Common.CurrentVersion.targets(3934,5): message : Reasignación de propiedad: $(_SGenGenerateSerializationAssembliesConfig)="Auto" (valor anterior: "") en C:\Program Files\dotnet\sdk\10.0.102\Microsoft.Common.CurrentVersion.targets (3934,5)
       C:\Program Files\dotnet\sdk\10.0.102\Microsoft.Common.CurrentVersion.targets(3935,5): message : Reasignación de propiedad: $(_SGenGenerateSerializationAssembliesConfig)="Off" (valor anterior: "Auto") en C:\Program Files\dotnet\sdk\10.0.102\Microsoft.Common.CurrentVersion.targets (3935,5)
       C:\Program Files\dotnet\sdk\10.0.102\Microsoft.Common.CurrentVersion.targets(5146,5): message : Reasignación de propiedad: $(_TargetsThatPrepareProjectReferences)="
       C:\Program Files\dotnet\sdk\10.0.102\Microsoft.Common.CurrentVersion.targets(5146,5): message :       AssignProjectConfiguration;
       C:\Program Files\dotnet\sdk\10.0.102\Microsoft.Common.CurrentVersion.targets(5146,5): message :       _SplitProjectReferencesByFileExistence
       C:\Program Files\dotnet\sdk\10.0.102\Microsoft.Common.CurrentVersion.targets(5146,5): message :     " (valor anterior: "_SplitProjectReferencesByFileExistence") en C:\Program Files\dotnet\sdk\10.0.102\Microsoft.Common.CurrentVersion.targets (5146,5)
       C:\Program Files\dotnet\sdk\10.0.102\Microsoft.Common.CurrentVersion.targets(6959,5): message : Propiedad "MSBuildExtensionsPath32" con el valor "C:\Program Files\dotnet\sdk\10.0.102" expandido desde el entorno.
       La propiedad "NuGetInteractive" es global y no se puede modificar.
       C:\Program Files\dotnet\sdk\10.0.102\Sdks\Microsoft.NET.Sdk\targets\Microsoft.PackageDependencyResolution.targets(29,5): message : Reasignación de propiedad: $(ProjectAssetsCacheFile)="C:\Users\AlexM\OneDrive\Desktop\ABCD 2\CuadroMagicoApp\obj\Debug\net10.0-windows\CuadroMagicoApp.assets.cache" (valor anterior: "obj\Debug\net10.0-windows\CuadroMagicoApp.assets.cache") en C:\Program Files\dotnet\sdk\10.0.102\Sdks\Microsoft.NET.Sdk\targets\Microsoft.PackageDependencyResolution.targets (29,5)
       C:\Program Files\dotnet\sdk\10.0.102\Sdks\Microsoft.NET.Sdk\targets\Microsoft.PackageDependencyResolution.targets(80,5): message : Reasignación de propiedad: $(ResolveAssemblyReferencesDependsOn)="
       C:\Program Files\dotnet\sdk\10.0.102\Sdks\Microsoft.NET.Sdk\targets\Microsoft.PackageDependencyResolution.targets(80,5): message :       
       C:\Program Files\dotnet\sdk\10.0.102\Sdks\Microsoft.NET.Sdk\targets\Microsoft.PackageDependencyResolution.targets(80,5): message :       ResolveProjectReferences;
       C:\Program Files\dotnet\sdk\10.0.102\Sdks\Microsoft.NET.Sdk\targets\Microsoft.PackageDependencyResolution.targets(80,5): message :       FindInvalidProjectReferences;
       C:\Program Files\dotnet\sdk\10.0.102\Sdks\Microsoft.NET.Sdk\targets\Microsoft.PackageDependencyResolution.targets(80,5): message :       GetFrameworkPaths;
       C:\Program Files\dotnet\sdk\10.0.102\Sdks\Microsoft.NET.Sdk\targets\Microsoft.PackageDependencyResolution.targets(80,5): message :       GetReferenceAssemblyPaths;
       C:\Program Files\dotnet\sdk\10.0.102\Sdks\Microsoft.NET.Sdk\targets\Microsoft.PackageDependencyResolution.targets(80,5): message :       PrepareForBuild;
       C:\Program Files\dotnet\sdk\10.0.102\Sdks\Microsoft.NET.Sdk\targets\Microsoft.PackageDependencyResolution.targets(80,5): message :       ResolveSDKReferences;
       C:\Program Files\dotnet\sdk\10.0.102\Sdks\Microsoft.NET.Sdk\targets\Microsoft.PackageDependencyResolution.targets(80,5): message :       ExpandSDKReferences;
       C:\Program Files\dotnet\sdk\10.0.102\Sdks\Microsoft.NET.Sdk\targets\Microsoft.PackageDependencyResolution.targets(80,5): message :     ;
       C:\Program Files\dotnet\sdk\10.0.102\Sdks\Microsoft.NET.Sdk\targets\Microsoft.PackageDependencyResolution.targets(80,5): message :       ResolvePackageDependenciesForBuild;
       C:\Program Files\dotnet\sdk\10.0.102\Sdks\Microsoft.NET.Sdk\targets\Microsoft.PackageDependencyResolution.targets(80,5): message :       _HandlePackageFileConflicts;
       C:\Program Files\dotnet\sdk\10.0.102\Sdks\Microsoft.NET.Sdk\targets\Microsoft.PackageDependencyResolution.targets(80,5): message :     " (valor anterior: "
       C:\Program Files\dotnet\sdk\10.0.102\Sdks\Microsoft.NET.Sdk\targets\Microsoft.PackageDependencyResolution.targets(80,5): message :       ResolveProjectReferences;
       C:\Program Files\dotnet\sdk\10.0.102\Sdks\Microsoft.NET.Sdk\targets\Microsoft.PackageDependencyResolution.targets(80,5): message :       FindInvalidProjectReferences;
       C:\Program Files\dotnet\sdk\10.0.102\Sdks\Microsoft.NET.Sdk\targets\Microsoft.PackageDependencyResolution.targets(80,5): message :       GetFrameworkPaths;
       C:\Program Files\dotnet\sdk\10.0.102\Sdks\Microsoft.NET.Sdk\targets\Microsoft.PackageDependencyResolution.targets(80,5): message :       GetReferenceAssemblyPaths;
       C:\Program Files\dotnet\sdk\10.0.102\Sdks\Microsoft.NET.Sdk\targets\Microsoft.PackageDependencyResolution.targets(80,5): message :       PrepareForBuild;
       C:\Program Files\dotnet\sdk\10.0.102\Sdks\Microsoft.NET.Sdk\targets\Microsoft.PackageDependencyResolution.targets(80,5): message :       ResolveSDKReferences;
       C:\Program Files\dotnet\sdk\10.0.102\Sdks\Microsoft.NET.Sdk\targets\Microsoft.PackageDependencyResolution.targets(80,5): message :       ExpandSDKReferences;
       C:\Program Files\dotnet\sdk\10.0.102\Sdks\Microsoft.NET.Sdk\targets\Microsoft.PackageDependencyResolution.targets(80,5): message :     ") en C:\Program Files\dotnet\sdk\10.0.102\Sdks\Microsoft.NET.Sdk\targets\Microsoft.PackageDependencyResolution.targets (80,5)
       C:\Program Files\dotnet\sdk\10.0.102\Sdks\Microsoft.NET.Sdk\targets\Microsoft.PackageDependencyResolution.targets(86,5): message : Reasignación de propiedad: $(PrepareResourcesDependsOn)="
       C:\Program Files\dotnet\sdk\10.0.102\Sdks\Microsoft.NET.Sdk\targets\Microsoft.PackageDependencyResolution.targets(86,5): message :       ResolvePackageDependenciesForBuild;
       C:\Program Files\dotnet\sdk\10.0.102\Sdks\Microsoft.NET.Sdk\targets\Microsoft.PackageDependencyResolution.targets(86,5): message :       _HandlePackageFileConflicts;
       C:\Program Files\dotnet\sdk\10.0.102\Sdks\Microsoft.NET.Sdk\targets\Microsoft.PackageDependencyResolution.targets(86,5): message :       
       C:\Program Files\dotnet\sdk\10.0.102\Sdks\Microsoft.NET.Sdk\targets\Microsoft.PackageDependencyResolution.targets(86,5): message :       ;
       C:\Program Files\dotnet\sdk\10.0.102\Sdks\Microsoft.NET.Sdk\targets\Microsoft.PackageDependencyResolution.targets(86,5): message :       PrepareResourceNames;
       C:\Program Files\dotnet\sdk\10.0.102\Sdks\Microsoft.NET.Sdk\targets\Microsoft.PackageDependencyResolution.targets(86,5): message :       ResGen;
       C:\Program Files\dotnet\sdk\10.0.102\Sdks\Microsoft.NET.Sdk\targets\Microsoft.PackageDependencyResolution.targets(86,5): message :       CompileLicxFiles
       C:\Program Files\dotnet\sdk\10.0.102\Sdks\Microsoft.NET.Sdk\targets\Microsoft.PackageDependencyResolution.targets(86,5): message :     
       C:\Program Files\dotnet\sdk\10.0.102\Sdks\Microsoft.NET.Sdk\targets\Microsoft.PackageDependencyResolution.targets(86,5): message :     " (valor anterior: "
       C:\Program Files\dotnet\sdk\10.0.102\Sdks\Microsoft.NET.Sdk\targets\Microsoft.PackageDependencyResolution.targets(86,5): message :       ;
       C:\Program Files\dotnet\sdk\10.0.102\Sdks\Microsoft.NET.Sdk\targets\Microsoft.PackageDependencyResolution.targets(86,5): message :       PrepareResourceNames;
       C:\Program Files\dotnet\sdk\10.0.102\Sdks\Microsoft.NET.Sdk\targets\Microsoft.PackageDependencyResolution.targets(86,5): message :       ResGen;
       C:\Program Files\dotnet\sdk\10.0.102\Sdks\Microsoft.NET.Sdk\targets\Microsoft.PackageDependencyResolution.targets(86,5): message :       CompileLicxFiles
       C:\Program Files\dotnet\sdk\10.0.102\Sdks\Microsoft.NET.Sdk\targets\Microsoft.PackageDependencyResolution.targets(86,5): message :     ") en C:\Program Files\dotnet\sdk\10.0.102\Sdks\Microsoft.NET.Sdk\targets\Microsoft.PackageDependencyResolution.targets (86,5)
       C:\Program Files\dotnet\sdk\10.0.102\Sdks\Microsoft.NET.Sdk\targets\Microsoft.NET.Sdk.DefaultItems.targets(35,5): message : Reasignación de propiedad: $(DefaultItemExcludes)=";bin\Debug\/**;obj\Debug\/**;bin\/**" (valor anterior: ";bin\Debug\/**;obj\Debug\/**") en C:\Program Files\dotnet\sdk\10.0.102\Sdks\Microsoft.NET.Sdk\targets\Microsoft.NET.Sdk.DefaultItems.targets (35,5)
       C:\Program Files\dotnet\sdk\10.0.102\Sdks\Microsoft.NET.Sdk\targets\Microsoft.NET.Sdk.DefaultItems.targets(37,5): message : Reasignación de propiedad: $(DefaultItemExcludes)=";bin\Debug\/**;obj\Debug\/**;bin\/**;obj\/**" (valor anterior: ";bin\Debug\/**;obj\Debug\/**;bin\/**") en C:\Program Files\dotnet\sdk\10.0.102\Sdks\Microsoft.NET.Sdk\targets\Microsoft.NET.Sdk.DefaultItems.targets (37,5)
       C:\Program Files\dotnet\sdk\10.0.102\Sdks\Microsoft.NET.Sdk\targets\Microsoft.NET.Sdk.DefaultItems.targets(40,5): message : Reasignación de propiedad: $(DefaultItemExcludes)=";bin\Debug\/**;obj\Debug\/**;bin\/**;obj\/**;**/*.user" (valor anterior: ";bin\Debug\/**;obj\Debug\/**;bin\/**;obj\/**") en C:\Program Files\dotnet\sdk\10.0.102\Sdks\Microsoft.NET.Sdk\targets\Microsoft.NET.Sdk.DefaultItems.targets (40,5)
       C:\Program Files\dotnet\sdk\10.0.102\Sdks\Microsoft.NET.Sdk\targets\Microsoft.NET.Sdk.DefaultItems.targets(41,5): message : Reasignación de propiedad: $(DefaultItemExcludes)=";bin\Debug\/**;obj\Debug\/**;bin\/**;obj\/**;**/*.user;**/*.*proj" (valor anterior: ";bin\Debug\/**;obj\Debug\/**;bin\/**;obj\/**;**/*.user") en C:\Program Files\dotnet\sdk\10.0.102\Sdks\Microsoft.NET.Sdk\targets\Microsoft.NET.Sdk.DefaultItems.targets (41,5)
       C:\Program Files\dotnet\sdk\10.0.102\Sdks\Microsoft.NET.Sdk\targets\Microsoft.NET.Sdk.DefaultItems.targets(42,5): message : Reasignación de propiedad: $(DefaultItemExcludes)=";bin\Debug\/**;obj\Debug\/**;bin\/**;obj\/**;**/*.user;**/*.*proj;**/*.sln" (valor anterior: ";bin\Debug\/**;obj\Debug\/**;bin\/**;obj\/**;**/*.user;**/*.*proj") en C:\Program Files\dotnet\sdk\10.0.102\Sdks\Microsoft.NET.Sdk\targets\Microsoft.NET.Sdk.DefaultItems.targets (42,5)
       C:\Program Files\dotnet\sdk\10.0.102\Sdks\Microsoft.NET.Sdk\targets\Microsoft.NET.Sdk.DefaultItems.targets(43,5): message : Reasignación de propiedad: $(DefaultItemExcludes)=";bin\Debug\/**;obj\Debug\/**;bin\/**;obj\/**;**/*.user;**/*.*proj;**/*.sln;**/*.slnx" (valor anterior: ";bin\Debug\/**;obj\Debug\/**;bin\/**;obj\/**;**/*.user;**/*.*proj;**/*.sln") en C:\Program Files\dotnet\sdk\10.0.102\Sdks\Microsoft.NET.Sdk\targets\Microsoft.NET.Sdk.DefaultItems.targets (43,5)
       C:\Program Files\dotnet\sdk\10.0.102\Sdks\Microsoft.NET.Sdk\targets\Microsoft.NET.Sdk.DefaultItems.targets(44,5): message : Reasignación de propiedad: $(DefaultItemExcludes)=";bin\Debug\/**;obj\Debug\/**;bin\/**;obj\/**;**/*.user;**/*.*proj;**/*.sln;**/*.slnx;**/*.vssscc" (valor anterior: ";bin\Debug\/**;obj\Debug\/**;bin\/**;obj\/**;**/*.user;**/*.*proj;**/*.sln;**/*.slnx") en C:\Program Files\dotnet\sdk\10.0.102\Sdks\Microsoft.NET.Sdk\targets\Microsoft.NET.Sdk.DefaultItems.targets (44,5)
       C:\Program Files\dotnet\sdk\10.0.102\Sdks\Microsoft.NET.Sdk\targets\Microsoft.NET.Sdk.DefaultItems.targets(45,5): message : Reasignación de propiedad: $(DefaultItemExcludes)=";bin\Debug\/**;obj\Debug\/**;bin\/**;obj\/**;**/*.user;**/*.*proj;**/*.sln;**/*.slnx;**/*.vssscc;**/.DS_Store" (valor anterior: ";bin\Debug\/**;obj\Debug\/**;bin\/**;obj\/**;**/*.user;**/*.*proj;**/*.sln;**/*.slnx;**/*.vssscc") en C:\Program Files\dotnet\sdk\10.0.102\Sdks\Microsoft.NET.Sdk\targets\Microsoft.NET.Sdk.DefaultItems.targets (45,5)
       C:\Program Files\dotnet\sdk\10.0.102\Sdks\Microsoft.NET.Sdk\targets\Microsoft.NET.Sdk.FrameworkReferenceResolution.targets(14,5): message : Reasignación de propiedad: $(ResolveAssemblyReferencesDependsOn)="
       C:\Program Files\dotnet\sdk\10.0.102\Sdks\Microsoft.NET.Sdk\targets\Microsoft.NET.Sdk.FrameworkReferenceResolution.targets(14,5): message :       
       C:\Program Files\dotnet\sdk\10.0.102\Sdks\Microsoft.NET.Sdk\targets\Microsoft.NET.Sdk.FrameworkReferenceResolution.targets(14,5): message :       
       C:\Program Files\dotnet\sdk\10.0.102\Sdks\Microsoft.NET.Sdk\targets\Microsoft.NET.Sdk.FrameworkReferenceResolution.targets(14,5): message :       ResolveProjectReferences;
       C:\Program Files\dotnet\sdk\10.0.102\Sdks\Microsoft.NET.Sdk\targets\Microsoft.NET.Sdk.FrameworkReferenceResolution.targets(14,5): message :       FindInvalidProjectReferences;
       C:\Program Files\dotnet\sdk\10.0.102\Sdks\Microsoft.NET.Sdk\targets\Microsoft.NET.Sdk.FrameworkReferenceResolution.targets(14,5): message :       GetFrameworkPaths;
       C:\Program Files\dotnet\sdk\10.0.102\Sdks\Microsoft.NET.Sdk\targets\Microsoft.NET.Sdk.FrameworkReferenceResolution.targets(14,5): message :       GetReferenceAssemblyPaths;
       C:\Program Files\dotnet\sdk\10.0.102\Sdks\Microsoft.NET.Sdk\targets\Microsoft.NET.Sdk.FrameworkReferenceResolution.targets(14,5): message :       PrepareForBuild;
       C:\Program Files\dotnet\sdk\10.0.102\Sdks\Microsoft.NET.Sdk\targets\Microsoft.NET.Sdk.FrameworkReferenceResolution.targets(14,5): message :       ResolveSDKReferences;
       C:\Program Files\dotnet\sdk\10.0.102\Sdks\Microsoft.NET.Sdk\targets\Microsoft.NET.Sdk.FrameworkReferenceResolution.targets(14,5): message :       ExpandSDKReferences;
       C:\Program Files\dotnet\sdk\10.0.102\Sdks\Microsoft.NET.Sdk\targets\Microsoft.NET.Sdk.FrameworkReferenceResolution.targets(14,5): message :     ;
       C:\Program Files\dotnet\sdk\10.0.102\Sdks\Microsoft.NET.Sdk\targets\Microsoft.NET.Sdk.FrameworkReferenceResolution.targets(14,5): message :       ResolvePackageDependenciesForBuild;
       C:\Program Files\dotnet\sdk\10.0.102\Sdks\Microsoft.NET.Sdk\targets\Microsoft.NET.Sdk.FrameworkReferenceResolution.targets(14,5): message :       _HandlePackageFileConflicts;
       C:\Program Files\dotnet\sdk\10.0.102\Sdks\Microsoft.NET.Sdk\targets\Microsoft.NET.Sdk.FrameworkReferenceResolution.targets(14,5): message :     ;
       C:\Program Files\dotnet\sdk\10.0.102\Sdks\Microsoft.NET.Sdk\targets\Microsoft.NET.Sdk.FrameworkReferenceResolution.targets(14,5): message :       ResolveTargetingPackAssets;
       C:\Program Files\dotnet\sdk\10.0.102\Sdks\Microsoft.NET.Sdk\targets\Microsoft.NET.Sdk.FrameworkReferenceResolution.targets(14,5): message :     " (valor anterior: "
       C:\Program Files\dotnet\sdk\10.0.102\Sdks\Microsoft.NET.Sdk\targets\Microsoft.NET.Sdk.FrameworkReferenceResolution.targets(14,5): message :       
       C:\Program Files\dotnet\sdk\10.0.102\Sdks\Microsoft.NET.Sdk\targets\Microsoft.NET.Sdk.FrameworkReferenceResolution.targets(14,5): message :       ResolveProjectReferences;
       C:\Program Files\dotnet\sdk\10.0.102\Sdks\Microsoft.NET.Sdk\targets\Microsoft.NET.Sdk.FrameworkReferenceResolution.targets(14,5): message :       FindInvalidProjectReferences;
       C:\Program Files\dotnet\sdk\10.0.102\Sdks\Microsoft.NET.Sdk\targets\Microsoft.NET.Sdk.FrameworkReferenceResolution.targets(14,5): message :       GetFrameworkPaths;
       C:\Program Files\dotnet\sdk\10.0.102\Sdks\Microsoft.NET.Sdk\targets\Microsoft.NET.Sdk.FrameworkReferenceResolution.targets(14,5): message :       GetReferenceAssemblyPaths;
       C:\Program Files\dotnet\sdk\10.0.102\Sdks\Microsoft.NET.Sdk\targets\Microsoft.NET.Sdk.FrameworkReferenceResolution.targets(14,5): message :       PrepareForBuild;
       C:\Program Files\dotnet\sdk\10.0.102\Sdks\Microsoft.NET.Sdk\targets\Microsoft.NET.Sdk.FrameworkReferenceResolution.targets(14,5): message :       ResolveSDKReferences;
       C:\Program Files\dotnet\sdk\10.0.102\Sdks\Microsoft.NET.Sdk\targets\Microsoft.NET.Sdk.FrameworkReferenceResolution.targets(14,5): message :       ExpandSDKReferences;
       C:\Program Files\dotnet\sdk\10.0.102\Sdks\Microsoft.NET.Sdk\targets\Microsoft.NET.Sdk.FrameworkReferenceResolution.targets(14,5): message :     ;
       C:\Program Files\dotnet\sdk\10.0.102\Sdks\Microsoft.NET.Sdk\targets\Microsoft.NET.Sdk.FrameworkReferenceResolution.targets(14,5): message :       ResolvePackageDependenciesForBuild;
       C:\Program Files\dotnet\sdk\10.0.102\Sdks\Microsoft.NET.Sdk\targets\Microsoft.NET.Sdk.FrameworkReferenceResolution.targets(14,5): message :       _HandlePackageFileConflicts;
       C:\Program Files\dotnet\sdk\10.0.102\Sdks\Microsoft.NET.Sdk\targets\Microsoft.NET.Sdk.FrameworkReferenceResolution.targets(14,5): message :     ") en C:\Program Files\dotnet\sdk\10.0.102\Sdks\Microsoft.NET.Sdk\targets\Microsoft.NET.Sdk.FrameworkReferenceResolution.targets (14,5)
       C:\Program Files\dotnet\sdk\10.0.102\Sdks\Microsoft.NET.Sdk\targets\Microsoft.NET.Sdk.targets(44,5): message : Reasignación de propiedad: $(_GenerateRuntimeConfigurationPropertyInputsCache)="C:\Users\AlexM\OneDrive\Desktop\ABCD 2\CuadroMagicoApp\obj\Debug\net10.0-windows\CuadroMagicoApp.genruntimeconfig.cache" (valor anterior: "obj\Debug\net10.0-windows\CuadroMagicoApp.genruntimeconfig.cache") en C:\Program Files\dotnet\sdk\10.0.102\Sdks\Microsoft.NET.Sdk\targets\Microsoft.NET.Sdk.targets (44,5)
       C:\Program Files\dotnet\sdk\10.0.102\Sdks\Microsoft.NET.Sdk\targets\Microsoft.NET.Sdk.targets(46,5): message : Reasignación de propiedad: $(_GeneratePublishDependencyFilePropertyInputsCache)="C:\Users\AlexM\OneDrive\Desktop\ABCD 2\CuadroMagicoApp\obj\Debug\net10.0-windows\CuadroMagicoApp.genpublishdeps.cache" (valor anterior: "obj\Debug\net10.0-windows\CuadroMagicoApp.genpublishdeps.cache") en C:\Program Files\dotnet\sdk\10.0.102\Sdks\Microsoft.NET.Sdk\targets\Microsoft.NET.Sdk.targets (46,5)
       C:\Program Files\dotnet\sdk\10.0.102\Sdks\Microsoft.NET.Sdk\targets\Microsoft.NET.Sdk.targets(48,5): message : Reasignación de propiedad: $(_GenerateSingleFileBundlePropertyInputsCache)="C:\Users\AlexM\OneDrive\Desktop\ABCD 2\CuadroMagicoApp\obj\Debug\net10.0-windows\CuadroMagicoApp.genbundle.cache" (valor anterior: "obj\Debug\net10.0-windows\CuadroMagicoApp.genbundle.cache") en C:\Program Files\dotnet\sdk\10.0.102\Sdks\Microsoft.NET.Sdk\targets\Microsoft.NET.Sdk.targets (48,5)
       C:\Program Files\dotnet\sdk\10.0.102\Sdks\Microsoft.NET.Sdk\targets\Microsoft.NET.Sdk.targets(81,5): message : Reasignación de propiedad: $(GenerateRuntimeConfigDevFile)="false" (valor anterior: "true") en C:\Program Files\dotnet\sdk\10.0.102\Sdks\Microsoft.NET.Sdk\targets\Microsoft.NET.Sdk.targets (81,5)
       C:\Program Files\dotnet\sdk\10.0.102\Sdks\Microsoft.NET.Sdk\targets\Microsoft.NET.Sdk.targets(97,5): message : Propiedad "HOME" con el valor "C:\Users\AlexM" expandido desde el entorno.
       C:\Program Files\dotnet\sdk\10.0.102\Sdks\Microsoft.NET.Sdk\targets\Microsoft.NET.Sdk.targets(99,5): message : Reasignación de propiedad: $(_DefaultUserProfileRuntimeStorePath)="C:\Users\AlexM\.dotnet\store" (valor anterior: "C:\Users\AlexM") en C:\Program Files\dotnet\sdk\10.0.102\Sdks\Microsoft.NET.Sdk\targets\Microsoft.NET.Sdk.targets (99,5)
       C:\Program Files\dotnet\sdk\10.0.102\Sdks\Microsoft.NET.Sdk\targets\Microsoft.NET.Sdk.targets(144,5): message : Reasignación de propiedad: $(AvailablePlatforms)="Any CPU,x86,x64,ARM32" (valor anterior: "Any CPU,x86,x64") en C:\Program Files\dotnet\sdk\10.0.102\Sdks\Microsoft.NET.Sdk\targets\Microsoft.NET.Sdk.targets (144,5)
       C:\Program Files\dotnet\sdk\10.0.102\Sdks\Microsoft.NET.Sdk\targets\Microsoft.NET.Sdk.targets(148,5): message : Reasignación de propiedad: $(AvailablePlatforms)="Any CPU,x86,x64,ARM32,ARM64" (valor anterior: "Any CPU,x86,x64,ARM32") en C:\Program Files\dotnet\sdk\10.0.102\Sdks\Microsoft.NET.Sdk\targets\Microsoft.NET.Sdk.targets (148,5)
       C:\Program Files\dotnet\sdk\10.0.102\Sdks\Microsoft.NET.Sdk\targets\Microsoft.NET.Sdk.targets(204,5): message : Reasignación de propiedad: $(CoreBuildDependsOn)="
       C:\Program Files\dotnet\sdk\10.0.102\Sdks\Microsoft.NET.Sdk\targets\Microsoft.NET.Sdk.targets(204,5): message :       _CheckForBuildWithNoBuild;
       C:\Program Files\dotnet\sdk\10.0.102\Sdks\Microsoft.NET.Sdk\targets\Microsoft.NET.Sdk.targets(204,5): message :       
       C:\Program Files\dotnet\sdk\10.0.102\Sdks\Microsoft.NET.Sdk\targets\Microsoft.NET.Sdk.targets(204,5): message :       BuildOnlySettings;
       C:\Program Files\dotnet\sdk\10.0.102\Sdks\Microsoft.NET.Sdk\targets\Microsoft.NET.Sdk.targets(204,5): message :       PrepareForBuild;
       C:\Program Files\dotnet\sdk\10.0.102\Sdks\Microsoft.NET.Sdk\targets\Microsoft.NET.Sdk.targets(204,5): message :       PreBuildEvent;
       C:\Program Files\dotnet\sdk\10.0.102\Sdks\Microsoft.NET.Sdk\targets\Microsoft.NET.Sdk.targets(204,5): message :       ResolveReferences;
       C:\Program Files\dotnet\sdk\10.0.102\Sdks\Microsoft.NET.Sdk\targets\Microsoft.NET.Sdk.targets(204,5): message :       PrepareResources;
       C:\Program Files\dotnet\sdk\10.0.102\Sdks\Microsoft.NET.Sdk\targets\Microsoft.NET.Sdk.targets(204,5): message :       ResolveKeySource;
       C:\Program Files\dotnet\sdk\10.0.102\Sdks\Microsoft.NET.Sdk\targets\Microsoft.NET.Sdk.targets(204,5): message :       Compile;
       C:\Program Files\dotnet\sdk\10.0.102\Sdks\Microsoft.NET.Sdk\targets\Microsoft.NET.Sdk.targets(204,5): message :       ExportWindowsMDFile;
       C:\Program Files\dotnet\sdk\10.0.102\Sdks\Microsoft.NET.Sdk\targets\Microsoft.NET.Sdk.targets(204,5): message :       UnmanagedUnregistration;
       C:\Program Files\dotnet\sdk\10.0.102\Sdks\Microsoft.NET.Sdk\targets\Microsoft.NET.Sdk.targets(204,5): message :       GenerateSerializationAssemblies;
       C:\Program Files\dotnet\sdk\10.0.102\Sdks\Microsoft.NET.Sdk\targets\Microsoft.NET.Sdk.targets(204,5): message :       CreateSatelliteAssemblies;
       C:\Program Files\dotnet\sdk\10.0.102\Sdks\Microsoft.NET.Sdk\targets\Microsoft.NET.Sdk.targets(204,5): message :       GenerateManifests;
       C:\Program Files\dotnet\sdk\10.0.102\Sdks\Microsoft.NET.Sdk\targets\Microsoft.NET.Sdk.targets(204,5): message :       GetTargetPath;
       C:\Program Files\dotnet\sdk\10.0.102\Sdks\Microsoft.NET.Sdk\targets\Microsoft.NET.Sdk.targets(204,5): message :       PrepareForRun;
       C:\Program Files\dotnet\sdk\10.0.102\Sdks\Microsoft.NET.Sdk\targets\Microsoft.NET.Sdk.targets(204,5): message :       UnmanagedRegistration;
       C:\Program Files\dotnet\sdk\10.0.102\Sdks\Microsoft.NET.Sdk\targets\Microsoft.NET.Sdk.targets(204,5): message :       IncrementalClean;
       C:\Program Files\dotnet\sdk\10.0.102\Sdks\Microsoft.NET.Sdk\targets\Microsoft.NET.Sdk.targets(204,5): message :       PostBuildEvent
       C:\Program Files\dotnet\sdk\10.0.102\Sdks\Microsoft.NET.Sdk\targets\Microsoft.NET.Sdk.targets(204,5): message :     ;
       C:\Program Files\dotnet\sdk\10.0.102\Sdks\Microsoft.NET.Sdk\targets\Microsoft.NET.Sdk.targets(204,5): message :       GenerateBuildDependencyFile;
       C:\Program Files\dotnet\sdk\10.0.102\Sdks\Microsoft.NET.Sdk\targets\Microsoft.NET.Sdk.targets(204,5): message :       GenerateBuildRuntimeConfigurationFiles
       C:\Program Files\dotnet\sdk\10.0.102\Sdks\Microsoft.NET.Sdk\targets\Microsoft.NET.Sdk.targets(204,5): message :     " (valor anterior: "
       C:\Program Files\dotnet\sdk\10.0.102\Sdks\Microsoft.NET.Sdk\targets\Microsoft.NET.Sdk.targets(204,5): message :       BuildOnlySettings;
       C:\Program Files\dotnet\sdk\10.0.102\Sdks\Microsoft.NET.Sdk\targets\Microsoft.NET.Sdk.targets(204,5): message :       PrepareForBuild;
       C:\Program Files\dotnet\sdk\10.0.102\Sdks\Microsoft.NET.Sdk\targets\Microsoft.NET.Sdk.targets(204,5): message :       PreBuildEvent;
       C:\Program Files\dotnet\sdk\10.0.102\Sdks\Microsoft.NET.Sdk\targets\Microsoft.NET.Sdk.targets(204,5): message :       ResolveReferences;
       C:\Program Files\dotnet\sdk\10.0.102\Sdks\Microsoft.NET.Sdk\targets\Microsoft.NET.Sdk.targets(204,5): message :       PrepareResources;
       C:\Program Files\dotnet\sdk\10.0.102\Sdks\Microsoft.NET.Sdk\targets\Microsoft.NET.Sdk.targets(204,5): message :       ResolveKeySource;
       C:\Program Files\dotnet\sdk\10.0.102\Sdks\Microsoft.NET.Sdk\targets\Microsoft.NET.Sdk.targets(204,5): message :       Compile;
       C:\Program Files\dotnet\sdk\10.0.102\Sdks\Microsoft.NET.Sdk\targets\Microsoft.NET.Sdk.targets(204,5): message :       ExportWindowsMDFile;
       C:\Program Files\dotnet\sdk\10.0.102\Sdks\Microsoft.NET.Sdk\targets\Microsoft.NET.Sdk.targets(204,5): message :       UnmanagedUnregistration;
       C:\Program Files\dotnet\sdk\10.0.102\Sdks\Microsoft.NET.Sdk\targets\Microsoft.NET.Sdk.targets(204,5): message :       GenerateSerializationAssemblies;
       C:\Program Files\dotnet\sdk\10.0.102\Sdks\Microsoft.NET.Sdk\targets\Microsoft.NET.Sdk.targets(204,5): message :       CreateSatelliteAssemblies;
       C:\Program Files\dotnet\sdk\10.0.102\Sdks\Microsoft.NET.Sdk\targets\Microsoft.NET.Sdk.targets(204,5): message :       GenerateManifests;
       C:\Program Files\dotnet\sdk\10.0.102\Sdks\Microsoft.NET.Sdk\targets\Microsoft.NET.Sdk.targets(204,5): message :       GetTargetPath;
       C:\Program Files\dotnet\sdk\10.0.102\Sdks\Microsoft.NET.Sdk\targets\Microsoft.NET.Sdk.targets(204,5): message :       PrepareForRun;
       C:\Program Files\dotnet\sdk\10.0.102\Sdks\Microsoft.NET.Sdk\targets\Microsoft.NET.Sdk.targets(204,5): message :       UnmanagedRegistration;
       C:\Program Files\dotnet\sdk\10.0.102\Sdks\Microsoft.NET.Sdk\targets\Microsoft.NET.Sdk.targets(204,5): message :       IncrementalClean;
       C:\Program Files\dotnet\sdk\10.0.102\Sdks\Microsoft.NET.Sdk\targets\Microsoft.NET.Sdk.targets(204,5): message :       PostBuildEvent
       C:\Program Files\dotnet\sdk\10.0.102\Sdks\Microsoft.NET.Sdk\targets\Microsoft.NET.Sdk.targets(204,5): message :     ") en C:\Program Files\dotnet\sdk\10.0.102\Sdks\Microsoft.NET.Sdk\targets\Microsoft.NET.Sdk.targets (204,5)
       C:\Program Files\dotnet\sdk\10.0.102\Sdks\Microsoft.NET.Sdk\targets\Microsoft.NET.Sdk.targets(213,5): message : Reasignación de propiedad: $(CoreCleanDependsOn)="
       C:\Program Files\dotnet\sdk\10.0.102\Sdks\Microsoft.NET.Sdk\targets\Microsoft.NET.Sdk.targets(213,5): message :       _SdkBeforeClean;
       C:\Program Files\dotnet\sdk\10.0.102\Sdks\Microsoft.NET.Sdk\targets\Microsoft.NET.Sdk.targets(213,5): message :       
       C:\Program Files\dotnet\sdk\10.0.102\Sdks\Microsoft.NET.Sdk\targets\Microsoft.NET.Sdk.targets(213,5): message :     " (valor anterior: "") en C:\Program Files\dotnet\sdk\10.0.102\Sdks\Microsoft.NET.Sdk\targets\Microsoft.NET.Sdk.targets (213,5)
       C:\Program Files\dotnet\sdk\10.0.102\Sdks\Microsoft.NET.Sdk\targets\Microsoft.NET.Sdk.targets(220,5): message : Reasignación de propiedad: $(RebuildDependsOn)="
       C:\Program Files\dotnet\sdk\10.0.102\Sdks\Microsoft.NET.Sdk\targets\Microsoft.NET.Sdk.targets(220,5): message :       _SdkBeforeRebuild;
       C:\Program Files\dotnet\sdk\10.0.102\Sdks\Microsoft.NET.Sdk\targets\Microsoft.NET.Sdk.targets(220,5): message :       
       C:\Program Files\dotnet\sdk\10.0.102\Sdks\Microsoft.NET.Sdk\targets\Microsoft.NET.Sdk.targets(220,5): message :       BeforeRebuild;
       C:\Program Files\dotnet\sdk\10.0.102\Sdks\Microsoft.NET.Sdk\targets\Microsoft.NET.Sdk.targets(220,5): message :       Clean;
       C:\Program Files\dotnet\sdk\10.0.102\Sdks\Microsoft.NET.Sdk\targets\Microsoft.NET.Sdk.targets(220,5): message :       Build;
       C:\Program Files\dotnet\sdk\10.0.102\Sdks\Microsoft.NET.Sdk\targets\Microsoft.NET.Sdk.targets(220,5): message :       AfterRebuild;
       C:\Program Files\dotnet\sdk\10.0.102\Sdks\Microsoft.NET.Sdk\targets\Microsoft.NET.Sdk.targets(220,5): message :     
       C:\Program Files\dotnet\sdk\10.0.102\Sdks\Microsoft.NET.Sdk\targets\Microsoft.NET.Sdk.targets(220,5): message :     " (valor anterior: "
       C:\Program Files\dotnet\sdk\10.0.102\Sdks\Microsoft.NET.Sdk\targets\Microsoft.NET.Sdk.targets(220,5): message :       BeforeRebuild;
       C:\Program Files\dotnet\sdk\10.0.102\Sdks\Microsoft.NET.Sdk\targets\Microsoft.NET.Sdk.targets(220,5): message :       Clean;
       C:\Program Files\dotnet\sdk\10.0.102\Sdks\Microsoft.NET.Sdk\targets\Microsoft.NET.Sdk.targets(220,5): message :       Build;
       C:\Program Files\dotnet\sdk\10.0.102\Sdks\Microsoft.NET.Sdk\targets\Microsoft.NET.Sdk.targets(220,5): message :       AfterRebuild;
       C:\Program Files\dotnet\sdk\10.0.102\Sdks\Microsoft.NET.Sdk\targets\Microsoft.NET.Sdk.targets(220,5): message :     ") en C:\Program Files\dotnet\sdk\10.0.102\Sdks\Microsoft.NET.Sdk\targets\Microsoft.NET.Sdk.targets (220,5)
       C:\Program Files\dotnet\sdk\10.0.102\Sdks\Microsoft.NET.Sdk\targets\Microsoft.NET.Sdk.targets(799,5): message : Reasignación de propiedad: $(CompileDependsOn)="
       C:\Program Files\dotnet\sdk\10.0.102\Sdks\Microsoft.NET.Sdk\targets\Microsoft.NET.Sdk.targets(799,5): message :       
       C:\Program Files\dotnet\sdk\10.0.102\Sdks\Microsoft.NET.Sdk\targets\Microsoft.NET.Sdk.targets(799,5): message :       ResolveReferences;
       C:\Program Files\dotnet\sdk\10.0.102\Sdks\Microsoft.NET.Sdk\targets\Microsoft.NET.Sdk.targets(799,5): message :       ResolveKeySource;
       C:\Program Files\dotnet\sdk\10.0.102\Sdks\Microsoft.NET.Sdk\targets\Microsoft.NET.Sdk.targets(799,5): message :       SetWin32ManifestProperties;
       C:\Program Files\dotnet\sdk\10.0.102\Sdks\Microsoft.NET.Sdk\targets\Microsoft.NET.Sdk.targets(799,5): message :       _SetPreferNativeArm64Win32ManifestProperties;
       C:\Program Files\dotnet\sdk\10.0.102\Sdks\Microsoft.NET.Sdk\targets\Microsoft.NET.Sdk.targets(799,5): message :       FindReferenceAssembliesForReferences;
       C:\Program Files\dotnet\sdk\10.0.102\Sdks\Microsoft.NET.Sdk\targets\Microsoft.NET.Sdk.targets(799,5): message :       _GenerateCompileInputs;
       C:\Program Files\dotnet\sdk\10.0.102\Sdks\Microsoft.NET.Sdk\targets\Microsoft.NET.Sdk.targets(799,5): message :       BeforeCompile;
       C:\Program Files\dotnet\sdk\10.0.102\Sdks\Microsoft.NET.Sdk\targets\Microsoft.NET.Sdk.targets(799,5): message :       _TimeStampBeforeCompile;
       C:\Program Files\dotnet\sdk\10.0.102\Sdks\Microsoft.NET.Sdk\targets\Microsoft.NET.Sdk.targets(799,5): message :       _GenerateCompileDependencyCache;
       C:\Program Files\dotnet\sdk\10.0.102\Sdks\Microsoft.NET.Sdk\targets\Microsoft.NET.Sdk.targets(799,5): message :       CoreCompile;
       C:\Program Files\dotnet\sdk\10.0.102\Sdks\Microsoft.NET.Sdk\targets\Microsoft.NET.Sdk.targets(799,5): message :       _TimeStampAfterCompile;
       C:\Program Files\dotnet\sdk\10.0.102\Sdks\Microsoft.NET.Sdk\targets\Microsoft.NET.Sdk.targets(799,5): message :       AfterCompile;
       C:\Program Files\dotnet\sdk\10.0.102\Sdks\Microsoft.NET.Sdk\targets\Microsoft.NET.Sdk.targets(799,5): message :     ;
       C:\Program Files\dotnet\sdk\10.0.102\Sdks\Microsoft.NET.Sdk\targets\Microsoft.NET.Sdk.targets(799,5): message :       _CreateAppHost;
       C:\Program Files\dotnet\sdk\10.0.102\Sdks\Microsoft.NET.Sdk\targets\Microsoft.NET.Sdk.targets(799,5): message :       _CreateComHost;
       C:\Program Files\dotnet\sdk\10.0.102\Sdks\Microsoft.NET.Sdk\targets\Microsoft.NET.Sdk.targets(799,5): message :       _GetIjwHostPaths;
       C:\Program Files\dotnet\sdk\10.0.102\Sdks\Microsoft.NET.Sdk\targets\Microsoft.NET.Sdk.targets(799,5): message :     " (valor anterior: "
       C:\Program Files\dotnet\sdk\10.0.102\Sdks\Microsoft.NET.Sdk\targets\Microsoft.NET.Sdk.targets(799,5): message :       ResolveReferences;
       C:\Program Files\dotnet\sdk\10.0.102\Sdks\Microsoft.NET.Sdk\targets\Microsoft.NET.Sdk.targets(799,5): message :       ResolveKeySource;
       C:\Program Files\dotnet\sdk\10.0.102\Sdks\Microsoft.NET.Sdk\targets\Microsoft.NET.Sdk.targets(799,5): message :       SetWin32ManifestProperties;
       C:\Program Files\dotnet\sdk\10.0.102\Sdks\Microsoft.NET.Sdk\targets\Microsoft.NET.Sdk.targets(799,5): message :       _SetPreferNativeArm64Win32ManifestProperties;
       C:\Program Files\dotnet\sdk\10.0.102\Sdks\Microsoft.NET.Sdk\targets\Microsoft.NET.Sdk.targets(799,5): message :       FindReferenceAssembliesForReferences;
       C:\Program Files\dotnet\sdk\10.0.102\Sdks\Microsoft.NET.Sdk\targets\Microsoft.NET.Sdk.targets(799,5): message :       _GenerateCompileInputs;
       C:\Program Files\dotnet\sdk\10.0.102\Sdks\Microsoft.NET.Sdk\targets\Microsoft.NET.Sdk.targets(799,5): message :       BeforeCompile;
       C:\Program Files\dotnet\sdk\10.0.102\Sdks\Microsoft.NET.Sdk\targets\Microsoft.NET.Sdk.targets(799,5): message :       _TimeStampBeforeCompile;
       C:\Program Files\dotnet\sdk\10.0.102\Sdks\Microsoft.NET.Sdk\targets\Microsoft.NET.Sdk.targets(799,5): message :       _GenerateCompileDependencyCache;
       C:\Program Files\dotnet\sdk\10.0.102\Sdks\Microsoft.NET.Sdk\targets\Microsoft.NET.Sdk.targets(799,5): message :       CoreCompile;
       C:\Program Files\dotnet\sdk\10.0.102\Sdks\Microsoft.NET.Sdk\targets\Microsoft.NET.Sdk.targets(799,5): message :       _TimeStampAfterCompile;
       C:\Program Files\dotnet\sdk\10.0.102\Sdks\Microsoft.NET.Sdk\targets\Microsoft.NET.Sdk.targets(799,5): message :       AfterCompile;
       C:\Program Files\dotnet\sdk\10.0.102\Sdks\Microsoft.NET.Sdk\targets\Microsoft.NET.Sdk.targets(799,5): message :     ") en C:\Program Files\dotnet\sdk\10.0.102\Sdks\Microsoft.NET.Sdk\targets\Microsoft.NET.Sdk.targets (799,5)
       C:\Program Files\dotnet\sdk\10.0.102\Sdks\Microsoft.NET.Sdk\targets\Microsoft.NET.Sdk.targets(1131,5): message : Reasignación de propiedad: $(CreateSatelliteAssembliesDependsOn)="
       C:\Program Files\dotnet\sdk\10.0.102\Sdks\Microsoft.NET.Sdk\targets\Microsoft.NET.Sdk.targets(1131,5): message :       
       C:\Program Files\dotnet\sdk\10.0.102\Sdks\Microsoft.NET.Sdk\targets\Microsoft.NET.Sdk.targets(1131,5): message :       ;
       C:\Program Files\dotnet\sdk\10.0.102\Sdks\Microsoft.NET.Sdk\targets\Microsoft.NET.Sdk.targets(1131,5): message :       _GenerateSatelliteAssemblyInputs;
       C:\Program Files\dotnet\sdk\10.0.102\Sdks\Microsoft.NET.Sdk\targets\Microsoft.NET.Sdk.targets(1131,5): message :       ComputeIntermediateSatelliteAssemblies;
       C:\Program Files\dotnet\sdk\10.0.102\Sdks\Microsoft.NET.Sdk\targets\Microsoft.NET.Sdk.targets(1131,5): message :       GenerateSatelliteAssemblies
       C:\Program Files\dotnet\sdk\10.0.102\Sdks\Microsoft.NET.Sdk\targets\Microsoft.NET.Sdk.targets(1131,5): message :     ;
       C:\Program Files\dotnet\sdk\10.0.102\Sdks\Microsoft.NET.Sdk\targets\Microsoft.NET.Sdk.targets(1131,5): message :       CoreGenerateSatelliteAssemblies
       C:\Program Files\dotnet\sdk\10.0.102\Sdks\Microsoft.NET.Sdk\targets\Microsoft.NET.Sdk.targets(1131,5): message :     " (valor anterior: "
       C:\Program Files\dotnet\sdk\10.0.102\Sdks\Microsoft.NET.Sdk\targets\Microsoft.NET.Sdk.targets(1131,5): message :       ;
       C:\Program Files\dotnet\sdk\10.0.102\Sdks\Microsoft.NET.Sdk\targets\Microsoft.NET.Sdk.targets(1131,5): message :       _GenerateSatelliteAssemblyInputs;
       C:\Program Files\dotnet\sdk\10.0.102\Sdks\Microsoft.NET.Sdk\targets\Microsoft.NET.Sdk.targets(1131,5): message :       ComputeIntermediateSatelliteAssemblies;
       C:\Program Files\dotnet\sdk\10.0.102\Sdks\Microsoft.NET.Sdk\targets\Microsoft.NET.Sdk.targets(1131,5): message :       GenerateSatelliteAssemblies
       C:\Program Files\dotnet\sdk\10.0.102\Sdks\Microsoft.NET.Sdk\targets\Microsoft.NET.Sdk.targets(1131,5): message :     ") en C:\Program Files\dotnet\sdk\10.0.102\Sdks\Microsoft.NET.Sdk\targets\Microsoft.NET.Sdk.targets (1131,5)
       C:\Program Files\dotnet\sdk\10.0.102\Sdks\Microsoft.SourceLink.GitLab\build\Microsoft.SourceLink.GitLab.targets(12,5): message : Reasignación de propiedad: $(SourceLinkUrlInitializerTargets)=";_InitializeGitHubSourceLinkUrl;_InitializeGitLabSourceLinkUrl" (valor anterior: ";_InitializeGitHubSourceLinkUrl") en C:\Program Files\dotnet\sdk\10.0.102\Sdks\Microsoft.SourceLink.GitLab\build\Microsoft.SourceLink.GitLab.targets (12,5)
       C:\Program Files\dotnet\sdk\10.0.102\Sdks\Microsoft.SourceLink.GitLab\build\Microsoft.SourceLink.GitLab.targets(13,5): message : Reasignación de propiedad: $(SourceControlManagerUrlTranslationTargets)=";TranslateGitHubUrlsInSourceControlInformation;TranslateGitLabUrlsInSourceControlInformation" (valor anterior: ";TranslateGitHubUrlsInSourceControlInformation") en C:\Program Files\dotnet\sdk\10.0.102\Sdks\Microsoft.SourceLink.GitLab\build\Microsoft.SourceLink.GitLab.targets (13,5)
       C:\Program Files\dotnet\sdk\10.0.102\Sdks\Microsoft.SourceLink.AzureRepos.Git\build\Microsoft.SourceLink.AzureRepos.Git.targets(12,5): message : Reasignación de propiedad: $(SourceLinkUrlInitializerTargets)=";_InitializeGitHubSourceLinkUrl;_InitializeGitLabSourceLinkUrl;_InitializeAzureReposGitSourceLinkUrl" (valor anterior: ";_InitializeGitHubSourceLinkUrl;_InitializeGitLabSourceLinkUrl") en C:\Program Files\dotnet\sdk\10.0.102\Sdks\Microsoft.SourceLink.AzureRepos.Git\build\Microsoft.SourceLink.AzureRepos.Git.targets (12,5)
       C:\Program Files\dotnet\sdk\10.0.102\Sdks\Microsoft.SourceLink.AzureRepos.Git\build\Microsoft.SourceLink.AzureRepos.Git.targets(13,5): message : Reasignación de propiedad: $(SourceControlManagerUrlTranslationTargets)=";TranslateGitHubUrlsInSourceControlInformation;TranslateGitLabUrlsInSourceControlInformation;TranslateAzureReposGitUrlsInSourceControlInformation" (valor anterior: ";TranslateGitHubUrlsInSourceControlInformation;TranslateGitLabUrlsInSourceControlInformation") en C:\Program Files\dotnet\sdk\10.0.102\Sdks\Microsoft.SourceLink.AzureRepos.Git\build\Microsoft.SourceLink.AzureRepos.Git.targets (13,5)
       C:\Program Files\dotnet\sdk\10.0.102\Sdks\Microsoft.SourceLink.Bitbucket.Git\build\Microsoft.SourceLink.Bitbucket.Git.targets(12,5): message : Reasignación de propiedad: $(SourceLinkUrlInitializerTargets)=";_InitializeGitHubSourceLinkUrl;_InitializeGitLabSourceLinkUrl;_InitializeAzureReposGitSourceLinkUrl;_InitializeBitbucketGitSourceLinkUrl" (valor anterior: ";_InitializeGitHubSourceLinkUrl;_InitializeGitLabSourceLinkUrl;_InitializeAzureReposGitSourceLinkUrl") en C:\Program Files\dotnet\sdk\10.0.102\Sdks\Microsoft.SourceLink.Bitbucket.Git\build\Microsoft.SourceLink.Bitbucket.Git.targets (12,5)
       C:\Program Files\dotnet\sdk\10.0.102\Sdks\Microsoft.SourceLink.Bitbucket.Git\build\Microsoft.SourceLink.Bitbucket.Git.targets(13,5): message : Reasignación de propiedad: $(SourceControlManagerUrlTranslationTargets)=";TranslateGitHubUrlsInSourceControlInformation;TranslateGitLabUrlsInSourceControlInformation;TranslateAzureReposGitUrlsInSourceControlInformation;TranslateBitbucketGitUrlsInSourceControlInformation" (valor anterior: ";TranslateGitHubUrlsInSourceControlInformation;TranslateGitLabUrlsInSourceControlInformation;TranslateAzureReposGitUrlsInSourceControlInformation") en C:\Program Files\dotnet\sdk\10.0.102\Sdks\Microsoft.SourceLink.Bitbucket.Git\build\Microsoft.SourceLink.Bitbucket.Git.targets (13,5)
       C:\Program Files\dotnet\sdk\10.0.102\Sdks\Microsoft.NET.Sdk\targets\Microsoft.NET.DesignerSupport.targets(21,5): message : Reasignación de propiedad: $(DesignerRuntimeImplementationProjectOutputGroupDependsOn)="
       C:\Program Files\dotnet\sdk\10.0.102\Sdks\Microsoft.NET.Sdk\targets\Microsoft.NET.DesignerSupport.targets(21,5): message :       
       C:\Program Files\dotnet\sdk\10.0.102\Sdks\Microsoft.NET.Sdk\targets\Microsoft.NET.DesignerSupport.targets(21,5): message :       ;
       C:\Program Files\dotnet\sdk\10.0.102\Sdks\Microsoft.NET.Sdk\targets\Microsoft.NET.DesignerSupport.targets(21,5): message :       
       C:\Program Files\dotnet\sdk\10.0.102\Sdks\Microsoft.NET.Sdk\targets\Microsoft.NET.DesignerSupport.targets(21,5): message :       ;
       C:\Program Files\dotnet\sdk\10.0.102\Sdks\Microsoft.NET.Sdk\targets\Microsoft.NET.DesignerSupport.targets(21,5): message :       BuildOnlySettings;
       C:\Program Files\dotnet\sdk\10.0.102\Sdks\Microsoft.NET.Sdk\targets\Microsoft.NET.DesignerSupport.targets(21,5): message :       PrepareForBuild;
       C:\Program Files\dotnet\sdk\10.0.102\Sdks\Microsoft.NET.Sdk\targets\Microsoft.NET.DesignerSupport.targets(21,5): message :       AssignTargetPaths;
       C:\Program Files\dotnet\sdk\10.0.102\Sdks\Microsoft.NET.Sdk\targets\Microsoft.NET.DesignerSupport.targets(21,5): message :       ResolveReferences
       C:\Program Files\dotnet\sdk\10.0.102\Sdks\Microsoft.NET.Sdk\targets\Microsoft.NET.DesignerSupport.targets(21,5): message :     
       C:\Program Files\dotnet\sdk\10.0.102\Sdks\Microsoft.NET.Sdk\targets\Microsoft.NET.DesignerSupport.targets(21,5): message :     ;
       C:\Program Files\dotnet\sdk\10.0.102\Sdks\Microsoft.NET.Sdk\targets\Microsoft.NET.DesignerSupport.targets(21,5): message :       _GenerateDesignerDepsFile;
       C:\Program Files\dotnet\sdk\10.0.102\Sdks\Microsoft.NET.Sdk\targets\Microsoft.NET.DesignerSupport.targets(21,5): message :       _GenerateDesignerRuntimeConfigFile;
       C:\Program Files\dotnet\sdk\10.0.102\Sdks\Microsoft.NET.Sdk\targets\Microsoft.NET.DesignerSupport.targets(21,5): message :       GetCopyToOutputDirectoryItems;
       C:\Program Files\dotnet\sdk\10.0.102\Sdks\Microsoft.NET.Sdk\targets\Microsoft.NET.DesignerSupport.targets(21,5): message :       _GatherDesignerShadowCopyFiles;
       C:\Program Files\dotnet\sdk\10.0.102\Sdks\Microsoft.NET.Sdk\targets\Microsoft.NET.DesignerSupport.targets(21,5): message :     " (valor anterior: "
       C:\Program Files\dotnet\sdk\10.0.102\Sdks\Microsoft.NET.Sdk\targets\Microsoft.NET.DesignerSupport.targets(21,5): message :       ;
       C:\Program Files\dotnet\sdk\10.0.102\Sdks\Microsoft.NET.Sdk\targets\Microsoft.NET.DesignerSupport.targets(21,5): message :       
       C:\Program Files\dotnet\sdk\10.0.102\Sdks\Microsoft.NET.Sdk\targets\Microsoft.NET.DesignerSupport.targets(21,5): message :       ;
       C:\Program Files\dotnet\sdk\10.0.102\Sdks\Microsoft.NET.Sdk\targets\Microsoft.NET.DesignerSupport.targets(21,5): message :       BuildOnlySettings;
       C:\Program Files\dotnet\sdk\10.0.102\Sdks\Microsoft.NET.Sdk\targets\Microsoft.NET.DesignerSupport.targets(21,5): message :       PrepareForBuild;
       C:\Program Files\dotnet\sdk\10.0.102\Sdks\Microsoft.NET.Sdk\targets\Microsoft.NET.DesignerSupport.targets(21,5): message :       AssignTargetPaths;
       C:\Program Files\dotnet\sdk\10.0.102\Sdks\Microsoft.NET.Sdk\targets\Microsoft.NET.DesignerSupport.targets(21,5): message :       ResolveReferences
       C:\Program Files\dotnet\sdk\10.0.102\Sdks\Microsoft.NET.Sdk\targets\Microsoft.NET.DesignerSupport.targets(21,5): message :     
       C:\Program Files\dotnet\sdk\10.0.102\Sdks\Microsoft.NET.Sdk\targets\Microsoft.NET.DesignerSupport.targets(21,5): message :     ") en C:\Program Files\dotnet\sdk\10.0.102\Sdks\Microsoft.NET.Sdk\targets\Microsoft.NET.DesignerSupport.targets (21,5)
       C:\Program Files\dotnet\sdk\10.0.102\Sdks\Microsoft.NET.Sdk\targets\Microsoft.NET.Sdk.CSharp.targets(31,5): message : Reasignación de propiedad: $(DefineConstants)="TRACE;DEBUG" (valor anterior: "TRACE") en C:\Program Files\dotnet\sdk\10.0.102\Sdks\Microsoft.NET.Sdk\targets\Microsoft.NET.Sdk.CSharp.targets (31,5)
       C:\Program Files\dotnet\sdk\10.0.102\Sdks\Microsoft.NET.Sdk\targets\Microsoft.NET.Sdk.CSharp.targets(45,5): message : Reasignación de propiedad: $(WarningsAsErrors)=";NU1605;SYSLIB0011" (valor anterior: ";NU1605") en C:\Program Files\dotnet\sdk\10.0.102\Sdks\Microsoft.NET.Sdk\targets\Microsoft.NET.Sdk.CSharp.targets (45,5)
       C:\Program Files\dotnet\sdk\10.0.102\Sdks\Microsoft.NET.Sdk\targets\Microsoft.NET.Windows.targets(49,5): message : Reasignación de propiedad: $(TargetPlatformVersion)="7.0" (valor anterior: "") en C:\Program Files\dotnet\sdk\10.0.102\Sdks\Microsoft.NET.Sdk\targets\Microsoft.NET.Windows.targets (49,5)
       C:\Program Files\dotnet\sdk\10.0.102\Sdks\Microsoft.NET.Sdk\targets\Microsoft.NET.Windows.targets(50,5): message : Reasignación de propiedad: $(EffectiveTargetPlatformVersion)="7.0" (valor anterior: "") en C:\Program Files\dotnet\sdk\10.0.102\Sdks\Microsoft.NET.Sdk\targets\Microsoft.NET.Windows.targets (50,5)
       C:\Program Files\dotnet\sdk\10.0.102\Sdks\Microsoft.NET.Sdk\targets\Microsoft.NET.Windows.targets(60,5): message : Reasignación de propiedad: $(SupportedOSPlatformVersion)="7.0" (valor anterior: "") en C:\Program Files\dotnet\sdk\10.0.102\Sdks\Microsoft.NET.Sdk\targets\Microsoft.NET.Windows.targets (60,5)
       C:\Program Files\dotnet\sdk\10.0.102\Sdks\Microsoft.NET.Sdk\targets\Microsoft.NET.Windows.targets(61,5): message : Reasignación de propiedad: $(TargetPlatformMinVersion)="7.0" (valor anterior: "") en C:\Program Files\dotnet\sdk\10.0.102\Sdks\Microsoft.NET.Sdk\targets\Microsoft.NET.Windows.targets (61,5)
       C:\Program Files\dotnet\sdk\10.0.102\Sdks\Microsoft.NET.Sdk\targets\Microsoft.NET.Windows.targets(239,5): message : Reasignación de propiedad: $(_RunCsWinRTGeneratorPropertyInputsCachePath)="C:\Users\AlexM\OneDrive\Desktop\ABCD 2\CuadroMagicoApp\obj\Debug\net10.0-windows\CuadroMagicoApp.cswinrtgen.cache" (valor anterior: "obj\Debug\net10.0-windows\CuadroMagicoApp.cswinrtgen.cache") en C:\Program Files\dotnet\sdk\10.0.102\Sdks\Microsoft.NET.Sdk\targets\Microsoft.NET.Windows.targets (239,5)
       C:\Program Files\dotnet\sdk\10.0.102\Sdks\Microsoft.NET.Sdk\targets\Microsoft.NET.Sdk.targets(1497,5): message : Reasignación de propiedad: $(TargetPlatformDisplayName)="Windows 7.0" (valor anterior: "Windows ") en C:\Program Files\dotnet\sdk\10.0.102\Sdks\Microsoft.NET.Sdk\targets\Microsoft.NET.Sdk.targets (1497,5)
       C:\Program Files\dotnet\sdk\10.0.102\Sdks\Microsoft.NET.Sdk.WindowsDesktop\targets\Microsoft.NET.Sdk.WindowsDesktop.targets(51,5): message : Reasignación de propiedad: $(_TargetFrameworkVersionValue)="10.0" (valor anterior: "0.0") en C:\Program Files\dotnet\sdk\10.0.102\Sdks\Microsoft.NET.Sdk.WindowsDesktop\targets\Microsoft.NET.Sdk.WindowsDesktop.targets (51,5)
       C:\Program Files\dotnet\sdk\10.0.102\Sdks\Microsoft.NET.Sdk.WindowsDesktop\targets\Microsoft.WinFX.targets(61,7): message : Reasignación de propiedad: $(PrepareResourceNamesDependsOn)="
       C:\Program Files\dotnet\sdk\10.0.102\Sdks\Microsoft.NET.Sdk.WindowsDesktop\targets\Microsoft.WinFX.targets(61,7): message :                     AssignWinFXEmbeddedResource;
       C:\Program Files\dotnet\sdk\10.0.102\Sdks\Microsoft.NET.Sdk.WindowsDesktop\targets\Microsoft.WinFX.targets(61,7): message :                     
       C:\Program Files\dotnet\sdk\10.0.102\Sdks\Microsoft.NET.Sdk.WindowsDesktop\targets\Microsoft.WinFX.targets(61,7): message :       AssignTargetPaths;
       C:\Program Files\dotnet\sdk\10.0.102\Sdks\Microsoft.NET.Sdk.WindowsDesktop\targets\Microsoft.WinFX.targets(61,7): message :       SplitResourcesByCulture;
       C:\Program Files\dotnet\sdk\10.0.102\Sdks\Microsoft.NET.Sdk.WindowsDesktop\targets\Microsoft.WinFX.targets(61,7): message :       CreateManifestResourceNames;
       C:\Program Files\dotnet\sdk\10.0.102\Sdks\Microsoft.NET.Sdk.WindowsDesktop\targets\Microsoft.WinFX.targets(61,7): message :       CreateCustomManifestResourceNames
       C:\Program Files\dotnet\sdk\10.0.102\Sdks\Microsoft.NET.Sdk.WindowsDesktop\targets\Microsoft.WinFX.targets(61,7): message :     
       C:\Program Files\dotnet\sdk\10.0.102\Sdks\Microsoft.NET.Sdk.WindowsDesktop\targets\Microsoft.WinFX.targets(61,7): message :       " (valor anterior: "
       C:\Program Files\dotnet\sdk\10.0.102\Sdks\Microsoft.NET.Sdk.WindowsDesktop\targets\Microsoft.WinFX.targets(61,7): message :       AssignTargetPaths;
       C:\Program Files\dotnet\sdk\10.0.102\Sdks\Microsoft.NET.Sdk.WindowsDesktop\targets\Microsoft.WinFX.targets(61,7): message :       SplitResourcesByCulture;
       C:\Program Files\dotnet\sdk\10.0.102\Sdks\Microsoft.NET.Sdk.WindowsDesktop\targets\Microsoft.WinFX.targets(61,7): message :       CreateManifestResourceNames;
       C:\Program Files\dotnet\sdk\10.0.102\Sdks\Microsoft.NET.Sdk.WindowsDesktop\targets\Microsoft.WinFX.targets(61,7): message :       CreateCustomManifestResourceNames
       C:\Program Files\dotnet\sdk\10.0.102\Sdks\Microsoft.NET.Sdk.WindowsDesktop\targets\Microsoft.WinFX.targets(61,7): message :     ") en C:\Program Files\dotnet\sdk\10.0.102\Sdks\Microsoft.NET.Sdk.WindowsDesktop\targets\Microsoft.WinFX.targets (61,7)
       C:\Program Files\dotnet\sdk\10.0.102\Sdks\Microsoft.NET.Sdk.WindowsDesktop\targets\Microsoft.WinFX.targets(69,7): message : Reasignación de propiedad: $(PrepareResourcesDependsOn)="
       C:\Program Files\dotnet\sdk\10.0.102\Sdks\Microsoft.NET.Sdk.WindowsDesktop\targets\Microsoft.WinFX.targets(69,7): message :                 MarkupCompilePass1;
       C:\Program Files\dotnet\sdk\10.0.102\Sdks\Microsoft.NET.Sdk.WindowsDesktop\targets\Microsoft.WinFX.targets(69,7): message :                 AfterMarkupCompilePass1;
       C:\Program Files\dotnet\sdk\10.0.102\Sdks\Microsoft.NET.Sdk.WindowsDesktop\targets\Microsoft.WinFX.targets(69,7): message :                 MarkupCompilePass2ForMainAssembly;
       C:\Program Files\dotnet\sdk\10.0.102\Sdks\Microsoft.NET.Sdk.WindowsDesktop\targets\Microsoft.WinFX.targets(69,7): message :                 FileClassification;
       C:\Program Files\dotnet\sdk\10.0.102\Sdks\Microsoft.NET.Sdk.WindowsDesktop\targets\Microsoft.WinFX.targets(69,7): message :                 MainResourcesGeneration;
       C:\Program Files\dotnet\sdk\10.0.102\Sdks\Microsoft.NET.Sdk.WindowsDesktop\targets\Microsoft.WinFX.targets(69,7): message :                 
       C:\Program Files\dotnet\sdk\10.0.102\Sdks\Microsoft.NET.Sdk.WindowsDesktop\targets\Microsoft.WinFX.targets(69,7): message :       ResolvePackageDependenciesForBuild;
       C:\Program Files\dotnet\sdk\10.0.102\Sdks\Microsoft.NET.Sdk.WindowsDesktop\targets\Microsoft.WinFX.targets(69,7): message :       _HandlePackageFileConflicts;
       C:\Program Files\dotnet\sdk\10.0.102\Sdks\Microsoft.NET.Sdk.WindowsDesktop\targets\Microsoft.WinFX.targets(69,7): message :       
       C:\Program Files\dotnet\sdk\10.0.102\Sdks\Microsoft.NET.Sdk.WindowsDesktop\targets\Microsoft.WinFX.targets(69,7): message :       ;
       C:\Program Files\dotnet\sdk\10.0.102\Sdks\Microsoft.NET.Sdk.WindowsDesktop\targets\Microsoft.WinFX.targets(69,7): message :       PrepareResourceNames;
       C:\Program Files\dotnet\sdk\10.0.102\Sdks\Microsoft.NET.Sdk.WindowsDesktop\targets\Microsoft.WinFX.targets(69,7): message :       ResGen;
       C:\Program Files\dotnet\sdk\10.0.102\Sdks\Microsoft.NET.Sdk.WindowsDesktop\targets\Microsoft.WinFX.targets(69,7): message :       CompileLicxFiles
       C:\Program Files\dotnet\sdk\10.0.102\Sdks\Microsoft.NET.Sdk.WindowsDesktop\targets\Microsoft.WinFX.targets(69,7): message :     
       C:\Program Files\dotnet\sdk\10.0.102\Sdks\Microsoft.NET.Sdk.WindowsDesktop\targets\Microsoft.WinFX.targets(69,7): message :     
       C:\Program Files\dotnet\sdk\10.0.102\Sdks\Microsoft.NET.Sdk.WindowsDesktop\targets\Microsoft.WinFX.targets(69,7): message :       " (valor anterior: "
       C:\Program Files\dotnet\sdk\10.0.102\Sdks\Microsoft.NET.Sdk.WindowsDesktop\targets\Microsoft.WinFX.targets(69,7): message :       ResolvePackageDependenciesForBuild;
       C:\Program Files\dotnet\sdk\10.0.102\Sdks\Microsoft.NET.Sdk.WindowsDesktop\targets\Microsoft.WinFX.targets(69,7): message :       _HandlePackageFileConflicts;
       C:\Program Files\dotnet\sdk\10.0.102\Sdks\Microsoft.NET.Sdk.WindowsDesktop\targets\Microsoft.WinFX.targets(69,7): message :       
       C:\Program Files\dotnet\sdk\10.0.102\Sdks\Microsoft.NET.Sdk.WindowsDesktop\targets\Microsoft.WinFX.targets(69,7): message :       ;
       C:\Program Files\dotnet\sdk\10.0.102\Sdks\Microsoft.NET.Sdk.WindowsDesktop\targets\Microsoft.WinFX.targets(69,7): message :       PrepareResourceNames;
       C:\Program Files\dotnet\sdk\10.0.102\Sdks\Microsoft.NET.Sdk.WindowsDesktop\targets\Microsoft.WinFX.targets(69,7): message :       ResGen;
       C:\Program Files\dotnet\sdk\10.0.102\Sdks\Microsoft.NET.Sdk.WindowsDesktop\targets\Microsoft.WinFX.targets(69,7): message :       CompileLicxFiles
       C:\Program Files\dotnet\sdk\10.0.102\Sdks\Microsoft.NET.Sdk.WindowsDesktop\targets\Microsoft.WinFX.targets(69,7): message :     
       C:\Program Files\dotnet\sdk\10.0.102\Sdks\Microsoft.NET.Sdk.WindowsDesktop\targets\Microsoft.WinFX.targets(69,7): message :     ") en C:\Program Files\dotnet\sdk\10.0.102\Sdks\Microsoft.NET.Sdk.WindowsDesktop\targets\Microsoft.WinFX.targets (69,7)
       C:\Program Files\dotnet\sdk\10.0.102\Sdks\Microsoft.NET.Sdk.WindowsDesktop\targets\Microsoft.WinFX.targets(136,5): message : Reasignación de propiedad: $(CompileDependsOn)="
       C:\Program Files\dotnet\sdk\10.0.102\Sdks\Microsoft.NET.Sdk.WindowsDesktop\targets\Microsoft.WinFX.targets(136,5): message :         
       C:\Program Files\dotnet\sdk\10.0.102\Sdks\Microsoft.NET.Sdk.WindowsDesktop\targets\Microsoft.WinFX.targets(136,5): message :       
       C:\Program Files\dotnet\sdk\10.0.102\Sdks\Microsoft.NET.Sdk.WindowsDesktop\targets\Microsoft.WinFX.targets(136,5): message :       ResolveReferences;
       C:\Program Files\dotnet\sdk\10.0.102\Sdks\Microsoft.NET.Sdk.WindowsDesktop\targets\Microsoft.WinFX.targets(136,5): message :       ResolveKeySource;
       C:\Program Files\dotnet\sdk\10.0.102\Sdks\Microsoft.NET.Sdk.WindowsDesktop\targets\Microsoft.WinFX.targets(136,5): message :       SetWin32ManifestProperties;
       C:\Program Files\dotnet\sdk\10.0.102\Sdks\Microsoft.NET.Sdk.WindowsDesktop\targets\Microsoft.WinFX.targets(136,5): message :       _SetPreferNativeArm64Win32ManifestProperties;
       C:\Program Files\dotnet\sdk\10.0.102\Sdks\Microsoft.NET.Sdk.WindowsDesktop\targets\Microsoft.WinFX.targets(136,5): message :       FindReferenceAssembliesForReferences;
       C:\Program Files\dotnet\sdk\10.0.102\Sdks\Microsoft.NET.Sdk.WindowsDesktop\targets\Microsoft.WinFX.targets(136,5): message :       _GenerateCompileInputs;
       C:\Program Files\dotnet\sdk\10.0.102\Sdks\Microsoft.NET.Sdk.WindowsDesktop\targets\Microsoft.WinFX.targets(136,5): message :       BeforeCompile;
       C:\Program Files\dotnet\sdk\10.0.102\Sdks\Microsoft.NET.Sdk.WindowsDesktop\targets\Microsoft.WinFX.targets(136,5): message :       _TimeStampBeforeCompile;
       C:\Program Files\dotnet\sdk\10.0.102\Sdks\Microsoft.NET.Sdk.WindowsDesktop\targets\Microsoft.WinFX.targets(136,5): message :       _GenerateCompileDependencyCache;
       C:\Program Files\dotnet\sdk\10.0.102\Sdks\Microsoft.NET.Sdk.WindowsDesktop\targets\Microsoft.WinFX.targets(136,5): message :       CoreCompile;
       C:\Program Files\dotnet\sdk\10.0.102\Sdks\Microsoft.NET.Sdk.WindowsDesktop\targets\Microsoft.WinFX.targets(136,5): message :       _TimeStampAfterCompile;
       C:\Program Files\dotnet\sdk\10.0.102\Sdks\Microsoft.NET.Sdk.WindowsDesktop\targets\Microsoft.WinFX.targets(136,5): message :       AfterCompile;
       C:\Program Files\dotnet\sdk\10.0.102\Sdks\Microsoft.NET.Sdk.WindowsDesktop\targets\Microsoft.WinFX.targets(136,5): message :     ;
       C:\Program Files\dotnet\sdk\10.0.102\Sdks\Microsoft.NET.Sdk.WindowsDesktop\targets\Microsoft.WinFX.targets(136,5): message :       _CreateAppHost;
       C:\Program Files\dotnet\sdk\10.0.102\Sdks\Microsoft.NET.Sdk.WindowsDesktop\targets\Microsoft.WinFX.targets(136,5): message :       _CreateComHost;
       C:\Program Files\dotnet\sdk\10.0.102\Sdks\Microsoft.NET.Sdk.WindowsDesktop\targets\Microsoft.WinFX.targets(136,5): message :       _GetIjwHostPaths;
       C:\Program Files\dotnet\sdk\10.0.102\Sdks\Microsoft.NET.Sdk.WindowsDesktop\targets\Microsoft.WinFX.targets(136,5): message :     ;
       C:\Program Files\dotnet\sdk\10.0.102\Sdks\Microsoft.NET.Sdk.WindowsDesktop\targets\Microsoft.WinFX.targets(136,5): message :         _AfterCompileWinFXInternal
       C:\Program Files\dotnet\sdk\10.0.102\Sdks\Microsoft.NET.Sdk.WindowsDesktop\targets\Microsoft.WinFX.targets(136,5): message :     " (valor anterior: "
       C:\Program Files\dotnet\sdk\10.0.102\Sdks\Microsoft.NET.Sdk.WindowsDesktop\targets\Microsoft.WinFX.targets(136,5): message :       
       C:\Program Files\dotnet\sdk\10.0.102\Sdks\Microsoft.NET.Sdk.WindowsDesktop\targets\Microsoft.WinFX.targets(136,5): message :       ResolveReferences;
       C:\Program Files\dotnet\sdk\10.0.102\Sdks\Microsoft.NET.Sdk.WindowsDesktop\targets\Microsoft.WinFX.targets(136,5): message :       ResolveKeySource;
       C:\Program Files\dotnet\sdk\10.0.102\Sdks\Microsoft.NET.Sdk.WindowsDesktop\targets\Microsoft.WinFX.targets(136,5): message :       SetWin32ManifestProperties;
       C:\Program Files\dotnet\sdk\10.0.102\Sdks\Microsoft.NET.Sdk.WindowsDesktop\targets\Microsoft.WinFX.targets(136,5): message :       _SetPreferNativeArm64Win32ManifestProperties;
       C:\Program Files\dotnet\sdk\10.0.102\Sdks\Microsoft.NET.Sdk.WindowsDesktop\targets\Microsoft.WinFX.targets(136,5): message :       FindReferenceAssembliesForReferences;
       C:\Program Files\dotnet\sdk\10.0.102\Sdks\Microsoft.NET.Sdk.WindowsDesktop\targets\Microsoft.WinFX.targets(136,5): message :       _GenerateCompileInputs;
       C:\Program Files\dotnet\sdk\10.0.102\Sdks\Microsoft.NET.Sdk.WindowsDesktop\targets\Microsoft.WinFX.targets(136,5): message :       BeforeCompile;
       C:\Program Files\dotnet\sdk\10.0.102\Sdks\Microsoft.NET.Sdk.WindowsDesktop\targets\Microsoft.WinFX.targets(136,5): message :       _TimeStampBeforeCompile;
       C:\Program Files\dotnet\sdk\10.0.102\Sdks\Microsoft.NET.Sdk.WindowsDesktop\targets\Microsoft.WinFX.targets(136,5): message :       _GenerateCompileDependencyCache;
       C:\Program Files\dotnet\sdk\10.0.102\Sdks\Microsoft.NET.Sdk.WindowsDesktop\targets\Microsoft.WinFX.targets(136,5): message :       CoreCompile;
       C:\Program Files\dotnet\sdk\10.0.102\Sdks\Microsoft.NET.Sdk.WindowsDesktop\targets\Microsoft.WinFX.targets(136,5): message :       _TimeStampAfterCompile;
       C:\Program Files\dotnet\sdk\10.0.102\Sdks\Microsoft.NET.Sdk.WindowsDesktop\targets\Microsoft.WinFX.targets(136,5): message :       AfterCompile;
       C:\Program Files\dotnet\sdk\10.0.102\Sdks\Microsoft.NET.Sdk.WindowsDesktop\targets\Microsoft.WinFX.targets(136,5): message :     ;
       C:\Program Files\dotnet\sdk\10.0.102\Sdks\Microsoft.NET.Sdk.WindowsDesktop\targets\Microsoft.WinFX.targets(136,5): message :       _CreateAppHost;
       C:\Program Files\dotnet\sdk\10.0.102\Sdks\Microsoft.NET.Sdk.WindowsDesktop\targets\Microsoft.WinFX.targets(136,5): message :       _CreateComHost;
       C:\Program Files\dotnet\sdk\10.0.102\Sdks\Microsoft.NET.Sdk.WindowsDesktop\targets\Microsoft.WinFX.targets(136,5): message :       _GetIjwHostPaths;
       C:\Program Files\dotnet\sdk\10.0.102\Sdks\Microsoft.NET.Sdk.WindowsDesktop\targets\Microsoft.WinFX.targets(136,5): message :     ") en C:\Program Files\dotnet\sdk\10.0.102\Sdks\Microsoft.NET.Sdk.WindowsDesktop\targets\Microsoft.WinFX.targets (136,5)
       C:\Program Files\dotnet\sdk\10.0.102\Sdks\Microsoft.NET.Sdk.WindowsDesktop\targets\Microsoft.WinFX.targets(803,9): message : Reasignación de propiedad: $(PublishBuildDependsOn)="
       C:\Program Files\dotnet\sdk\10.0.102\Sdks\Microsoft.NET.Sdk.WindowsDesktop\targets\Microsoft.WinFX.targets(803,9): message :             BuildOnlySettings;
       C:\Program Files\dotnet\sdk\10.0.102\Sdks\Microsoft.NET.Sdk.WindowsDesktop\targets\Microsoft.WinFX.targets(803,9): message :             PrepareForBuild;
       C:\Program Files\dotnet\sdk\10.0.102\Sdks\Microsoft.NET.Sdk.WindowsDesktop\targets\Microsoft.WinFX.targets(803,9): message :             ResolveReferences;
       C:\Program Files\dotnet\sdk\10.0.102\Sdks\Microsoft.NET.Sdk.WindowsDesktop\targets\Microsoft.WinFX.targets(803,9): message :             PrepareResources;
       C:\Program Files\dotnet\sdk\10.0.102\Sdks\Microsoft.NET.Sdk.WindowsDesktop\targets\Microsoft.WinFX.targets(803,9): message :             ResolveKeySource;
       C:\Program Files\dotnet\sdk\10.0.102\Sdks\Microsoft.NET.Sdk.WindowsDesktop\targets\Microsoft.WinFX.targets(803,9): message :             PrepareResourcesForSatelliteAssemblies;
       C:\Program Files\dotnet\sdk\10.0.102\Sdks\Microsoft.NET.Sdk.WindowsDesktop\targets\Microsoft.WinFX.targets(803,9): message :             GenerateSerializationAssemblies;
       C:\Program Files\dotnet\sdk\10.0.102\Sdks\Microsoft.NET.Sdk.WindowsDesktop\targets\Microsoft.WinFX.targets(803,9): message :             CreateSatelliteAssemblies;
       C:\Program Files\dotnet\sdk\10.0.102\Sdks\Microsoft.NET.Sdk.WindowsDesktop\targets\Microsoft.WinFX.targets(803,9): message :         " (valor anterior: "
       C:\Program Files\dotnet\sdk\10.0.102\Sdks\Microsoft.NET.Sdk.WindowsDesktop\targets\Microsoft.WinFX.targets(803,9): message :       BuildOnlySettings;
       C:\Program Files\dotnet\sdk\10.0.102\Sdks\Microsoft.NET.Sdk.WindowsDesktop\targets\Microsoft.WinFX.targets(803,9): message :       PrepareForBuild;
       C:\Program Files\dotnet\sdk\10.0.102\Sdks\Microsoft.NET.Sdk.WindowsDesktop\targets\Microsoft.WinFX.targets(803,9): message :       ResolveReferences;
       C:\Program Files\dotnet\sdk\10.0.102\Sdks\Microsoft.NET.Sdk.WindowsDesktop\targets\Microsoft.WinFX.targets(803,9): message :       PrepareResources;
       C:\Program Files\dotnet\sdk\10.0.102\Sdks\Microsoft.NET.Sdk.WindowsDesktop\targets\Microsoft.WinFX.targets(803,9): message :       ResolveKeySource;
       C:\Program Files\dotnet\sdk\10.0.102\Sdks\Microsoft.NET.Sdk.WindowsDesktop\targets\Microsoft.WinFX.targets(803,9): message :       GenerateSerializationAssemblies;
       C:\Program Files\dotnet\sdk\10.0.102\Sdks\Microsoft.NET.Sdk.WindowsDesktop\targets\Microsoft.WinFX.targets(803,9): message :       CreateSatelliteAssemblies;
       C:\Program Files\dotnet\sdk\10.0.102\Sdks\Microsoft.NET.Sdk.WindowsDesktop\targets\Microsoft.WinFX.targets(803,9): message :     ") en C:\Program Files\dotnet\sdk\10.0.102\Sdks\Microsoft.NET.Sdk.WindowsDesktop\targets\Microsoft.WinFX.targets (803,9)
       C:\Program Files\dotnet\sdk\10.0.102\NuGet.Build.Tasks.Pack.targets(34,5): message : Reasignación de propiedad: $(PackageDescription)="Package Description" (valor anterior: "") en C:\Program Files\dotnet\sdk\10.0.102\NuGet.Build.Tasks.Pack.targets (34,5)
       C:\Program Files\dotnet\sdk\10.0.102\NuGet.Build.Tasks.Pack.targets(59,5): message : Reasignación de propiedad: $(GenerateNuspecDependsOn)="Build;_LoadPackInputItems; _GetTargetFrameworksOutput; _WalkEachTargetPerFramework; _GetPackageFiles; " (valor anterior: "_LoadPackInputItems; _GetTargetFrameworksOutput; _WalkEachTargetPerFramework; _GetPackageFiles; ") en C:\Program Files\dotnet\sdk\10.0.102\NuGet.Build.Tasks.Pack.targets (59,5)
       C:\Program Files\dotnet\sdk\10.0.102\Sdks\Microsoft.NET.Sdk\Sdk\Sdk.targets(59,5): message : Reasignación de propiedad: $(_IsNotSetContainersTargetsDir)="true" (valor anterior: "false") en C:\Program Files\dotnet\sdk\10.0.102\Sdks\Microsoft.NET.Sdk\Sdk\Sdk.targets (59,5)
       C:\Program Files\dotnet\sdk\10.0.102\Containers\build\Microsoft.NET.Build.Containers.targets(5,5): message : Reasignación de propiedad: $(_IsSDKContainerAllowedVersion)="true" (valor anterior: "false") en C:\Program Files\dotnet\sdk\10.0.102\Containers\build\Microsoft.NET.Build.Containers.targets (5,5)
       C:\Program Files\dotnet\sdk\10.0.102\Containers\build\Microsoft.NET.Build.Containers.targets(15,5): message : Reasignación de propiedad: $(_ContainerIsTargetingNet8TFM)="true" (valor anterior: "false") en C:\Program Files\dotnet\sdk\10.0.102\Containers\build\Microsoft.NET.Build.Containers.targets (15,5)
       Ensamblado cargado durante Evaluation: System.Diagnostics.StackTrace, Version=10.0.0.0, Culture=neutral, PublicKeyToken=b03f5f7f11d50a3a(ubicación: C:\Program Files\dotnet\shared\Microsoft.NETCore.App\10.0.2\System.Diagnostics.StackTrace.dll, MVID: 216e00f5-cc4f-4018-9e77-710e077a3e43, AssemblyLoadContext: Default)
       Invalidando el destino "ResolveFrameworkReferences" del proyecto"C:\Program Files\dotnet\sdk\10.0.102\Microsoft.Common.CurrentVersion.targets" con el destino "ResolveFrameworkReferences" del proyecto "C:\Program Files\dotnet\sdk\10.0.102\Sdks\Microsoft.NET.Sdk\targets\Microsoft.NET.Sdk.FrameworkReferenceResolution.targets".
       Invalidando el destino "GenerateSupportedTargetFrameworkAlias" del proyecto"C:\Program Files\dotnet\sdk\10.0.102\Microsoft.Common.CurrentVersion.targets" con el destino "GenerateSupportedTargetFrameworkAlias" del proyecto "C:\Program Files\dotnet\sdk\10.0.102\Sdks\Microsoft.NET.Sdk\targets\Microsoft.NET.Sdk.targets".
       Invalidando el destino "GetReferenceAssemblyPaths" del proyecto"C:\Program Files\dotnet\sdk\10.0.102\Microsoft.Common.CurrentVersion.targets" con el destino "GetReferenceAssemblyPaths" del proyecto "C:\Program Files\dotnet\sdk\10.0.102\Sdks\Microsoft.NET.Sdk\targets\Microsoft.NET.DisableStandardFrameworkResolution.targets".
       Invalidando el destino "GetFrameworkPaths" del proyecto"C:\Program Files\dotnet\sdk\10.0.102\Microsoft.Common.CurrentVersion.targets" con el destino "GetFrameworkPaths" del proyecto "C:\Program Files\dotnet\sdk\10.0.102\Sdks\Microsoft.NET.Sdk\targets\Microsoft.NET.DisableStandardFrameworkResolution.targets".
       Invalidando el destino "DesignerRuntimeImplementationProjectOutputGroup" del proyecto"C:\Program Files\dotnet\sdk\10.0.102\Microsoft.Common.CurrentVersion.targets" con el destino "DesignerRuntimeImplementationProjectOutputGroup" del proyecto "C:\Program Files\dotnet\sdk\10.0.102\Sdks\Microsoft.NET.Sdk\targets\Microsoft.NET.DesignerSupport.targets".
       Invalidando el destino "Publish" del proyecto"C:\Program Files\dotnet\sdk\10.0.102\Microsoft.Common.CurrentVersion.targets" con el destino "Publish" del proyecto "C:\Program Files\dotnet\sdk\10.0.102\Sdks\Microsoft.NET.Sdk\targets\Microsoft.NET.Publish.targets".
       Invalidando el destino "ResolveReadyToRunCompilers" del proyecto"C:\Program Files\dotnet\sdk\10.0.102\Sdks\Microsoft.NET.Sdk\targets\Microsoft.NET.CrossGen.targets" con el destino "ResolveReadyToRunCompilers" del proyecto "C:\Program Files\dotnet\sdk\10.0.102\Sdks\Microsoft.NET.Sdk\targets\Microsoft.NET.Publish.targets".
       Invalidando el destino "GetCopyToPublishDirectoryItems" del proyecto"C:\Program Files\dotnet\sdk\10.0.102\Microsoft.Common.CurrentVersion.targets" con el destino "GetCopyToPublishDirectoryItems" del proyecto "C:\Program Files\dotnet\sdk\10.0.102\Sdks\Microsoft.NET.Sdk\targets\Microsoft.NET.Publish.targets".
       Invalidando el destino "Run" del proyecto"C:\Program Files\dotnet\sdk\10.0.102\Microsoft.Common.CurrentVersion.targets" con el destino "Run" del proyecto "C:\Program Files\dotnet\sdk\10.0.102\Sdks\Microsoft.NET.Sdk\targets\Microsoft.NET.Sdk.targets".
       Invalidando el destino "SatelliteDllsProjectOutputGroup" del proyecto"C:\Program Files\dotnet\sdk\10.0.102\Microsoft.Common.CurrentVersion.targets" con el destino "SatelliteDllsProjectOutputGroup" del proyecto "C:\Program Files\dotnet\sdk\10.0.102\Sdks\Microsoft.NET.Sdk.WindowsDesktop\targets\Microsoft.WinFX.targets".
   1:7>Proyecto "C:\Users\AlexM\OneDrive\Desktop\ABCD 2\CuadroMagicoApp\CuadroMagicoApp.csproj" en nodo 1 (destinos predeterminados).
   1:7>Destino "_CollectTargetFrameworkForTelemetry" en el archivo "C:\Program Files\dotnet\sdk\10.0.102\Sdks\Microsoft.NET.Sdk\targets\Microsoft.NET.TargetFrameworkInference.targets" del proyecto "C:\Users\AlexM\OneDrive\Desktop\ABCD 2\CuadroMagicoApp\CuadroMagicoApp.csproj" (el destino "_CheckForInvalidConfigurationAndPlatform" depende de él):
   1:7>Usando la tarea "AllowEmptyTelemetry" del ensamblado "C:\Program Files\dotnet\sdk\10.0.102\Sdks\Microsoft.NET.Sdk\targets\..\tools\net10.0\Microsoft.NET.Build.Tasks.dll".
       Tarea "AllowEmptyTelemetry"
       Ejecución de la tarea "AllowEmptyTelemetry" terminada.
   1:7>Compilación terminada del destino "_CollectTargetFrameworkForTelemetry" en el proyecto "CuadroMagicoApp.csproj".
   1:7>Destino "_CheckForUnsupportedTargetPlatformIdentifier" en el archivo "C:\Program Files\dotnet\sdk\10.0.102\Sdks\Microsoft.NET.Sdk\targets\Microsoft.NET.TargetFrameworkInference.targets" del proyecto "C:\Users\AlexM\OneDrive\Desktop\ABCD 2\CuadroMagicoApp\CuadroMagicoApp.csproj" (el destino "_CheckForInvalidConfigurationAndPlatform" depende de él):
   1:7>Compilación terminada del destino "_CheckForUnsupportedTargetPlatformIdentifier" en el proyecto "CuadroMagicoApp.csproj".
   1:7>Destino "_CheckForUnsupportedNETCoreVersion" en el archivo "C:\Program Files\dotnet\sdk\10.0.102\Sdks\Microsoft.NET.Sdk\targets\Microsoft.NET.TargetFrameworkInference.targets" del proyecto "C:\Users\AlexM\OneDrive\Desktop\ABCD 2\CuadroMagicoApp\CuadroMagicoApp.csproj" (el destino "_CheckForInvalidConfigurationAndPlatform" depende de él):
   1:7>Compilación terminada del destino "_CheckForUnsupportedNETCoreVersion" en el proyecto "CuadroMagicoApp.csproj".
   1:7>Destino "_CheckForUnsupportedCppNETCoreVersion" en el archivo "C:\Program Files\dotnet\sdk\10.0.102\Sdks\Microsoft.NET.Sdk\targets\Microsoft.NET.TargetFrameworkInference.targets" del proyecto "C:\Users\AlexM\OneDrive\Desktop\ABCD 2\CuadroMagicoApp\CuadroMagicoApp.csproj" (el destino "_CheckForInvalidConfigurationAndPlatform" depende de él):
   1:7>Compilación terminada del destino "_CheckForUnsupportedCppNETCoreVersion" en el proyecto "CuadroMagicoApp.csproj".
   1:7>Destino "_CheckForSupportedOSPlatformVersionHigherThanTargetPlatformVersion" en el archivo "C:\Program Files\dotnet\sdk\10.0.102\Sdks\Microsoft.NET.Sdk\targets\Microsoft.NET.TargetFrameworkInference.targets" del proyecto "C:\Users\AlexM\OneDrive\Desktop\ABCD 2\CuadroMagicoApp\CuadroMagicoApp.csproj" (el destino "_CheckForInvalidConfigurationAndPlatform" depende de él):
   1:7>Compilación terminada del destino "_CheckForSupportedOSPlatformVersionHigherThanTargetPlatformVersion" en el proyecto "CuadroMagicoApp.csproj".
   1:7>Destino "_NormalizeTargetPlatformVersion" en el archivo "C:\Program Files\dotnet\sdk\10.0.102\Sdks\Microsoft.NET.Sdk\targets\Microsoft.NET.TargetFrameworkInference.targets" del proyecto "C:\Users\AlexM\OneDrive\Desktop\ABCD 2\CuadroMagicoApp\CuadroMagicoApp.csproj" (el destino "_CheckForInvalidTargetPlatformVersion" depende de él):
   1:7>Compilación terminada del destino "_NormalizeTargetPlatformVersion" en el proyecto "CuadroMagicoApp.csproj".
   1:7>Destino "_CheckForInvalidTargetPlatformVersion" en el archivo "C:\Program Files\dotnet\sdk\10.0.102\Sdks\Microsoft.NET.Sdk\targets\Microsoft.NET.TargetFrameworkInference.targets" del proyecto "C:\Users\AlexM\OneDrive\Desktop\ABCD 2\CuadroMagicoApp\CuadroMagicoApp.csproj" (el destino "_CheckForInvalidConfigurationAndPlatform" depende de él):
   1:7>Compilación terminada del destino "_CheckForInvalidTargetPlatformVersion" en el proyecto "CuadroMagicoApp.csproj".
   1:7>Destino "_CheckForUnsupportedArtifactsPath" en el archivo "C:\Program Files\dotnet\sdk\10.0.102\Sdks\Microsoft.NET.Sdk\targets\Microsoft.NET.DefaultOutputPaths.targets" del proyecto "C:\Users\AlexM\OneDrive\Desktop\ABCD 2\CuadroMagicoApp\CuadroMagicoApp.csproj" (el destino "_CheckForInvalidConfigurationAndPlatform" depende de él):
   1:7>Compilación terminada del destino "_CheckForUnsupportedArtifactsPath" en el proyecto "CuadroMagicoApp.csproj".
   1:7>Destino "_CheckRIDAsserts" en el archivo "C:\Program Files\dotnet\sdk\10.0.102\Sdks\Microsoft.NET.Sdk\targets\Microsoft.NET.RuntimeIdentifierInference.targets" del proyecto "C:\Users\AlexM\OneDrive\Desktop\ABCD 2\CuadroMagicoApp\CuadroMagicoApp.csproj" (el destino "_CheckForUnsupportedAppHostUsage" depende de él):
   1:7>Compilación terminada del destino "_CheckRIDAsserts" en el proyecto "CuadroMagicoApp.csproj".
   1:7>Destino "_CheckForUnsupportedAppHostUsage" en el archivo "C:\Program Files\dotnet\sdk\10.0.102\Sdks\Microsoft.NET.Sdk\targets\Microsoft.NET.RuntimeIdentifierInference.targets" del proyecto "C:\Users\AlexM\OneDrive\Desktop\ABCD 2\CuadroMagicoApp\CuadroMagicoApp.csproj" (el destino "_CheckForInvalidConfigurationAndPlatform" depende de él):
   1:7>Compilación terminada del destino "_CheckForUnsupportedAppHostUsage" en el proyecto "CuadroMagicoApp.csproj".
   1:7>Destino "_CheckForUnsupportedHostingUsage" en el archivo "C:\Program Files\dotnet\sdk\10.0.102\Sdks\Microsoft.NET.Sdk\targets\Microsoft.NET.RuntimeIdentifierInference.targets" del proyecto "C:\Users\AlexM\OneDrive\Desktop\ABCD 2\CuadroMagicoApp\CuadroMagicoApp.csproj" (el destino "_CheckForInvalidConfigurationAndPlatform" depende de él):
   1:7>Compilación terminada del destino "_CheckForUnsupportedHostingUsage" en el proyecto "CuadroMagicoApp.csproj".
   1:7>Destino "_CheckAndUnsetUnsupportedPrefer32Bit" en el archivo "C:\Program Files\dotnet\sdk\10.0.102\Sdks\Microsoft.NET.Sdk\targets\Microsoft.NET.RuntimeIdentifierInference.targets" del proyecto "C:\Users\AlexM\OneDrive\Desktop\ABCD 2\CuadroMagicoApp\CuadroMagicoApp.csproj" (el destino "_CheckForInvalidConfigurationAndPlatform" depende de él):
   1:7>Compilación terminada del destino "_CheckAndUnsetUnsupportedPrefer32Bit" en el proyecto "CuadroMagicoApp.csproj".
   1:7>Destino "_CheckForLanguageAndFeatureCombinationSupport" en el archivo "C:\Program Files\dotnet\sdk\10.0.102\Sdks\Microsoft.NET.Sdk\targets\Microsoft.NET.RuntimeIdentifierInference.targets" del proyecto "C:\Users\AlexM\OneDrive\Desktop\ABCD 2\CuadroMagicoApp\CuadroMagicoApp.csproj" (el destino "_CheckForInvalidConfigurationAndPlatform" depende de él):
   1:7>Compilación terminada del destino "_CheckForLanguageAndFeatureCombinationSupport" en el proyecto "CuadroMagicoApp.csproj".
   1:7>Destino "CheckForImplicitPackageReferenceOverrides" en el archivo "C:\Program Files\dotnet\sdk\10.0.102\Sdks\Microsoft.NET.Sdk\targets\Microsoft.NET.Sdk.DefaultItems.Shared.targets" del proyecto "C:\Users\AlexM\OneDrive\Desktop\ABCD 2\CuadroMagicoApp\CuadroMagicoApp.csproj" (el destino "CollectPackageReferences" depende de él):
       Usando la tarea "CheckForImplicitPackageReferenceOverrides" del ensamblado "C:\Program Files\dotnet\sdk\10.0.102\Sdks\Microsoft.NET.Sdk\targets\..\tools\net10.0\Microsoft.NET.Build.Tasks.dll".
       Tarea "CheckForImplicitPackageReferenceOverrides"
       Ejecución de la tarea "CheckForImplicitPackageReferenceOverrides" terminada.
   1:7>Compilación terminada del destino "CheckForImplicitPackageReferenceOverrides" en el proyecto "CuadroMagicoApp.csproj".
   1:7>Destino "AddWindowsSdkKnownFrameworkReferences" en el archivo "C:\Program Files\dotnet\sdk\10.0.102\Sdks\Microsoft.NET.Sdk\targets\Microsoft.NET.Sdk.FrameworkReferenceResolution.targets" del proyecto "C:\Users\AlexM\OneDrive\Desktop\ABCD 2\CuadroMagicoApp\CuadroMagicoApp.csproj" (el destino "ProcessFrameworkReferences" depende de él):
       Usando la tarea "CreateWindowsSdkKnownFrameworkReferences" del ensamblado "C:\Program Files\dotnet\sdk\10.0.102\Sdks\Microsoft.NET.Sdk\targets\..\tools\net10.0\Microsoft.NET.Build.Tasks.dll".
       Tarea "CreateWindowsSdkKnownFrameworkReferences"
       Ejecución de la tarea "CreateWindowsSdkKnownFrameworkReferences" terminada.
   1:7>Compilación terminada del destino "AddWindowsSdkKnownFrameworkReferences" en el proyecto "CuadroMagicoApp.csproj".
   1:7>Destino "_ComputeToolPackInputsToProcessFrameworkReferences" en el archivo "C:\Program Files\dotnet\sdk\10.0.102\Sdks\Microsoft.NET.Sdk\targets\Microsoft.NET.Publish.targets" del proyecto "C:\Users\AlexM\OneDrive\Desktop\ABCD 2\CuadroMagicoApp\CuadroMagicoApp.csproj" (el destino "ProcessFrameworkReferences" depende de él):
   1:7>Compilación terminada del destino "_ComputeToolPackInputsToProcessFrameworkReferences" en el proyecto "CuadroMagicoApp.csproj".
   1:7>Destino "ProcessFrameworkReferences" en el archivo "C:\Program Files\dotnet\sdk\10.0.102\Sdks\Microsoft.NET.Sdk\targets\Microsoft.NET.Sdk.FrameworkReferenceResolution.targets" del proyecto "C:\Users\AlexM\OneDrive\Desktop\ABCD 2\CuadroMagicoApp\CuadroMagicoApp.csproj" (el destino "CollectPackageReferences" depende de él):
       Usando la tarea "CheckForDuplicateFrameworkReferences" del ensamblado "C:\Program Files\dotnet\sdk\10.0.102\Sdks\Microsoft.NET.Sdk\targets\..\tools\net10.0\Microsoft.NET.Build.Tasks.dll".
       Tarea "CheckForDuplicateFrameworkReferences"
       Ejecución de la tarea "CheckForDuplicateFrameworkReferences" terminada.
       Usando la tarea "ProcessFrameworkReferences" del ensamblado "C:\Program Files\dotnet\sdk\10.0.102\Sdks\Microsoft.NET.Sdk\targets\..\tools\net10.0\Microsoft.NET.Build.Tasks.dll".
       Tarea "ProcessFrameworkReferences"
         Found 2 known framework references for target framework .NETCoreApp
         Found 5 known runtime packs for target framework .NETCoreApp
         Selected Microsoft.NETCore.App with RIDs 'linux-arm;linux-arm64;linux-musl-arm64;linux-musl-x64;linux-x64;osx-x64;tizen.4.0.0-armel;tizen.5.0.0-armel;win-arm64;win-x64;win-x86;linux-musl-arm;osx-arm64;linux-s390x;linux-loongarch64;linux-bionic-arm;linux-bionic-arm64;linux-bionic-x64;linux-bionic-x86;linux-ppc64le;freebsd-x64;freebsd-arm64;linux-riscv64;linux-musl-riscv64;linux-musl-loongarch64;android-arm64;android-x64'
         Selected targeting pack 'Microsoft.NETCore.App@10.0.2'
         Added runtime framework 'Microsoft.NETCore.App@10.0.0'
         Selected Microsoft.WindowsDesktop.App with RIDs 'win-x64;win-x86;win-arm64'
         Selected targeting pack 'Microsoft.WindowsDesktop.App@10.0.2'
         Added runtime framework 'Microsoft.WindowsDesktop.App@10.0.0'
         Selected Microsoft.WindowsDesktop.App with RIDs 'win-x64;win-x86;win-arm64'
         Selected targeting pack 'Microsoft.WindowsDesktop.App.WPF@10.0.2'
         Added runtime framework 'Microsoft.WindowsDesktop.App@10.0.0'
         Selected Microsoft.WindowsDesktop.App with RIDs 'win-x64;win-x86;win-arm64'
         Selected targeting pack 'Microsoft.WindowsDesktop.App.WindowsForms@10.0.2'
         Added runtime framework 'Microsoft.WindowsDesktop.App@10.0.0'
         Selected Microsoft.AspNetCore.App with RIDs 'win-x64;win-x86;osx-x64;linux-musl-x64;linux-musl-arm64;linux-x64;linux-arm;linux-arm64;linux-musl-arm;win-arm64;osx-arm64;linux-s390x;linux-loongarch64;linux-ppc64le;freebsd-x64;freebsd-arm64;linux-riscv64;linux-musl-riscv64;linux-loongarch64;linux-musl-loongarch64'
         Selected targeting pack 'Microsoft.AspNetCore.App@10.0.2'
         Added runtime framework 'Microsoft.AspNetCore.App@10.0.0'
       Ejecución de la tarea "ProcessFrameworkReferences" terminada.
       Usando la tarea "ResolveAppHosts" del ensamblado "C:\Program Files\dotnet\sdk\10.0.102\Sdks\Microsoft.NET.Sdk\targets\..\tools\net10.0\Microsoft.NET.Build.Tasks.dll".
       Tarea "ResolveAppHosts"
       Ejecución de la tarea "ResolveAppHosts" terminada.
   1:7>Compilación terminada del destino "ProcessFrameworkReferences" en el proyecto "CuadroMagicoApp.csproj".
   1:7>Destino "_CheckForObsoleteDotNetCliToolReferences" en el archivo "C:\Program Files\dotnet\sdk\10.0.102\Sdks\Microsoft.NET.Sdk\targets\Microsoft.NET.ObsoleteReferences.targets" del proyecto "C:\Users\AlexM\OneDrive\Desktop\ABCD 2\CuadroMagicoApp\CuadroMagicoApp.csproj" (el destino "CollectPackageReferences" depende de él):
   1:7>Compilación terminada del destino "_CheckForObsoleteDotNetCliToolReferences" en el proyecto "CuadroMagicoApp.csproj".
   1:7>Destino "CollectPackageReferences" en el archivo "C:\Program Files\dotnet\sdk\10.0.102\NuGet.targets" del proyecto "C:\Users\AlexM\OneDrive\Desktop\ABCD 2\CuadroMagicoApp\CuadroMagicoApp.csproj" (el destino "_GetRestoreProjectStyle" depende de él):
       Usando la tarea "CheckForDuplicateNuGetItemsTask" del ensamblado "C:\Program Files\dotnet\sdk\10.0.102\NuGet.Build.Tasks.dll".
       Tarea "CheckForDuplicateNuGetItemsTask"
       Ejecución de la tarea "CheckForDuplicateNuGetItemsTask" terminada.
   1:7>Compilación terminada del destino "CollectPackageReferences" en el proyecto "CuadroMagicoApp.csproj".
   1:7>Destino "_GetRestoreProjectStyle" en el archivo "C:\Program Files\dotnet\sdk\10.0.102\NuGet.targets" del proyecto "C:\Users\AlexM\OneDrive\Desktop\ABCD 2\CuadroMagicoApp\CuadroMagicoApp.csproj" (el destino "EnableIntermediateOutputPathMismatchWarning" depende de él):
       Usando la tarea "GetRestoreProjectStyleTask" del ensamblado "C:\Program Files\dotnet\sdk\10.0.102\NuGet.Build.Tasks.dll".
       Tarea "GetRestoreProjectStyleTask"
       Ejecución de la tarea "GetRestoreProjectStyleTask" terminada.
   1:7>Compilación terminada del destino "_GetRestoreProjectStyle" en el proyecto "CuadroMagicoApp.csproj".
   1:7>Destino "EnableIntermediateOutputPathMismatchWarning" en el archivo "C:\Program Files\dotnet\sdk\10.0.102\NuGet.targets" del proyecto "C:\Users\AlexM\OneDrive\Desktop\ABCD 2\CuadroMagicoApp\CuadroMagicoApp.csproj" (el destino "_CheckForInvalidConfigurationAndPlatform" depende de él):
   1:7>Compilación terminada del destino "EnableIntermediateOutputPathMismatchWarning" en el proyecto "CuadroMagicoApp.csproj".
       Se omitió el destino "CheckForImplicitPackageReferenceOverrides". Compilado previamente de forma correcta.
   1:7>Destino "CheckForDuplicateItems" en el archivo "C:\Program Files\dotnet\sdk\10.0.102\Sdks\Microsoft.NET.Sdk\targets\Microsoft.NET.Sdk.DefaultItems.Shared.targets" del proyecto "C:\Users\AlexM\OneDrive\Desktop\ABCD 2\CuadroMagicoApp\CuadroMagicoApp.csproj" (el destino "_CheckForInvalidConfigurationAndPlatform" depende de él):
       Usando la tarea "CheckForDuplicateItems" del ensamblado "C:\Program Files\dotnet\sdk\10.0.102\Sdks\Microsoft.NET.Sdk\targets\..\tools\net10.0\Microsoft.NET.Build.Tasks.dll".
       Tarea "CheckForDuplicateItems"
       Ejecución de la tarea "CheckForDuplicateItems" terminada.
       Tarea "CheckForDuplicateItems"
       Ejecución de la tarea "CheckForDuplicateItems" terminada.
       Tarea "CheckForDuplicateItems"
       Ejecución de la tarea "CheckForDuplicateItems" terminada.
   1:7>Compilación terminada del destino "CheckForDuplicateItems" en el proyecto "CuadroMagicoApp.csproj".
   1:7>Destino "_CheckForInvalidWindowsDesktopTargetingConfiguration" en el archivo "C:\Program Files\dotnet\sdk\10.0.102\Sdks\Microsoft.NET.Sdk\targets\Microsoft.NET.Sdk.DefaultItems.targets" del proyecto "C:\Users\AlexM\OneDrive\Desktop\ABCD 2\CuadroMagicoApp\CuadroMagicoApp.csproj" (el destino "_CheckForInvalidConfigurationAndPlatform" depende de él):
   1:7>Compilación terminada del destino "_CheckForInvalidWindowsDesktopTargetingConfiguration" en el proyecto "CuadroMagicoApp.csproj".
       Se omitió el destino "ProcessFrameworkReferences". Compilado previamente de forma correcta.
   1:7>Destino "_WindowsDesktopFrameworkRequiresUseWpfOrUseWindowsForms" en el archivo "C:\Program Files\dotnet\sdk\10.0.102\Sdks\Microsoft.NET.Sdk.WindowsDesktop\targets\Microsoft.NET.Sdk.WindowsDesktop.targets" del proyecto "C:\Users\AlexM\OneDrive\Desktop\ABCD 2\CuadroMagicoApp\CuadroMagicoApp.csproj" (el destino "_CheckForInvalidConfigurationAndPlatform" depende de él):
   1:7>Compilación terminada del destino "_WindowsDesktopFrameworkRequiresUseWpfOrUseWindowsForms" en el proyecto "CuadroMagicoApp.csproj".
   1:7>Destino "_CheckForInvalidConfigurationAndPlatform" en el archivo "C:\Program Files\dotnet\sdk\10.0.102\Microsoft.Common.CurrentVersion.targets" del proyecto "C:\Users\AlexM\OneDrive\Desktop\ABCD 2\CuadroMagicoApp\CuadroMagicoApp.csproj" (el destino "BeforeBuild" depende de él):
       Tarea "Message"
         Configuration=Debug
       Ejecución de la tarea "Message" terminada.
       Tarea "Message"
         Platform=AnyCPU
       Ejecución de la tarea "Message" terminada.
   1:7>Compilación terminada del destino "_CheckForInvalidConfigurationAndPlatform" en el proyecto "CuadroMagicoApp.csproj".
   1:7>Destino "ValidateCommandLineProperties" en el archivo "C:\Program Files\dotnet\sdk\10.0.102\Sdks\Microsoft.NET.Sdk\targets\Microsoft.NET.Sdk.targets" del proyecto "C:\Users\AlexM\OneDrive\Desktop\ABCD 2\CuadroMagicoApp\CuadroMagicoApp.csproj" (el destino "BeforeBuild" depende de él):
   1:7>Compilación terminada del destino "ValidateCommandLineProperties" en el proyecto "CuadroMagicoApp.csproj".
   1:7>Destino "BeforeBuild" en el archivo "C:\Program Files\dotnet\sdk\10.0.102\Microsoft.Common.CurrentVersion.targets" del proyecto "C:\Users\AlexM\OneDrive\Desktop\ABCD 2\CuadroMagicoApp\CuadroMagicoApp.csproj" (el destino "Build" depende de él):
   1:7>Compilación terminada del destino "BeforeBuild" en el proyecto "CuadroMagicoApp.csproj".
   1:7>Destino "BuildOnlySettings" en el archivo "C:\Program Files\dotnet\sdk\10.0.102\Microsoft.Common.CurrentVersion.targets" del proyecto "C:\Users\AlexM\OneDrive\Desktop\ABCD 2\CuadroMagicoApp\CuadroMagicoApp.csproj" (el destino "CoreBuild" depende de él):
       C:\Program Files\dotnet\sdk\10.0.102\Microsoft.Common.CurrentVersion.targets(1168,7): message : Reasignación de propiedad: $(BuildingProject)="true" (valor anterior: "false") en C:\Program Files\dotnet\sdk\10.0.102\Microsoft.Common.CurrentVersion.targets (1168,7) [C:\Users\AlexM\OneDrive\Desktop\ABCD 2\CuadroMagicoApp\CuadroMagicoApp.csproj]
   1:7>Compilación terminada del destino "BuildOnlySettings" en el proyecto "CuadroMagicoApp.csproj".
   1:7>Destino "GetFrameworkPaths" en el archivo "C:\Program Files\dotnet\sdk\10.0.102\Sdks\Microsoft.NET.Sdk\targets\Microsoft.NET.DisableStandardFrameworkResolution.targets" del proyecto "C:\Users\AlexM\OneDrive\Desktop\ABCD 2\CuadroMagicoApp\CuadroMagicoApp.csproj" (el destino "PrepareForBuild" depende de él):
   1:7>Compilación terminada del destino "GetFrameworkPaths" en el proyecto "CuadroMagicoApp.csproj".
   1:7>Destino "GetReferenceAssemblyPaths" en el archivo "C:\Program Files\dotnet\sdk\10.0.102\Sdks\Microsoft.NET.Sdk\targets\Microsoft.NET.DisableStandardFrameworkResolution.targets" del proyecto "C:\Users\AlexM\OneDrive\Desktop\ABCD 2\CuadroMagicoApp\CuadroMagicoApp.csproj" (el destino "PrepareForBuild" depende de él):
   1:7>Compilación terminada del destino "GetReferenceAssemblyPaths" en el proyecto "CuadroMagicoApp.csproj".
   1:7>Destino "PrepareForBuild" en el archivo "C:\Program Files\dotnet\sdk\10.0.102\Microsoft.Common.CurrentVersion.targets" del proyecto "C:\Users\AlexM\OneDrive\Desktop\ABCD 2\CuadroMagicoApp\CuadroMagicoApp.csproj" (el destino "CoreBuild" depende de él):
       Usando la tarea "FindAppConfigFile" del ensamblado "Microsoft.Build.Tasks.Core, Version=15.1.0.0, Culture=neutral, PublicKeyToken=b03f5f7f11d50a3a".
       Tarea "FindAppConfigFile"
       Ejecución de la tarea "FindAppConfigFile" terminada.
       Usando la tarea "MakeDir" del ensamblado "Microsoft.Build.Tasks.Core, Version=15.1.0.0, Culture=neutral, PublicKeyToken=b03f5f7f11d50a3a".
       Tarea "MakeDir"
       Ejecución de la tarea "MakeDir" terminada.
   1:7>Compilación terminada del destino "PrepareForBuild" en el proyecto "CuadroMagicoApp.csproj".
   1:7>Destino "GenerateTargetFrameworkDefineConstants" en el archivo "C:\Program Files\dotnet\sdk\10.0.102\Sdks\Microsoft.NET.Sdk\targets\Microsoft.NET.Sdk.BeforeCommon.targets" del proyecto "C:\Users\AlexM\OneDrive\Desktop\ABCD 2\CuadroMagicoApp\CuadroMagicoApp.csproj" (el destino "AddImplicitDefineConstants" depende de él):
   1:7>Compilación terminada del destino "GenerateTargetFrameworkDefineConstants" en el proyecto "CuadroMagicoApp.csproj".
   1:7>Destino "GenerateTargetPlatformDefineConstants" en el archivo "C:\Program Files\dotnet\sdk\10.0.102\Sdks\Microsoft.NET.Sdk\targets\Microsoft.NET.Sdk.BeforeCommon.targets" del proyecto "C:\Users\AlexM\OneDrive\Desktop\ABCD 2\CuadroMagicoApp\CuadroMagicoApp.csproj" (el destino "AddImplicitDefineConstants" depende de él):
   1:7>Compilación terminada del destino "GenerateTargetPlatformDefineConstants" en el proyecto "CuadroMagicoApp.csproj".
   1:7>Destino "GenerateNETCompatibleDefineConstants" en el archivo "C:\Program Files\dotnet\sdk\10.0.102\Sdks\Microsoft.NET.Sdk\targets\Microsoft.NET.Sdk.BeforeCommon.targets" del proyecto "C:\Users\AlexM\OneDrive\Desktop\ABCD 2\CuadroMagicoApp\CuadroMagicoApp.csproj" (el destino "AddImplicitDefineConstants" depende de él):
   1:7>Compilación terminada del destino "GenerateNETCompatibleDefineConstants" en el proyecto "CuadroMagicoApp.csproj".
   1:7>Destino "GeneratePlatformCompatibleDefineConstants" en el archivo "C:\Program Files\dotnet\sdk\10.0.102\Sdks\Microsoft.NET.Sdk\targets\Microsoft.NET.Sdk.BeforeCommon.targets" del proyecto "C:\Users\AlexM\OneDrive\Desktop\ABCD 2\CuadroMagicoApp\CuadroMagicoApp.csproj" (el destino "AddImplicitDefineConstants" depende de él):
   1:7>Compilación terminada del destino "GeneratePlatformCompatibleDefineConstants" en el proyecto "CuadroMagicoApp.csproj".
   1:7>Destino "AddImplicitDefineConstants" en el archivo "C:\Program Files\dotnet\sdk\10.0.102\Sdks\Microsoft.NET.Sdk\targets\Microsoft.NET.Sdk.BeforeCommon.targets" del proyecto "C:\Users\AlexM\OneDrive\Desktop\ABCD 2\CuadroMagicoApp\CuadroMagicoApp.csproj" (el destino "CoreBuild" depende de él):
       C:\Program Files\dotnet\sdk\10.0.102\Sdks\Microsoft.NET.Sdk\targets\Microsoft.NET.Sdk.BeforeCommon.targets(295,7): message : Reasignación de propiedad: $(DefineConstants)="TRACE;DEBUG;NET;NET10_0;NETCOREAPP;WINDOWS;WINDOWS7_0;NET5_0_OR_GREATER;NET6_0_OR_GREATER;NET7_0_OR_GREATER;NET8_0_OR_GREATER;NET9_0_OR_GREATER;NET10_0_OR_GREATER;NETCOREAPP3_0_OR_GREATER;NETCOREAPP3_1_OR_GREATER;WINDOWS7_0_OR_GREATER" (valor anterior: "TRACE;DEBUG") en C:\Program Files\dotnet\sdk\10.0.102\Sdks\Microsoft.NET.Sdk\targets\Microsoft.NET.Sdk.BeforeCommon.targets (295,7) [C:\Users\AlexM\OneDrive\Desktop\ABCD 2\CuadroMagicoApp\CuadroMagicoApp.csproj]
   1:7>Compilación terminada del destino "AddImplicitDefineConstants" en el proyecto "CuadroMagicoApp.csproj".
   1:7>Destino "GenerateGlobalUsings" en el archivo "C:\Program Files\dotnet\sdk\10.0.102\Sdks\Microsoft.NET.Sdk\targets\Microsoft.NET.GenerateGlobalUsings.targets" del proyecto "C:\Users\AlexM\OneDrive\Desktop\ABCD 2\CuadroMagicoApp\CuadroMagicoApp.csproj" (el destino "CoreBuild" depende de él):
       Usando la tarea "GenerateGlobalUsings" del ensamblado "C:\Program Files\dotnet\sdk\10.0.102\Sdks\Microsoft.NET.Sdk\targets\..\tools\net10.0\Microsoft.NET.Build.Tasks.dll".
       Tarea "GenerateGlobalUsings"
       Ejecución de la tarea "GenerateGlobalUsings" terminada.
       Usando la tarea "WriteLinesToFile" del ensamblado "Microsoft.Build.Tasks.Core, Version=15.1.0.0, Culture=neutral, PublicKeyToken=b03f5f7f11d50a3a".
       Tarea "WriteLinesToFile"
         Omitiendo la escritura en el archivo "obj\Debug\net10.0-windows\CuadroMagicoApp.GlobalUsings.g.cs" porque el contenido no cambiará.
       Ejecución de la tarea "WriteLinesToFile" terminada.
   1:7>Compilación terminada del destino "GenerateGlobalUsings" en el proyecto "CuadroMagicoApp.csproj".
   1:7>Destino "BeforeResolveReferences" en el archivo "C:\Program Files\dotnet\sdk\10.0.102\Microsoft.Common.CurrentVersion.targets" del proyecto "C:\Users\AlexM\OneDrive\Desktop\ABCD 2\CuadroMagicoApp\CuadroMagicoApp.csproj" (el destino "ResolveReferences" depende de él):
   1:7>Compilación terminada del destino "BeforeResolveReferences" en el proyecto "CuadroMagicoApp.csproj".
   1:7>Destino "IgnoreJavaScriptOutputAssembly" en el archivo "C:\Program Files\dotnet\sdk\10.0.102\Microsoft.Common.CurrentVersion.targets" del proyecto "C:\Users\AlexM\OneDrive\Desktop\ABCD 2\CuadroMagicoApp\CuadroMagicoApp.csproj" (el destino "AssignProjectConfiguration" depende de él):
   1:7>Compilación terminada del destino "IgnoreJavaScriptOutputAssembly" en el proyecto "CuadroMagicoApp.csproj".
       Se omitió el destino "ProcessFrameworkReferences". Compilado previamente de forma correcta.
   1:7>Destino "_DefaultMicrosoftNETPlatformLibrary" en el archivo "C:\Program Files\dotnet\sdk\10.0.102\Sdks\Microsoft.NET.Sdk\targets\Microsoft.NET.Sdk.Shared.targets" del proyecto "C:\Users\AlexM\OneDrive\Desktop\ABCD 2\CuadroMagicoApp\CuadroMagicoApp.csproj" (el destino "ResolvePackageAssets" depende de él):
   1:7>Compilación terminada del destino "_DefaultMicrosoftNETPlatformLibrary" en el proyecto "CuadroMagicoApp.csproj".
   1:7>Destino "_ComputePackageReferencePublish" en el archivo "C:\Program Files\dotnet\sdk\10.0.102\Sdks\Microsoft.NET.Sdk\targets\Microsoft.NET.Sdk.Shared.targets" del proyecto "C:\Users\AlexM\OneDrive\Desktop\ABCD 2\CuadroMagicoApp\CuadroMagicoApp.csproj" (el destino "ResolvePackageAssets" depende de él):
   1:7>Compilación terminada del destino "_ComputePackageReferencePublish" en el proyecto "CuadroMagicoApp.csproj".
   1:7>Destino "ResolvePackageAssets" en el archivo "C:\Program Files\dotnet\sdk\10.0.102\Sdks\Microsoft.NET.Sdk\targets\Microsoft.PackageDependencyResolution.targets" del proyecto "C:\Users\AlexM\OneDrive\Desktop\ABCD 2\CuadroMagicoApp\CuadroMagicoApp.csproj" (el destino "ResolveLockFileReferences" depende de él):
       Usando la tarea "ResolvePackageAssets" del ensamblado "C:\Program Files\dotnet\sdk\10.0.102\Sdks\Microsoft.NET.Sdk\targets\..\tools\net10.0\Microsoft.NET.Build.Tasks.dll".
       Tarea "ResolvePackageAssets"
       Ejecución de la tarea "ResolvePackageAssets" terminada.
   1:7>Compilación terminada del destino "ResolvePackageAssets" en el proyecto "CuadroMagicoApp.csproj".
   1:7>Destino "ResolveLockFileReferences" en el archivo "C:\Program Files\dotnet\sdk\10.0.102\Sdks\Microsoft.NET.Sdk\targets\Microsoft.PackageDependencyResolution.targets" del proyecto "C:\Users\AlexM\OneDrive\Desktop\ABCD 2\CuadroMagicoApp\CuadroMagicoApp.csproj" (el destino "ResolvePackageDependenciesForBuild" depende de él):
       Usando la tarea "JoinItems" del ensamblado "C:\Program Files\dotnet\sdk\10.0.102\Sdks\Microsoft.NET.Sdk\targets\..\tools\net10.0\Microsoft.NET.Build.Tasks.dll".
       Tarea "JoinItems"
       Ejecución de la tarea "JoinItems" terminada.
   1:7>Compilación terminada del destino "ResolveLockFileReferences" en el proyecto "CuadroMagicoApp.csproj".
       Se omitió el destino "ResolvePackageAssets". Compilado previamente de forma correcta.
   1:7>Destino "ResolveLockFileAnalyzers" en el archivo "C:\Program Files\dotnet\sdk\10.0.102\Sdks\Microsoft.NET.Sdk\targets\Microsoft.PackageDependencyResolution.targets" del proyecto "C:\Users\AlexM\OneDrive\Desktop\ABCD 2\CuadroMagicoApp\CuadroMagicoApp.csproj" (el destino "ResolvePackageDependenciesForBuild" depende de él):
   1:7>Compilación terminada del destino "ResolveLockFileAnalyzers" en el proyecto "CuadroMagicoApp.csproj".
       Se omitió el destino "ResolvePackageAssets". Compilado previamente de forma correcta.
   1:7>Destino "ResolveLockFileCopyLocalFiles" en el archivo "C:\Program Files\dotnet\sdk\10.0.102\Sdks\Microsoft.NET.Sdk\targets\Microsoft.PackageDependencyResolution.targets" del proyecto "C:\Users\AlexM\OneDrive\Desktop\ABCD 2\CuadroMagicoApp\CuadroMagicoApp.csproj" (el destino "ResolvePackageDependenciesForBuild" depende de él):
   1:7>Compilación terminada del destino "ResolveLockFileCopyLocalFiles" en el proyecto "CuadroMagicoApp.csproj".
       Se omitió el destino "ResolvePackageAssets". Compilado previamente de forma correcta.
   1:7>Destino "IncludeTransitiveProjectReferences" en el archivo "C:\Program Files\dotnet\sdk\10.0.102\Sdks\Microsoft.NET.Sdk\targets\Microsoft.PackageDependencyResolution.targets" del proyecto "C:\Users\AlexM\OneDrive\Desktop\ABCD 2\CuadroMagicoApp\CuadroMagicoApp.csproj" (el destino "ResolvePackageDependenciesForBuild" depende de él):
   1:7>Compilación terminada del destino "IncludeTransitiveProjectReferences" en el proyecto "CuadroMagicoApp.csproj".
   1:7>Destino "ResolvePackageDependenciesForBuild" en el archivo "C:\Program Files\dotnet\sdk\10.0.102\Sdks\Microsoft.NET.Sdk\targets\Microsoft.PackageDependencyResolution.targets" del proyecto "C:\Users\AlexM\OneDrive\Desktop\ABCD 2\CuadroMagicoApp\CuadroMagicoApp.csproj" (el destino "AssignProjectConfiguration" depende de él):
   1:7>Compilación terminada del destino "ResolvePackageDependenciesForBuild" en el proyecto "CuadroMagicoApp.csproj".
   1:7>Destino "_SplitProjectReferencesByFileExistence" en el archivo "C:\Program Files\dotnet\sdk\10.0.102\Microsoft.Common.CurrentVersion.targets" del proyecto "C:\Users\AlexM\OneDrive\Desktop\ABCD 2\CuadroMagicoApp\CuadroMagicoApp.csproj" (el destino "PrepareProjectReferences" depende de él):
   1:7>Compilación terminada del destino "_SplitProjectReferencesByFileExistence" en el proyecto "CuadroMagicoApp.csproj".
   1:7>Destino "_AddOutputPathToGlobalPropertiesToRemove" en el archivo "C:\Program Files\dotnet\sdk\10.0.102\Microsoft.Common.CurrentVersion.targets" del proyecto "C:\Users\AlexM\OneDrive\Desktop\ABCD 2\CuadroMagicoApp\CuadroMagicoApp.csproj" (el destino "_GetProjectReferenceTargetFrameworkProperties" depende de él):
   1:7>Compilación terminada del destino "_AddOutputPathToGlobalPropertiesToRemove" en el proyecto "CuadroMagicoApp.csproj".
   1:7>Destino "_GetProjectReferenceTargetFrameworkProperties" en el archivo "C:\Program Files\dotnet\sdk\10.0.102\Microsoft.Common.CurrentVersion.targets" del proyecto "C:\Users\AlexM\OneDrive\Desktop\ABCD 2\CuadroMagicoApp\CuadroMagicoApp.csproj" (el destino "PrepareProjectReferences" depende de él):
       Tarea "MSBuild"
       Ejecución de la tarea "MSBuild" terminada.
       Usando la tarea "SetRidAgnosticValueForProjects" del ensamblado "Microsoft.Build.Tasks.Core, Version=15.1.0.0, Culture=neutral, PublicKeyToken=b03f5f7f11d50a3a".
       Tarea "SetRidAgnosticValueForProjects"
       Ejecución de la tarea "SetRidAgnosticValueForProjects" terminada.
   1:7>Compilación terminada del destino "_GetProjectReferenceTargetFrameworkProperties" en el proyecto "CuadroMagicoApp.csproj".
   1:7>Destino "_CalculateIsVSTestTestProject" en el archivo "C:\Program Files\dotnet\sdk\10.0.102\Sdks\Microsoft.NET.Sdk\targets\Microsoft.NET.Sdk.targets" del proyecto "C:\Users\AlexM\OneDrive\Desktop\ABCD 2\CuadroMagicoApp\CuadroMagicoApp.csproj" (el destino "ValidateExecutableReferences" depende de él):
   1:7>Compilación terminada del destino "_CalculateIsVSTestTestProject" en el proyecto "CuadroMagicoApp.csproj".
   1:7>Destino "ValidateExecutableReferences" en el archivo "C:\Program Files\dotnet\sdk\10.0.102\Sdks\Microsoft.NET.Sdk\targets\Microsoft.NET.Sdk.targets" del proyecto "C:\Users\AlexM\OneDrive\Desktop\ABCD 2\CuadroMagicoApp\CuadroMagicoApp.csproj" (el destino "PrepareProjectReferences" depende de él):
       Usando la tarea "ValidateExecutableReferences" del ensamblado "C:\Program Files\dotnet\sdk\10.0.102\Sdks\Microsoft.NET.Sdk\targets\..\tools\net10.0\Microsoft.NET.Build.Tasks.dll".
       Tarea "ValidateExecutableReferences"
       Ejecución de la tarea "ValidateExecutableReferences" terminada.
   1:7>Compilación terminada del destino "ValidateExecutableReferences" en el proyecto "CuadroMagicoApp.csproj".
   1:7>Destino "PrepareProjectReferences" en el archivo "C:\Program Files\dotnet\sdk\10.0.102\Microsoft.Common.CurrentVersion.targets" del proyecto "C:\Users\AlexM\OneDrive\Desktop\ABCD 2\CuadroMagicoApp\CuadroMagicoApp.csproj" (el destino "ResolveProjectReferences" depende de él):
   1:7>Compilación terminada del destino "PrepareProjectReferences" en el proyecto "CuadroMagicoApp.csproj".
   1:7>Destino "ResolveProjectReferences" en el archivo "C:\Program Files\dotnet\sdk\10.0.102\Microsoft.Common.CurrentVersion.targets" del proyecto "C:\Users\AlexM\OneDrive\Desktop\ABCD 2\CuadroMagicoApp\CuadroMagicoApp.csproj" (el destino "ResolveReferences" depende de él):
   1:7>Compilación terminada del destino "ResolveProjectReferences" en el proyecto "CuadroMagicoApp.csproj".
   1:7>Destino "RemoveManagedWinRTComponentWinMDReferences" en el archivo "C:\Program Files\dotnet\sdk\10.0.102\Sdks\Microsoft.NET.Sdk\targets\Microsoft.NET.Windows.targets" del proyecto "C:\Users\AlexM\OneDrive\Desktop\ABCD 2\CuadroMagicoApp\CuadroMagicoApp.csproj" (el destino "ResolveReferences" depende de él):
   1:7>Compilación terminada del destino "RemoveManagedWinRTComponentWinMDReferences" en el proyecto "CuadroMagicoApp.csproj".
       Se omitió el destino "ResolveProjectReferences". Compilado previamente de forma correcta.
       Se omitió el destino "GetFrameworkPaths". Compilado previamente de forma correcta.
       Se omitió el destino "GetReferenceAssemblyPaths". Compilado previamente de forma correcta.
       Se omitió el destino "PrepareForBuild". Compilado previamente de forma correcta.
   1:7>Destino "ResolveSDKReferences" en el archivo "C:\Program Files\dotnet\sdk\10.0.102\Microsoft.Common.CurrentVersion.targets" del proyecto "C:\Users\AlexM\OneDrive\Desktop\ABCD 2\CuadroMagicoApp\CuadroMagicoApp.csproj" (el destino "ResolveAssemblyReferences" depende de él):
   1:7>Compilación terminada del destino "ResolveSDKReferences" en el proyecto "CuadroMagicoApp.csproj".
       Se omitió el destino "ResolveSDKReferences". Compilado previamente de forma correcta.
   1:7>Destino "ExpandSDKReferences" en el archivo "C:\Program Files\dotnet\sdk\10.0.102\Microsoft.Common.CurrentVersion.targets" del proyecto "C:\Users\AlexM\OneDrive\Desktop\ABCD 2\CuadroMagicoApp\CuadroMagicoApp.csproj" (el destino "ResolveAssemblyReferences" depende de él):
   1:7>Compilación terminada del destino "ExpandSDKReferences" en el proyecto "CuadroMagicoApp.csproj".
       Se omitió el destino "ResolvePackageDependenciesForBuild". Compilado previamente de forma correcta.
       Se omitió el destino "GetFrameworkPaths". Compilado previamente de forma correcta.
       Se omitió el destino "GetReferenceAssemblyPaths". Compilado previamente de forma correcta.
       Se omitió el destino "ProcessFrameworkReferences". Compilado previamente de forma correcta.
       Se omitió el destino "ResolvePackageAssets". Compilado previamente de forma correcta.
   1:7>Destino "ResolveFrameworkReferences" en el archivo "C:\Program Files\dotnet\sdk\10.0.102\Sdks\Microsoft.NET.Sdk\targets\Microsoft.NET.Sdk.FrameworkReferenceResolution.targets" del proyecto "C:\Users\AlexM\OneDrive\Desktop\ABCD 2\CuadroMagicoApp\CuadroMagicoApp.csproj" (el destino "ResolveTargetingPackAssets" depende de él):
       Usando la tarea "GetPackageDirectory" del ensamblado "C:\Program Files\dotnet\sdk\10.0.102\Sdks\Microsoft.NET.Sdk\targets\..\tools\net10.0\Microsoft.NET.Build.Tasks.dll".
       Tarea "GetPackageDirectory"
       Ejecución de la tarea "GetPackageDirectory" terminada.
       Tarea "GetPackageDirectory"
       Ejecución de la tarea "GetPackageDirectory" terminada.
       Tarea "GetPackageDirectory"
       Ejecución de la tarea "GetPackageDirectory" terminada.
       Tarea "GetPackageDirectory"
       Ejecución de la tarea "GetPackageDirectory" terminada.
       Tarea "GetPackageDirectory"
       Ejecución de la tarea "GetPackageDirectory" terminada.
       Tarea "GetPackageDirectory"
       Ejecución de la tarea "GetPackageDirectory" terminada.
       Tarea "GetPackageDirectory"
       Ejecución de la tarea "GetPackageDirectory" terminada.
       Tarea "GetPackageDirectory"
       Ejecución de la tarea "GetPackageDirectory" terminada.
       Tarea "GetPackageDirectory"
       Ejecución de la tarea "GetPackageDirectory" terminada.
       Tarea "GetPackageDirectory"
       Ejecución de la tarea "GetPackageDirectory" terminada.
       Usando la tarea "ResolveFrameworkReferences" del ensamblado "C:\Program Files\dotnet\sdk\10.0.102\Sdks\Microsoft.NET.Sdk\targets\..\tools\net10.0\Microsoft.NET.Build.Tasks.dll".
       Tarea "ResolveFrameworkReferences"
       Ejecución de la tarea "ResolveFrameworkReferences" terminada.
   1:7>Compilación terminada del destino "ResolveFrameworkReferences" en el proyecto "CuadroMagicoApp.csproj".
   1:7>Destino "ResolveTargetingPackAssets" en el archivo "C:\Program Files\dotnet\sdk\10.0.102\Sdks\Microsoft.NET.Sdk\targets\Microsoft.NET.Sdk.FrameworkReferenceResolution.targets" del proyecto "C:\Users\AlexM\OneDrive\Desktop\ABCD 2\CuadroMagicoApp\CuadroMagicoApp.csproj" (el destino "_HandlePackageFileConflicts" depende de él):
       Usando la tarea "ResolveTargetingPackAssets" del ensamblado "C:\Program Files\dotnet\sdk\10.0.102\Sdks\Microsoft.NET.Sdk\targets\..\tools\net10.0\Microsoft.NET.Build.Tasks.dll".
       Tarea "ResolveTargetingPackAssets"
       Ejecución de la tarea "ResolveTargetingPackAssets" terminada.
   1:7>Compilación terminada del destino "ResolveTargetingPackAssets" en el proyecto "CuadroMagicoApp.csproj".
   1:7>Destino "ResolveOffByDefaultAnalyzers" en el archivo "C:\Program Files\dotnet\sdk\10.0.102\Sdks\Microsoft.NET.Sdk\targets\Microsoft.NET.Sdk.FrameworkReferenceResolution.targets" del proyecto "C:\Users\AlexM\OneDrive\Desktop\ABCD 2\CuadroMagicoApp\CuadroMagicoApp.csproj" (el destino "_HandlePackageFileConflicts" depende de él):
   1:7>Compilación terminada del destino "ResolveOffByDefaultAnalyzers" en el proyecto "CuadroMagicoApp.csproj".
   1:7>Destino "_HandlePackageFileConflicts" en el archivo "C:\Program Files\dotnet\sdk\10.0.102\Sdks\Microsoft.NET.Sdk\targets\Microsoft.NET.ConflictResolution.targets" del proyecto "C:\Users\AlexM\OneDrive\Desktop\ABCD 2\CuadroMagicoApp\CuadroMagicoApp.csproj" (el destino "ResolveAssemblyReferences" depende de él):
       Usando la tarea "ResolvePackageFileConflicts" del ensamblado "C:\Program Files\dotnet\sdk\10.0.102\Sdks\Microsoft.NET.Sdk\targets\..\tools\net10.0\Microsoft.NET.Build.Tasks.dll".
       Tarea "ResolvePackageFileConflicts"
         Se encontró un conflicto entre "Reference:C:\Program Files\dotnet\packs\Microsoft.NETCore.App.Ref\10.0.2\ref/net10.0/Microsoft.VisualBasic.dll" y "Reference:C:\Program Files\dotnet\packs\Microsoft.WindowsDesktop.App.Ref\10.0.2\ref/net10.0/Microsoft.VisualBasic.dll". Se elegirá "Reference:C:\Program Files\dotnet\packs\Microsoft.WindowsDesktop.App.Ref\10.0.2\ref/net10.0/Microsoft.VisualBasic.dll" porque AssemblyVersion "10.1.0.0" es mayor que "10.0.0.0".
         Se encontró un conflicto entre "Reference:C:\Program Files\dotnet\packs\Microsoft.NETCore.App.Ref\10.0.2\ref/net10.0/System.Drawing.dll" y "Reference:C:\Program Files\dotnet\packs\Microsoft.WindowsDesktop.App.Ref\10.0.2\ref/net10.0/System.Drawing.dll". Se elegirá "Reference:C:\Program Files\dotnet\packs\Microsoft.WindowsDesktop.App.Ref\10.0.2\ref/net10.0/System.Drawing.dll" porque AssemblyVersion "10.0.0.0" es mayor que "4.0.0.0".
         Se encontró un conflicto entre "Platform:Microsoft.VisualBasic.dll" y "Platform:Microsoft.VisualBasic.dll". Se elegirá "Platform:Microsoft.VisualBasic.dll" porque AssemblyVersion "10.1.0.0" es mayor que "10.0.0.0".
         Se encontró un conflicto entre "Platform:Microsoft.VisualBasic.dll" y "Platform:Microsoft.VisualBasic.dll". Se elegirá "Platform:Microsoft.VisualBasic.dll" porque AssemblyVersion "10.1.0.0" es mayor que "10.0.0.0".
         Se encontró un conflicto entre "Platform:System.Drawing.dll" y "Platform:System.Drawing.dll". Se elegirá "Platform:System.Drawing.dll" porque AssemblyVersion "10.0.0.0" es mayor que "4.0.0.0".
         Se encontró un conflicto entre "Platform:System.Drawing.dll" y "Platform:System.Drawing.dll". Se elegirá "Platform:System.Drawing.dll" porque AssemblyVersion "10.0.0.0" es mayor que "4.0.0.0".
         Se encontró un conflicto entre "Platform:WindowsBase.dll" y "Platform:WindowsBase.dll". Se elegirá "Platform:WindowsBase.dll" porque AssemblyVersion "10.0.0.0" es mayor que "4.0.0.0".
         Se encontró un conflicto entre "Platform:WindowsBase.dll" y "Platform:WindowsBase.dll". Se elegirá "Platform:WindowsBase.dll" porque AssemblyVersion "10.0.0.0" es mayor que "4.0.0.0".
         Se encontró un conflicto entre "Platform:mscorlib.dll" y "Platform:mscorlib.dll". No se pudo determinar el ganador porque las versiones de archivo y ensamblado son iguales.
         Se encontró un conflicto entre "Platform:System.dll" y "Platform:System.dll". No se pudo determinar el ganador porque las versiones de archivo y ensamblado son iguales.
         Se encontró un conflicto entre "Platform:System.ComponentModel.DataAnnotations.dll" y "Platform:System.ComponentModel.DataAnnotations.dll". No se pudo determinar el ganador porque las versiones de archivo y ensamblado son iguales.
         Se encontró un conflicto entre "Platform:System.Configuration.dll" y "Platform:System.Configuration.dll". No se pudo determinar el ganador porque las versiones de archivo y ensamblado son iguales.
         Se encontró un conflicto entre "Platform:System.Core.dll" y "Platform:System.Core.dll". No se pudo determinar el ganador porque las versiones de archivo y ensamblado son iguales.
         Se encontró un conflicto entre "Platform:System.Data.dll" y "Platform:System.Data.dll". No se pudo determinar el ganador porque las versiones de archivo y ensamblado son iguales.
         Se encontró un conflicto entre "Platform:System.IO.Compression.FileSystem.dll" y "Platform:System.IO.Compression.FileSystem.dll". No se pudo determinar el ganador porque las versiones de archivo y ensamblado son iguales.
         Se encontró un conflicto entre "Platform:System.Net.dll" y "Platform:System.Net.dll". No se pudo determinar el ganador porque las versiones de archivo y ensamblado son iguales.
         Se encontró un conflicto entre "Platform:System.Numerics.dll" y "Platform:System.Numerics.dll". No se pudo determinar el ganador porque las versiones de archivo y ensamblado son iguales.
         Se encontró un conflicto entre "Platform:System.Runtime.Serialization.dll" y "Platform:System.Runtime.Serialization.dll". No se pudo determinar el ganador porque las versiones de archivo y ensamblado son iguales.
         Se encontró un conflicto entre "Platform:System.Security.dll" y "Platform:System.Security.dll". No se pudo determinar el ganador porque las versiones de archivo y ensamblado son iguales.
         Se encontró un conflicto entre "Platform:System.ServiceProcess.dll" y "Platform:System.ServiceProcess.dll". No se pudo determinar el ganador porque las versiones de archivo y ensamblado son iguales.
         Se encontró un conflicto entre "Platform:System.ServiceModel.Web.dll" y "Platform:System.ServiceModel.Web.dll". No se pudo determinar el ganador porque las versiones de archivo y ensamblado son iguales.
         Se encontró un conflicto entre "Platform:System.Transactions.dll" y "Platform:System.Transactions.dll". No se pudo determinar el ganador porque las versiones de archivo y ensamblado son iguales.
         Se encontró un conflicto entre "Platform:System.Web.dll" y "Platform:System.Web.dll". No se pudo determinar el ganador porque las versiones de archivo y ensamblado son iguales.
         Se encontró un conflicto entre "Platform:System.Windows.dll" y "Platform:System.Windows.dll". No se pudo determinar el ganador porque las versiones de archivo y ensamblado son iguales.
         Se encontró un conflicto entre "Platform:System.Xml.dll" y "Platform:System.Xml.dll". No se pudo determinar el ganador porque las versiones de archivo y ensamblado son iguales.
         Se encontró un conflicto entre "Platform:System.Xml.Serialization.dll" y "Platform:System.Xml.Serialization.dll". No se pudo determinar el ganador porque las versiones de archivo y ensamblado son iguales.
         Se encontró un conflicto entre "Platform:System.Xml.Linq.dll" y "Platform:System.Xml.Linq.dll". No se pudo determinar el ganador porque las versiones de archivo y ensamblado son iguales.
         Se encontró un conflicto entre "Platform:netstandard.dll" y "Platform:netstandard.dll". No se pudo determinar el ganador porque las versiones de archivo y ensamblado son iguales.
         Se encontró un conflicto entre "Platform:System.Private.CoreLib.dll" y "Platform:System.Private.CoreLib.dll". No se pudo determinar el ganador porque las versiones de archivo y ensamblado son iguales.
         Se encontró un conflicto entre "Platform:System.Private.DataContractSerialization.dll" y "Platform:System.Private.DataContractSerialization.dll". No se pudo determinar el ganador porque las versiones de archivo y ensamblado son iguales.
         Se encontró un conflicto entre "Platform:System.Private.Uri.dll" y "Platform:System.Private.Uri.dll". No se pudo determinar el ganador porque las versiones de archivo y ensamblado son iguales.
         Se encontró un conflicto entre "Platform:System.Private.Xml.dll" y "Platform:System.Private.Xml.dll". No se pudo determinar el ganador porque las versiones de archivo y ensamblado son iguales.
         Se encontró un conflicto entre "Platform:System.Private.Xml.Linq.dll" y "Platform:System.Private.Xml.Linq.dll". No se pudo determinar el ganador porque las versiones de archivo y ensamblado son iguales.
         Se encontró un conflicto entre "Platform:mscordaccore_amd64_amd64_10.0.225.61305.dll" y "Platform:mscordaccore_amd64_amd64_10.0.225.61305.dll". No se pudo determinar el ganador porque las versiones de archivo y ensamblado son iguales.
       Ejecución de la tarea "ResolvePackageFileConflicts" terminada.
   1:7>Compilación terminada del destino "_HandlePackageFileConflicts" en el proyecto "CuadroMagicoApp.csproj".
       Se omitió el destino "ResolveTargetingPackAssets". Compilado previamente de forma correcta.
   1:7>Destino "ResolveAssemblyReferences" en el archivo "C:\Program Files\dotnet\sdk\10.0.102\Microsoft.Common.CurrentVersion.targets" del proyecto "C:\Users\AlexM\OneDrive\Desktop\ABCD 2\CuadroMagicoApp\CuadroMagicoApp.csproj" (el destino "ResolveReferences" depende de él):
       Usando la tarea "ResolveAssemblyReference" del ensamblado "Microsoft.Build.Tasks.Core, Version=15.1.0.0, Culture=neutral, PublicKeyToken=b03f5f7f11d50a3a".
       Tarea "ResolveAssemblyReference"
         TargetFrameworkMoniker:
             .NETCoreApp,Version=v10.0
         TargetFrameworkMonikerDisplayName:
             .NET 10.0
         TargetedRuntimeVersion:
             
         Assemblies:
             C:\Program Files\dotnet\packs\Microsoft.NETCore.App.Ref\10.0.2\ref/net10.0/Microsoft.CSharp.dll
                 Private = 'false'
             C:\Program Files\dotnet\packs\Microsoft.NETCore.App.Ref\10.0.2\ref/net10.0/Microsoft.VisualBasic.Core.dll
                 Private = 'false'
             C:\Program Files\dotnet\packs\Microsoft.NETCore.App.Ref\10.0.2\ref/net10.0/Microsoft.Win32.Primitives.dll
                 Private = 'false'
             C:\Program Files\dotnet\packs\Microsoft.NETCore.App.Ref\10.0.2\ref/net10.0/Microsoft.Win32.Registry.dll
                 Private = 'false'
             C:\Program Files\dotnet\packs\Microsoft.NETCore.App.Ref\10.0.2\ref/net10.0/System.AppContext.dll
                 Private = 'false'
             C:\Program Files\dotnet\packs\Microsoft.NETCore.App.Ref\10.0.2\ref/net10.0/System.Buffers.dll
                 Private = 'false'
             C:\Program Files\dotnet\packs\Microsoft.NETCore.App.Ref\10.0.2\ref/net10.0/System.Collections.Concurrent.dll
                 Private = 'false'
             C:\Program Files\dotnet\packs\Microsoft.NETCore.App.Ref\10.0.2\ref/net10.0/System.Collections.Immutable.dll
                 Private = 'false'
             C:\Program Files\dotnet\packs\Microsoft.NETCore.App.Ref\10.0.2\ref/net10.0/System.Collections.NonGeneric.dll
                 Private = 'false'
             C:\Program Files\dotnet\packs\Microsoft.NETCore.App.Ref\10.0.2\ref/net10.0/System.Collections.Specialized.dll
                 Private = 'false'
             C:\Program Files\dotnet\packs\Microsoft.NETCore.App.Ref\10.0.2\ref/net10.0/System.Collections.dll
                 Private = 'false'
             C:\Program Files\dotnet\packs\Microsoft.NETCore.App.Ref\10.0.2\ref/net10.0/System.ComponentModel.Annotations.dll
                 Private = 'false'
             C:\Program Files\dotnet\packs\Microsoft.NETCore.App.Ref\10.0.2\ref/net10.0/System.ComponentModel.DataAnnotations.dll
                 Private = 'false'
             C:\Program Files\dotnet\packs\Microsoft.NETCore.App.Ref\10.0.2\ref/net10.0/System.ComponentModel.EventBasedAsync.dll
                 Private = 'false'
             C:\Program Files\dotnet\packs\Microsoft.NETCore.App.Ref\10.0.2\ref/net10.0/System.ComponentModel.Primitives.dll
                 Private = 'false'
             C:\Program Files\dotnet\packs\Microsoft.NETCore.App.Ref\10.0.2\ref/net10.0/System.ComponentModel.TypeConverter.dll
                 Private = 'false'
             C:\Program Files\dotnet\packs\Microsoft.NETCore.App.Ref\10.0.2\ref/net10.0/System.ComponentModel.dll
                 Private = 'false'
             C:\Program Files\dotnet\packs\Microsoft.NETCore.App.Ref\10.0.2\ref/net10.0/System.Configuration.dll
                 Private = 'false'
             C:\Program Files\dotnet\packs\Microsoft.NETCore.App.Ref\10.0.2\ref/net10.0/System.Console.dll
                 Private = 'false'
             C:\Program Files\dotnet\packs\Microsoft.NETCore.App.Ref\10.0.2\ref/net10.0/System.Core.dll
                 Private = 'false'
             C:\Program Files\dotnet\packs\Microsoft.NETCore.App.Ref\10.0.2\ref/net10.0/System.Data.Common.dll
                 Private = 'false'
             C:\Program Files\dotnet\packs\Microsoft.NETCore.App.Ref\10.0.2\ref/net10.0/System.Data.DataSetExtensions.dll
                 Private = 'false'
             C:\Program Files\dotnet\packs\Microsoft.NETCore.App.Ref\10.0.2\ref/net10.0/System.Data.dll
                 Private = 'false'
             C:\Program Files\dotnet\packs\Microsoft.NETCore.App.Ref\10.0.2\ref/net10.0/System.Diagnostics.Contracts.dll
                 Private = 'false'
             C:\Program Files\dotnet\packs\Microsoft.NETCore.App.Ref\10.0.2\ref/net10.0/System.Diagnostics.Debug.dll
                 Private = 'false'
             C:\Program Files\dotnet\packs\Microsoft.NETCore.App.Ref\10.0.2\ref/net10.0/System.Diagnostics.DiagnosticSource.dll
                 Private = 'false'
             C:\Program Files\dotnet\packs\Microsoft.NETCore.App.Ref\10.0.2\ref/net10.0/System.Diagnostics.FileVersionInfo.dll
                 Private = 'false'
             C:\Program Files\dotnet\packs\Microsoft.NETCore.App.Ref\10.0.2\ref/net10.0/System.Diagnostics.Process.dll
                 Private = 'false'
             C:\Program Files\dotnet\packs\Microsoft.NETCore.App.Ref\10.0.2\ref/net10.0/System.Diagnostics.StackTrace.dll
                 Private = 'false'
             C:\Program Files\dotnet\packs\Microsoft.NETCore.App.Ref\10.0.2\ref/net10.0/System.Diagnostics.TextWriterTraceListener.dll
                 Private = 'false'
             C:\Program Files\dotnet\packs\Microsoft.NETCore.App.Ref\10.0.2\ref/net10.0/System.Diagnostics.Tools.dll
                 Private = 'false'
             C:\Program Files\dotnet\packs\Microsoft.NETCore.App.Ref\10.0.2\ref/net10.0/System.Diagnostics.TraceSource.dll
                 Private = 'false'
             C:\Program Files\dotnet\packs\Microsoft.NETCore.App.Ref\10.0.2\ref/net10.0/System.Diagnostics.Tracing.dll
                 Private = 'false'
             C:\Program Files\dotnet\packs\Microsoft.NETCore.App.Ref\10.0.2\ref/net10.0/System.Drawing.Primitives.dll
                 Private = 'false'
             C:\Program Files\dotnet\packs\Microsoft.NETCore.App.Ref\10.0.2\ref/net10.0/System.Dynamic.Runtime.dll
                 Private = 'false'
             C:\Program Files\dotnet\packs\Microsoft.NETCore.App.Ref\10.0.2\ref/net10.0/System.Formats.Asn1.dll
                 Private = 'false'
             C:\Program Files\dotnet\packs\Microsoft.NETCore.App.Ref\10.0.2\ref/net10.0/System.Formats.Tar.dll
                 Private = 'false'
             C:\Program Files\dotnet\packs\Microsoft.NETCore.App.Ref\10.0.2\ref/net10.0/System.Globalization.Calendars.dll
                 Private = 'false'
             C:\Program Files\dotnet\packs\Microsoft.NETCore.App.Ref\10.0.2\ref/net10.0/System.Globalization.Extensions.dll
                 Private = 'false'
             C:\Program Files\dotnet\packs\Microsoft.NETCore.App.Ref\10.0.2\ref/net10.0/System.Globalization.dll
                 Private = 'false'
             C:\Program Files\dotnet\packs\Microsoft.NETCore.App.Ref\10.0.2\ref/net10.0/System.IO.Compression.Brotli.dll
                 Private = 'false'
             C:\Program Files\dotnet\packs\Microsoft.NETCore.App.Ref\10.0.2\ref/net10.0/System.IO.Compression.FileSystem.dll
                 Private = 'false'
             C:\Program Files\dotnet\packs\Microsoft.NETCore.App.Ref\10.0.2\ref/net10.0/System.IO.Compression.ZipFile.dll
                 Private = 'false'
             C:\Program Files\dotnet\packs\Microsoft.NETCore.App.Ref\10.0.2\ref/net10.0/System.IO.Compression.dll
                 Private = 'false'
             C:\Program Files\dotnet\packs\Microsoft.NETCore.App.Ref\10.0.2\ref/net10.0/System.IO.FileSystem.AccessControl.dll
                 Private = 'false'
             C:\Program Files\dotnet\packs\Microsoft.NETCore.App.Ref\10.0.2\ref/net10.0/System.IO.FileSystem.DriveInfo.dll
                 Private = 'false'
             C:\Program Files\dotnet\packs\Microsoft.NETCore.App.Ref\10.0.2\ref/net10.0/System.IO.FileSystem.Primitives.dll
                 Private = 'false'
             C:\Program Files\dotnet\packs\Microsoft.NETCore.App.Ref\10.0.2\ref/net10.0/System.IO.FileSystem.Watcher.dll
                 Private = 'false'
             C:\Program Files\dotnet\packs\Microsoft.NETCore.App.Ref\10.0.2\ref/net10.0/System.IO.FileSystem.dll
                 Private = 'false'
             C:\Program Files\dotnet\packs\Microsoft.NETCore.App.Ref\10.0.2\ref/net10.0/System.IO.IsolatedStorage.dll
                 Private = 'false'
             C:\Program Files\dotnet\packs\Microsoft.NETCore.App.Ref\10.0.2\ref/net10.0/System.IO.MemoryMappedFiles.dll
                 Private = 'false'
             C:\Program Files\dotnet\packs\Microsoft.NETCore.App.Ref\10.0.2\ref/net10.0/System.IO.Pipelines.dll
                 Private = 'false'
             C:\Program Files\dotnet\packs\Microsoft.NETCore.App.Ref\10.0.2\ref/net10.0/System.IO.Pipes.AccessControl.dll
                 Private = 'false'
             C:\Program Files\dotnet\packs\Microsoft.NETCore.App.Ref\10.0.2\ref/net10.0/System.IO.Pipes.dll
                 Private = 'false'
             C:\Program Files\dotnet\packs\Microsoft.NETCore.App.Ref\10.0.2\ref/net10.0/System.IO.UnmanagedMemoryStream.dll
                 Private = 'false'
             C:\Program Files\dotnet\packs\Microsoft.NETCore.App.Ref\10.0.2\ref/net10.0/System.IO.dll
                 Private = 'false'
             C:\Program Files\dotnet\packs\Microsoft.NETCore.App.Ref\10.0.2\ref/net10.0/System.Linq.AsyncEnumerable.dll
                 Private = 'false'
             C:\Program Files\dotnet\packs\Microsoft.NETCore.App.Ref\10.0.2\ref/net10.0/System.Linq.Expressions.dll
                 Private = 'false'
             C:\Program Files\dotnet\packs\Microsoft.NETCore.App.Ref\10.0.2\ref/net10.0/System.Linq.Parallel.dll
                 Private = 'false'
             C:\Program Files\dotnet\packs\Microsoft.NETCore.App.Ref\10.0.2\ref/net10.0/System.Linq.Queryable.dll
                 Private = 'false'
             C:\Program Files\dotnet\packs\Microsoft.NETCore.App.Ref\10.0.2\ref/net10.0/System.Linq.dll
                 Private = 'false'
             C:\Program Files\dotnet\packs\Microsoft.NETCore.App.Ref\10.0.2\ref/net10.0/System.Memory.dll
                 Private = 'false'
             C:\Program Files\dotnet\packs\Microsoft.NETCore.App.Ref\10.0.2\ref/net10.0/System.Net.Http.Json.dll
                 Private = 'false'
             C:\Program Files\dotnet\packs\Microsoft.NETCore.App.Ref\10.0.2\ref/net10.0/System.Net.Http.dll
                 Private = 'false'
             C:\Program Files\dotnet\packs\Microsoft.NETCore.App.Ref\10.0.2\ref/net10.0/System.Net.HttpListener.dll
                 Private = 'false'
             C:\Program Files\dotnet\packs\Microsoft.NETCore.App.Ref\10.0.2\ref/net10.0/System.Net.Mail.dll
                 Private = 'false'
             C:\Program Files\dotnet\packs\Microsoft.NETCore.App.Ref\10.0.2\ref/net10.0/System.Net.NameResolution.dll
                 Private = 'false'
             C:\Program Files\dotnet\packs\Microsoft.NETCore.App.Ref\10.0.2\ref/net10.0/System.Net.NetworkInformation.dll
                 Private = 'false'
             C:\Program Files\dotnet\packs\Microsoft.NETCore.App.Ref\10.0.2\ref/net10.0/System.Net.Ping.dll
                 Private = 'false'
             C:\Program Files\dotnet\packs\Microsoft.NETCore.App.Ref\10.0.2\ref/net10.0/System.Net.Primitives.dll
                 Private = 'false'
             C:\Program Files\dotnet\packs\Microsoft.NETCore.App.Ref\10.0.2\ref/net10.0/System.Net.Quic.dll
                 Private = 'false'
             C:\Program Files\dotnet\packs\Microsoft.NETCore.App.Ref\10.0.2\ref/net10.0/System.Net.Requests.dll
                 Private = 'false'
             C:\Program Files\dotnet\packs\Microsoft.NETCore.App.Ref\10.0.2\ref/net10.0/System.Net.Security.dll
                 Private = 'false'
             C:\Program Files\dotnet\packs\Microsoft.NETCore.App.Ref\10.0.2\ref/net10.0/System.Net.ServerSentEvents.dll
                 Private = 'false'
             C:\Program Files\dotnet\packs\Microsoft.NETCore.App.Ref\10.0.2\ref/net10.0/System.Net.ServicePoint.dll
                 Private = 'false'
             C:\Program Files\dotnet\packs\Microsoft.NETCore.App.Ref\10.0.2\ref/net10.0/System.Net.Sockets.dll
                 Private = 'false'
             C:\Program Files\dotnet\packs\Microsoft.NETCore.App.Ref\10.0.2\ref/net10.0/System.Net.WebClient.dll
                 Private = 'false'
             C:\Program Files\dotnet\packs\Microsoft.NETCore.App.Ref\10.0.2\ref/net10.0/System.Net.WebHeaderCollection.dll
                 Private = 'false'
             C:\Program Files\dotnet\packs\Microsoft.NETCore.App.Ref\10.0.2\ref/net10.0/System.Net.WebProxy.dll
                 Private = 'false'
             C:\Program Files\dotnet\packs\Microsoft.NETCore.App.Ref\10.0.2\ref/net10.0/System.Net.WebSockets.Client.dll
                 Private = 'false'
             C:\Program Files\dotnet\packs\Microsoft.NETCore.App.Ref\10.0.2\ref/net10.0/System.Net.WebSockets.dll
                 Private = 'false'
             C:\Program Files\dotnet\packs\Microsoft.NETCore.App.Ref\10.0.2\ref/net10.0/System.Net.dll
                 Private = 'false'
             C:\Program Files\dotnet\packs\Microsoft.NETCore.App.Ref\10.0.2\ref/net10.0/System.Numerics.Vectors.dll
                 Private = 'false'
             C:\Program Files\dotnet\packs\Microsoft.NETCore.App.Ref\10.0.2\ref/net10.0/System.Numerics.dll
                 Private = 'false'
             C:\Program Files\dotnet\packs\Microsoft.NETCore.App.Ref\10.0.2\ref/net10.0/System.ObjectModel.dll
                 Private = 'false'
             C:\Program Files\dotnet\packs\Microsoft.NETCore.App.Ref\10.0.2\ref/net10.0/System.Reflection.DispatchProxy.dll
                 Private = 'false'
             C:\Program Files\dotnet\packs\Microsoft.NETCore.App.Ref\10.0.2\ref/net10.0/System.Reflection.Emit.ILGeneration.dll
                 Private = 'false'
             C:\Program Files\dotnet\packs\Microsoft.NETCore.App.Ref\10.0.2\ref/net10.0/System.Reflection.Emit.Lightweight.dll
                 Private = 'false'
             C:\Program Files\dotnet\packs\Microsoft.NETCore.App.Ref\10.0.2\ref/net10.0/System.Reflection.Emit.dll
                 Private = 'false'
             C:\Program Files\dotnet\packs\Microsoft.NETCore.App.Ref\10.0.2\ref/net10.0/System.Reflection.Extensions.dll
                 Private = 'false'
             C:\Program Files\dotnet\packs\Microsoft.NETCore.App.Ref\10.0.2\ref/net10.0/System.Reflection.Metadata.dll
                 Private = 'false'
             C:\Program Files\dotnet\packs\Microsoft.NETCore.App.Ref\10.0.2\ref/net10.0/System.Reflection.Primitives.dll
                 Private = 'false'
             C:\Program Files\dotnet\packs\Microsoft.NETCore.App.Ref\10.0.2\ref/net10.0/System.Reflection.TypeExtensions.dll
                 Private = 'false'
             C:\Program Files\dotnet\packs\Microsoft.NETCore.App.Ref\10.0.2\ref/net10.0/System.Reflection.dll
                 Private = 'false'
             C:\Program Files\dotnet\packs\Microsoft.NETCore.App.Ref\10.0.2\ref/net10.0/System.Resources.Reader.dll
                 Private = 'false'
             C:\Program Files\dotnet\packs\Microsoft.NETCore.App.Ref\10.0.2\ref/net10.0/System.Resources.ResourceManager.dll
                 Private = 'false'
             C:\Program Files\dotnet\packs\Microsoft.NETCore.App.Ref\10.0.2\ref/net10.0/System.Resources.Writer.dll
                 Private = 'false'
             C:\Program Files\dotnet\packs\Microsoft.NETCore.App.Ref\10.0.2\ref/net10.0/System.Runtime.CompilerServices.Unsafe.dll
                 Private = 'false'
             C:\Program Files\dotnet\packs\Microsoft.NETCore.App.Ref\10.0.2\ref/net10.0/System.Runtime.CompilerServices.VisualC.dll
                 Private = 'false'
             C:\Program Files\dotnet\packs\Microsoft.NETCore.App.Ref\10.0.2\ref/net10.0/System.Runtime.Extensions.dll
                 Private = 'false'
             C:\Program Files\dotnet\packs\Microsoft.NETCore.App.Ref\10.0.2\ref/net10.0/System.Runtime.Handles.dll
                 Private = 'false'
             C:\Program Files\dotnet\packs\Microsoft.NETCore.App.Ref\10.0.2\ref/net10.0/System.Runtime.InteropServices.JavaScript.dll
                 Private = 'false'
             C:\Program Files\dotnet\packs\Microsoft.NETCore.App.Ref\10.0.2\ref/net10.0/System.Runtime.InteropServices.RuntimeInformation.dll
                 Private = 'false'
             C:\Program Files\dotnet\packs\Microsoft.NETCore.App.Ref\10.0.2\ref/net10.0/System.Runtime.InteropServices.dll
                 Private = 'false'
             C:\Program Files\dotnet\packs\Microsoft.NETCore.App.Ref\10.0.2\ref/net10.0/System.Runtime.Intrinsics.dll
                 Private = 'false'
             C:\Program Files\dotnet\packs\Microsoft.NETCore.App.Ref\10.0.2\ref/net10.0/System.Runtime.Loader.dll
                 Private = 'false'
             C:\Program Files\dotnet\packs\Microsoft.NETCore.App.Ref\10.0.2\ref/net10.0/System.Runtime.Numerics.dll
                 Private = 'false'
             C:\Program Files\dotnet\packs\Microsoft.NETCore.App.Ref\10.0.2\ref/net10.0/System.Runtime.Serialization.Formatters.dll
                 Private = 'false'
             C:\Program Files\dotnet\packs\Microsoft.NETCore.App.Ref\10.0.2\ref/net10.0/System.Runtime.Serialization.Json.dll
                 Private = 'false'
             C:\Program Files\dotnet\packs\Microsoft.NETCore.App.Ref\10.0.2\ref/net10.0/System.Runtime.Serialization.Primitives.dll
                 Private = 'false'
             C:\Program Files\dotnet\packs\Microsoft.NETCore.App.Ref\10.0.2\ref/net10.0/System.Runtime.Serialization.Xml.dll
                 Private = 'false'
             C:\Program Files\dotnet\packs\Microsoft.NETCore.App.Ref\10.0.2\ref/net10.0/System.Runtime.Serialization.dll
                 Private = 'false'
             C:\Program Files\dotnet\packs\Microsoft.NETCore.App.Ref\10.0.2\ref/net10.0/System.Runtime.dll
                 Private = 'false'
             C:\Program Files\dotnet\packs\Microsoft.NETCore.App.Ref\10.0.2\ref/net10.0/System.Security.AccessControl.dll
                 Private = 'false'
             C:\Program Files\dotnet\packs\Microsoft.NETCore.App.Ref\10.0.2\ref/net10.0/System.Security.Claims.dll
                 Private = 'false'
             C:\Program Files\dotnet\packs\Microsoft.NETCore.App.Ref\10.0.2\ref/net10.0/System.Security.Cryptography.Algorithms.dll
                 Private = 'false'
             C:\Program Files\dotnet\packs\Microsoft.NETCore.App.Ref\10.0.2\ref/net10.0/System.Security.Cryptography.Cng.dll
                 Private = 'false'
             C:\Program Files\dotnet\packs\Microsoft.NETCore.App.Ref\10.0.2\ref/net10.0/System.Security.Cryptography.Csp.dll
                 Private = 'false'
             C:\Program Files\dotnet\packs\Microsoft.NETCore.App.Ref\10.0.2\ref/net10.0/System.Security.Cryptography.Encoding.dll
                 Private = 'false'
             C:\Program Files\dotnet\packs\Microsoft.NETCore.App.Ref\10.0.2\ref/net10.0/System.Security.Cryptography.OpenSsl.dll
                 Private = 'false'
             C:\Program Files\dotnet\packs\Microsoft.NETCore.App.Ref\10.0.2\ref/net10.0/System.Security.Cryptography.Primitives.dll
                 Private = 'false'
             C:\Program Files\dotnet\packs\Microsoft.NETCore.App.Ref\10.0.2\ref/net10.0/System.Security.Cryptography.X509Certificates.dll
                 Private = 'false'
             C:\Program Files\dotnet\packs\Microsoft.NETCore.App.Ref\10.0.2\ref/net10.0/System.Security.Cryptography.dll
                 Private = 'false'
             C:\Program Files\dotnet\packs\Microsoft.NETCore.App.Ref\10.0.2\ref/net10.0/System.Security.Principal.Windows.dll
                 Private = 'false'
             C:\Program Files\dotnet\packs\Microsoft.NETCore.App.Ref\10.0.2\ref/net10.0/System.Security.Principal.dll
                 Private = 'false'
             C:\Program Files\dotnet\packs\Microsoft.NETCore.App.Ref\10.0.2\ref/net10.0/System.Security.SecureString.dll
                 Private = 'false'
             C:\Program Files\dotnet\packs\Microsoft.NETCore.App.Ref\10.0.2\ref/net10.0/System.Security.dll
                 Private = 'false'
             C:\Program Files\dotnet\packs\Microsoft.NETCore.App.Ref\10.0.2\ref/net10.0/System.ServiceModel.Web.dll
                 Private = 'false'
             C:\Program Files\dotnet\packs\Microsoft.NETCore.App.Ref\10.0.2\ref/net10.0/System.ServiceProcess.dll
                 Private = 'false'
             C:\Program Files\dotnet\packs\Microsoft.NETCore.App.Ref\10.0.2\ref/net10.0/System.Text.Encoding.CodePages.dll
                 Private = 'false'
             C:\Program Files\dotnet\packs\Microsoft.NETCore.App.Ref\10.0.2\ref/net10.0/System.Text.Encoding.Extensions.dll
                 Private = 'false'
             C:\Program Files\dotnet\packs\Microsoft.NETCore.App.Ref\10.0.2\ref/net10.0/System.Text.Encoding.dll
                 Private = 'false'
             C:\Program Files\dotnet\packs\Microsoft.NETCore.App.Ref\10.0.2\ref/net10.0/System.Text.Encodings.Web.dll
                 Private = 'false'
             C:\Program Files\dotnet\packs\Microsoft.NETCore.App.Ref\10.0.2\ref/net10.0/System.Text.Json.dll
                 Private = 'false'
             C:\Program Files\dotnet\packs\Microsoft.NETCore.App.Ref\10.0.2\ref/net10.0/System.Text.RegularExpressions.dll
                 Private = 'false'
             C:\Program Files\dotnet\packs\Microsoft.NETCore.App.Ref\10.0.2\ref/net10.0/System.Threading.AccessControl.dll
                 Private = 'false'
             C:\Program Files\dotnet\packs\Microsoft.NETCore.App.Ref\10.0.2\ref/net10.0/System.Threading.Channels.dll
                 Private = 'false'
             C:\Program Files\dotnet\packs\Microsoft.NETCore.App.Ref\10.0.2\ref/net10.0/System.Threading.Overlapped.dll
                 Private = 'false'
             C:\Program Files\dotnet\packs\Microsoft.NETCore.App.Ref\10.0.2\ref/net10.0/System.Threading.Tasks.Dataflow.dll
                 Private = 'false'
             C:\Program Files\dotnet\packs\Microsoft.NETCore.App.Ref\10.0.2\ref/net10.0/System.Threading.Tasks.Extensions.dll
                 Private = 'false'
             C:\Program Files\dotnet\packs\Microsoft.NETCore.App.Ref\10.0.2\ref/net10.0/System.Threading.Tasks.Parallel.dll
                 Private = 'false'
             C:\Program Files\dotnet\packs\Microsoft.NETCore.App.Ref\10.0.2\ref/net10.0/System.Threading.Tasks.dll
                 Private = 'false'
             C:\Program Files\dotnet\packs\Microsoft.NETCore.App.Ref\10.0.2\ref/net10.0/System.Threading.Thread.dll
                 Private = 'false'
             C:\Program Files\dotnet\packs\Microsoft.NETCore.App.Ref\10.0.2\ref/net10.0/System.Threading.ThreadPool.dll
                 Private = 'false'
             C:\Program Files\dotnet\packs\Microsoft.NETCore.App.Ref\10.0.2\ref/net10.0/System.Threading.Timer.dll
                 Private = 'false'
             C:\Program Files\dotnet\packs\Microsoft.NETCore.App.Ref\10.0.2\ref/net10.0/System.Threading.dll
                 Private = 'false'
             C:\Program Files\dotnet\packs\Microsoft.NETCore.App.Ref\10.0.2\ref/net10.0/System.Transactions.Local.dll
                 Private = 'false'
             C:\Program Files\dotnet\packs\Microsoft.NETCore.App.Ref\10.0.2\ref/net10.0/System.Transactions.dll
                 Private = 'false'
             C:\Program Files\dotnet\packs\Microsoft.NETCore.App.Ref\10.0.2\ref/net10.0/System.ValueTuple.dll
                 Private = 'false'
             C:\Program Files\dotnet\packs\Microsoft.NETCore.App.Ref\10.0.2\ref/net10.0/System.Web.HttpUtility.dll
                 Private = 'false'
             C:\Program Files\dotnet\packs\Microsoft.NETCore.App.Ref\10.0.2\ref/net10.0/System.Web.dll
                 Private = 'false'
             C:\Program Files\dotnet\packs\Microsoft.NETCore.App.Ref\10.0.2\ref/net10.0/System.Windows.dll
                 Private = 'false'
             C:\Program Files\dotnet\packs\Microsoft.NETCore.App.Ref\10.0.2\ref/net10.0/System.Xml.Linq.dll
                 Private = 'false'
             C:\Program Files\dotnet\packs\Microsoft.NETCore.App.Ref\10.0.2\ref/net10.0/System.Xml.ReaderWriter.dll
                 Private = 'false'
             C:\Program Files\dotnet\packs\Microsoft.NETCore.App.Ref\10.0.2\ref/net10.0/System.Xml.Serialization.dll
                 Private = 'false'
             C:\Program Files\dotnet\packs\Microsoft.NETCore.App.Ref\10.0.2\ref/net10.0/System.Xml.XDocument.dll
                 Private = 'false'
             C:\Program Files\dotnet\packs\Microsoft.NETCore.App.Ref\10.0.2\ref/net10.0/System.Xml.XPath.XDocument.dll
                 Private = 'false'
             C:\Program Files\dotnet\packs\Microsoft.NETCore.App.Ref\10.0.2\ref/net10.0/System.Xml.XPath.dll
                 Private = 'false'
             C:\Program Files\dotnet\packs\Microsoft.NETCore.App.Ref\10.0.2\ref/net10.0/System.Xml.XmlDocument.dll
                 Private = 'false'
             C:\Program Files\dotnet\packs\Microsoft.NETCore.App.Ref\10.0.2\ref/net10.0/System.Xml.XmlSerializer.dll
                 Private = 'false'
             C:\Program Files\dotnet\packs\Microsoft.NETCore.App.Ref\10.0.2\ref/net10.0/System.Xml.dll
                 Private = 'false'
             C:\Program Files\dotnet\packs\Microsoft.NETCore.App.Ref\10.0.2\ref/net10.0/System.dll
                 Private = 'false'
             C:\Program Files\dotnet\packs\Microsoft.NETCore.App.Ref\10.0.2\ref/net10.0/WindowsBase.dll
                 Private = 'false'
             C:\Program Files\dotnet\packs\Microsoft.NETCore.App.Ref\10.0.2\ref/net10.0/mscorlib.dll
                 Private = 'false'
             C:\Program Files\dotnet\packs\Microsoft.NETCore.App.Ref\10.0.2\ref/net10.0/netstandard.dll
                 Private = 'false'
             C:\Program Files\dotnet\packs\Microsoft.WindowsDesktop.App.Ref\10.0.2\ref/net10.0/Accessibility.dll
                 Private = 'false'
             C:\Program Files\dotnet\packs\Microsoft.WindowsDesktop.App.Ref\10.0.2\ref/net10.0/Microsoft.VisualBasic.Forms.dll
                 Private = 'false'
             C:\Program Files\dotnet\packs\Microsoft.WindowsDesktop.App.Ref\10.0.2\ref/net10.0/Microsoft.VisualBasic.dll
                 Private = 'false'
             C:\Program Files\dotnet\packs\Microsoft.WindowsDesktop.App.Ref\10.0.2\ref/net10.0/Microsoft.Win32.Registry.AccessControl.dll
                 Private = 'false'
             C:\Program Files\dotnet\packs\Microsoft.WindowsDesktop.App.Ref\10.0.2\ref/net10.0/Microsoft.Win32.SystemEvents.dll
                 Private = 'false'
             C:\Program Files\dotnet\packs\Microsoft.WindowsDesktop.App.Ref\10.0.2\ref/net10.0/System.CodeDom.dll
                 Private = 'false'
             C:\Program Files\dotnet\packs\Microsoft.WindowsDesktop.App.Ref\10.0.2\ref/net10.0/System.Configuration.ConfigurationManager.dll
                 Private = 'false'
             C:\Program Files\dotnet\packs\Microsoft.WindowsDesktop.App.Ref\10.0.2\ref/net10.0/System.Design.dll
                 Private = 'false'
             C:\Program Files\dotnet\packs\Microsoft.WindowsDesktop.App.Ref\10.0.2\ref/net10.0/System.Diagnostics.EventLog.dll
                 Private = 'false'
             C:\Program Files\dotnet\packs\Microsoft.WindowsDesktop.App.Ref\10.0.2\ref/net10.0/System.Diagnostics.PerformanceCounter.dll
                 Private = 'false'
             C:\Program Files\dotnet\packs\Microsoft.WindowsDesktop.App.Ref\10.0.2\ref/net10.0/System.DirectoryServices.dll
                 Private = 'false'
             C:\Program Files\dotnet\packs\Microsoft.WindowsDesktop.App.Ref\10.0.2\ref/net10.0/System.Drawing.Common.dll
                 Private = 'false'
             C:\Program Files\dotnet\packs\Microsoft.WindowsDesktop.App.Ref\10.0.2\ref/net10.0/System.Drawing.Design.dll
                 Private = 'false'
             C:\Program Files\dotnet\packs\Microsoft.WindowsDesktop.App.Ref\10.0.2\ref/net10.0/System.Drawing.dll
                 Private = 'false'
             C:\Program Files\dotnet\packs\Microsoft.WindowsDesktop.App.Ref\10.0.2\ref/net10.0/System.Formats.Nrbf.dll
                 Private = 'false'
             C:\Program Files\dotnet\packs\Microsoft.WindowsDesktop.App.Ref\10.0.2\ref/net10.0/System.IO.Packaging.dll
                 Private = 'false'
             C:\Program Files\dotnet\packs\Microsoft.WindowsDesktop.App.Ref\10.0.2\ref/net10.0/System.Private.Windows.Core.dll
                 Private = 'false'
             C:\Program Files\dotnet\packs\Microsoft.WindowsDesktop.App.Ref\10.0.2\ref/net10.0/System.Private.Windows.GdiPlus.dll
                 Private = 'false'
             C:\Program Files\dotnet\packs\Microsoft.WindowsDesktop.App.Ref\10.0.2\ref/net10.0/System.Resources.Extensions.dll
                 Private = 'false'
             C:\Program Files\dotnet\packs\Microsoft.WindowsDesktop.App.Ref\10.0.2\ref/net10.0/System.Security.Cryptography.Pkcs.dll
                 Private = 'false'
             C:\Program Files\dotnet\packs\Microsoft.WindowsDesktop.App.Ref\10.0.2\ref/net10.0/System.Security.Cryptography.ProtectedData.dll
                 Private = 'false'
             C:\Program Files\dotnet\packs\Microsoft.WindowsDesktop.App.Ref\10.0.2\ref/net10.0/System.Security.Cryptography.Xml.dll
                 Private = 'false'
             C:\Program Files\dotnet\packs\Microsoft.WindowsDesktop.App.Ref\10.0.2\ref/net10.0/System.Security.Permissions.dll
                 Private = 'false'
             C:\Program Files\dotnet\packs\Microsoft.WindowsDesktop.App.Ref\10.0.2\ref/net10.0/System.Windows.Extensions.dll
                 Private = 'false'
             C:\Program Files\dotnet\packs\Microsoft.WindowsDesktop.App.Ref\10.0.2\ref/net10.0/System.Windows.Forms.Design.Editors.dll
                 Private = 'false'
             C:\Program Files\dotnet\packs\Microsoft.WindowsDesktop.App.Ref\10.0.2\ref/net10.0/System.Windows.Forms.Design.dll
                 Private = 'false'
             C:\Program Files\dotnet\packs\Microsoft.WindowsDesktop.App.Ref\10.0.2\ref/net10.0/System.Windows.Forms.Primitives.dll
                 Private = 'false'
             C:\Program Files\dotnet\packs\Microsoft.WindowsDesktop.App.Ref\10.0.2\ref/net10.0/System.Windows.Forms.dll
                 Private = 'false'
         AssemblyFiles:
         CandidateAssemblyFiles:
         TargetFrameworkDirectories:
             
         NonCultureResourceDirectories:
             
         InstalledAssemblyTables:
         IgnoreInstalledAssemblyTable:
             False
         SearchPaths:
             {CandidateAssemblyFiles}
             {HintPathFromItem}
             {TargetFrameworkDirectory}
             {RawFileName}
         AllowedAssemblyExtensions:
             .winmd
             .dll
             .exe
         AllowedRelatedFileExtensions:
             .pdb
             .xml
             .pri
             .dll.config
             .exe.config
         AppConfigFile:
             
         AutoUnify:
             True
         EnableCustomCulture:
             False
         EnableCustomCulture:
             False
         CopyLocalDependenciesWhenParentReferenceInGac:
             True
         FindDependencies:
             True
         TargetProcessorArchitecture:
             msil
         StateFile:
             obj\Debug\net10.0-windows\CuadroMagicoApp.csproj.AssemblyReference.cache
         InstalledAssemblySubsetTables:
         IgnoreInstalledAssemblySubsetTable:
             False
         TargetFrameworkSubsets:
         FullTargetFrameworkSubsetNames:
             Full
         ProfileName:
             
         FullFrameworkFolders:
         LatestTargetFrameworkDirectories:
         ProfileTablesLocation:
         Referencia principal "Microsoft.CSharp, Version=10.0.0.0, Culture=neutral, PublicKeyToken=b03f5f7f11d50a3a".
             La ruta de acceso del archivo resuelta es "C:\Program Files\dotnet\packs\Microsoft.NETCore.App.Ref\10.0.2\ref\net10.0\Microsoft.CSharp.dll".
             Se encontró una referencia en la ubicación de ruta de acceso de búsqueda "{RawFileName}".
             Esta referencia no es "CopyLocal" porque existe al menos un elemento de origen con "Private" establecido en "false" y ningún elemento de origen con "Private" establecido en "true".
         Referencia principal "Microsoft.VisualBasic.Core, Version=15.0.0.0, Culture=neutral, PublicKeyToken=b03f5f7f11d50a3a".
             La ruta de acceso del archivo resuelta es "C:\Program Files\dotnet\packs\Microsoft.NETCore.App.Ref\10.0.2\ref\net10.0\Microsoft.VisualBasic.Core.dll".
             Se encontró una referencia en la ubicación de ruta de acceso de búsqueda "{RawFileName}".
             Esta referencia no es "CopyLocal" porque existe al menos un elemento de origen con "Private" establecido en "false" y ningún elemento de origen con "Private" establecido en "true".
         Referencia principal "Microsoft.Win32.Primitives, Version=10.0.0.0, Culture=neutral, PublicKeyToken=b03f5f7f11d50a3a".
             La ruta de acceso del archivo resuelta es "C:\Program Files\dotnet\packs\Microsoft.NETCore.App.Ref\10.0.2\ref\net10.0\Microsoft.Win32.Primitives.dll".
             Se encontró una referencia en la ubicación de ruta de acceso de búsqueda "{RawFileName}".
             Esta referencia no es "CopyLocal" porque existe al menos un elemento de origen con "Private" establecido en "false" y ningún elemento de origen con "Private" establecido en "true".
         Referencia principal "Microsoft.Win32.Registry, Version=10.0.0.0, Culture=neutral, PublicKeyToken=b03f5f7f11d50a3a".
             La ruta de acceso del archivo resuelta es "C:\Program Files\dotnet\packs\Microsoft.NETCore.App.Ref\10.0.2\ref\net10.0\Microsoft.Win32.Registry.dll".
             Se encontró una referencia en la ubicación de ruta de acceso de búsqueda "{RawFileName}".
             Esta referencia no es "CopyLocal" porque existe al menos un elemento de origen con "Private" establecido en "false" y ningún elemento de origen con "Private" establecido en "true".
         Referencia principal "System.AppContext, Version=10.0.0.0, Culture=neutral, PublicKeyToken=b03f5f7f11d50a3a".
             La ruta de acceso del archivo resuelta es "C:\Program Files\dotnet\packs\Microsoft.NETCore.App.Ref\10.0.2\ref\net10.0\System.AppContext.dll".
             Se encontró una referencia en la ubicación de ruta de acceso de búsqueda "{RawFileName}".
             Esta referencia no es "CopyLocal" porque existe al menos un elemento de origen con "Private" establecido en "false" y ningún elemento de origen con "Private" establecido en "true".
         Referencia principal "System.Buffers, Version=10.0.0.0, Culture=neutral, PublicKeyToken=cc7b13ffcd2ddd51".
             La ruta de acceso del archivo resuelta es "C:\Program Files\dotnet\packs\Microsoft.NETCore.App.Ref\10.0.2\ref\net10.0\System.Buffers.dll".
             Se encontró una referencia en la ubicación de ruta de acceso de búsqueda "{RawFileName}".
             Esta referencia no es "CopyLocal" porque existe al menos un elemento de origen con "Private" establecido en "false" y ningún elemento de origen con "Private" establecido en "true".
         Referencia principal "System.Collections.Concurrent, Version=10.0.0.0, Culture=neutral, PublicKeyToken=b03f5f7f11d50a3a".
             La ruta de acceso del archivo resuelta es "C:\Program Files\dotnet\packs\Microsoft.NETCore.App.Ref\10.0.2\ref\net10.0\System.Collections.Concurrent.dll".
             Se encontró una referencia en la ubicación de ruta de acceso de búsqueda "{RawFileName}".
             Esta referencia no es "CopyLocal" porque existe al menos un elemento de origen con "Private" establecido en "false" y ningún elemento de origen con "Private" establecido en "true".
         Referencia principal "System.Collections.Immutable, Version=10.0.0.0, Culture=neutral, PublicKeyToken=b03f5f7f11d50a3a".
             La ruta de acceso del archivo resuelta es "C:\Program Files\dotnet\packs\Microsoft.NETCore.App.Ref\10.0.2\ref\net10.0\System.Collections.Immutable.dll".
             Se encontró una referencia en la ubicación de ruta de acceso de búsqueda "{RawFileName}".
             Esta referencia no es "CopyLocal" porque existe al menos un elemento de origen con "Private" establecido en "false" y ningún elemento de origen con "Private" establecido en "true".
         Referencia principal "System.Collections.NonGeneric, Version=10.0.0.0, Culture=neutral, PublicKeyToken=b03f5f7f11d50a3a".
             La ruta de acceso del archivo resuelta es "C:\Program Files\dotnet\packs\Microsoft.NETCore.App.Ref\10.0.2\ref\net10.0\System.Collections.NonGeneric.dll".
             Se encontró una referencia en la ubicación de ruta de acceso de búsqueda "{RawFileName}".
             Esta referencia no es "CopyLocal" porque existe al menos un elemento de origen con "Private" establecido en "false" y ningún elemento de origen con "Private" establecido en "true".
         Referencia principal "System.Collections.Specialized, Version=10.0.0.0, Culture=neutral, PublicKeyToken=b03f5f7f11d50a3a".
             La ruta de acceso del archivo resuelta es "C:\Program Files\dotnet\packs\Microsoft.NETCore.App.Ref\10.0.2\ref\net10.0\System.Collections.Specialized.dll".
             Se encontró una referencia en la ubicación de ruta de acceso de búsqueda "{RawFileName}".
             Esta referencia no es "CopyLocal" porque existe al menos un elemento de origen con "Private" establecido en "false" y ningún elemento de origen con "Private" establecido en "true".
         Referencia principal "System.Collections, Version=10.0.0.0, Culture=neutral, PublicKeyToken=b03f5f7f11d50a3a".
             La ruta de acceso del archivo resuelta es "C:\Program Files\dotnet\packs\Microsoft.NETCore.App.Ref\10.0.2\ref\net10.0\System.Collections.dll".
             Se encontró una referencia en la ubicación de ruta de acceso de búsqueda "{RawFileName}".
             Esta referencia no es "CopyLocal" porque existe al menos un elemento de origen con "Private" establecido en "false" y ningún elemento de origen con "Private" establecido en "true".
         Referencia principal "System.ComponentModel.Annotations, Version=10.0.0.0, Culture=neutral, PublicKeyToken=b03f5f7f11d50a3a".
             La ruta de acceso del archivo resuelta es "C:\Program Files\dotnet\packs\Microsoft.NETCore.App.Ref\10.0.2\ref\net10.0\System.ComponentModel.Annotations.dll".
             Se encontró una referencia en la ubicación de ruta de acceso de búsqueda "{RawFileName}".
             Esta referencia no es "CopyLocal" porque existe al menos un elemento de origen con "Private" establecido en "false" y ningún elemento de origen con "Private" establecido en "true".
         Referencia principal "System.ComponentModel.DataAnnotations, Version=4.0.0.0, Culture=neutral, PublicKeyToken=31bf3856ad364e35".
             La ruta de acceso del archivo resuelta es "C:\Program Files\dotnet\packs\Microsoft.NETCore.App.Ref\10.0.2\ref\net10.0\System.ComponentModel.DataAnnotations.dll".
             Se encontró una referencia en la ubicación de ruta de acceso de búsqueda "{RawFileName}".
             Esta referencia no es "CopyLocal" porque existe al menos un elemento de origen con "Private" establecido en "false" y ningún elemento de origen con "Private" establecido en "true".
         Referencia principal "System.ComponentModel.EventBasedAsync, Version=10.0.0.0, Culture=neutral, PublicKeyToken=b03f5f7f11d50a3a".
             La ruta de acceso del archivo resuelta es "C:\Program Files\dotnet\packs\Microsoft.NETCore.App.Ref\10.0.2\ref\net10.0\System.ComponentModel.EventBasedAsync.dll".
             Se encontró una referencia en la ubicación de ruta de acceso de búsqueda "{RawFileName}".
             Esta referencia no es "CopyLocal" porque existe al menos un elemento de origen con "Private" establecido en "false" y ningún elemento de origen con "Private" establecido en "true".
         Referencia principal "System.ComponentModel.Primitives, Version=10.0.0.0, Culture=neutral, PublicKeyToken=b03f5f7f11d50a3a".
             La ruta de acceso del archivo resuelta es "C:\Program Files\dotnet\packs\Microsoft.NETCore.App.Ref\10.0.2\ref\net10.0\System.ComponentModel.Primitives.dll".
             Se encontró una referencia en la ubicación de ruta de acceso de búsqueda "{RawFileName}".
             Esta referencia no es "CopyLocal" porque existe al menos un elemento de origen con "Private" establecido en "false" y ningún elemento de origen con "Private" establecido en "true".
         Referencia principal "System.ComponentModel.TypeConverter, Version=10.0.0.0, Culture=neutral, PublicKeyToken=b03f5f7f11d50a3a".
             La ruta de acceso del archivo resuelta es "C:\Program Files\dotnet\packs\Microsoft.NETCore.App.Ref\10.0.2\ref\net10.0\System.ComponentModel.TypeConverter.dll".
             Se encontró una referencia en la ubicación de ruta de acceso de búsqueda "{RawFileName}".
             Esta referencia no es "CopyLocal" porque existe al menos un elemento de origen con "Private" establecido en "false" y ningún elemento de origen con "Private" establecido en "true".
         Referencia principal "System.ComponentModel, Version=10.0.0.0, Culture=neutral, PublicKeyToken=b03f5f7f11d50a3a".
             La ruta de acceso del archivo resuelta es "C:\Program Files\dotnet\packs\Microsoft.NETCore.App.Ref\10.0.2\ref\net10.0\System.ComponentModel.dll".
             Se encontró una referencia en la ubicación de ruta de acceso de búsqueda "{RawFileName}".
             Esta referencia no es "CopyLocal" porque existe al menos un elemento de origen con "Private" establecido en "false" y ningún elemento de origen con "Private" establecido en "true".
         Referencia principal "System.Configuration, Version=4.0.0.0, Culture=neutral, PublicKeyToken=b03f5f7f11d50a3a".
             La ruta de acceso del archivo resuelta es "C:\Program Files\dotnet\packs\Microsoft.NETCore.App.Ref\10.0.2\ref\net10.0\System.Configuration.dll".
             Se encontró una referencia en la ubicación de ruta de acceso de búsqueda "{RawFileName}".
             Esta referencia no es "CopyLocal" porque existe al menos un elemento de origen con "Private" establecido en "false" y ningún elemento de origen con "Private" establecido en "true".
         Referencia principal "System.Console, Version=10.0.0.0, Culture=neutral, PublicKeyToken=b03f5f7f11d50a3a".
             La ruta de acceso del archivo resuelta es "C:\Program Files\dotnet\packs\Microsoft.NETCore.App.Ref\10.0.2\ref\net10.0\System.Console.dll".
             Se encontró una referencia en la ubicación de ruta de acceso de búsqueda "{RawFileName}".
             Esta referencia no es "CopyLocal" porque existe al menos un elemento de origen con "Private" establecido en "false" y ningún elemento de origen con "Private" establecido en "true".
         Referencia principal "System.Core, Version=4.0.0.0, Culture=neutral, PublicKeyToken=b77a5c561934e089".
             La ruta de acceso del archivo resuelta es "C:\Program Files\dotnet\packs\Microsoft.NETCore.App.Ref\10.0.2\ref\net10.0\System.Core.dll".
             Se encontró una referencia en la ubicación de ruta de acceso de búsqueda "{RawFileName}".
             Esta referencia no es "CopyLocal" porque existe al menos un elemento de origen con "Private" establecido en "false" y ningún elemento de origen con "Private" establecido en "true".
         Referencia principal "System.Data.Common, Version=10.0.0.0, Culture=neutral, PublicKeyToken=b03f5f7f11d50a3a".
             La ruta de acceso del archivo resuelta es "C:\Program Files\dotnet\packs\Microsoft.NETCore.App.Ref\10.0.2\ref\net10.0\System.Data.Common.dll".
             Se encontró una referencia en la ubicación de ruta de acceso de búsqueda "{RawFileName}".
             Esta referencia no es "CopyLocal" porque existe al menos un elemento de origen con "Private" establecido en "false" y ningún elemento de origen con "Private" establecido en "true".
         Referencia principal "System.Data.DataSetExtensions, Version=10.0.0.0, Culture=neutral, PublicKeyToken=b77a5c561934e089".
             La ruta de acceso del archivo resuelta es "C:\Program Files\dotnet\packs\Microsoft.NETCore.App.Ref\10.0.2\ref\net10.0\System.Data.DataSetExtensions.dll".
             Se encontró una referencia en la ubicación de ruta de acceso de búsqueda "{RawFileName}".
             Esta referencia no es "CopyLocal" porque existe al menos un elemento de origen con "Private" establecido en "false" y ningún elemento de origen con "Private" establecido en "true".
         Referencia principal "System.Data, Version=4.0.0.0, Culture=neutral, PublicKeyToken=b77a5c561934e089".
             La ruta de acceso del archivo resuelta es "C:\Program Files\dotnet\packs\Microsoft.NETCore.App.Ref\10.0.2\ref\net10.0\System.Data.dll".
             Se encontró una referencia en la ubicación de ruta de acceso de búsqueda "{RawFileName}".
             Esta referencia no es "CopyLocal" porque existe al menos un elemento de origen con "Private" establecido en "false" y ningún elemento de origen con "Private" establecido en "true".
         Referencia principal "System.Diagnostics.Contracts, Version=10.0.0.0, Culture=neutral, PublicKeyToken=b03f5f7f11d50a3a".
             La ruta de acceso del archivo resuelta es "C:\Program Files\dotnet\packs\Microsoft.NETCore.App.Ref\10.0.2\ref\net10.0\System.Diagnostics.Contracts.dll".
             Se encontró una referencia en la ubicación de ruta de acceso de búsqueda "{RawFileName}".
             Esta referencia no es "CopyLocal" porque existe al menos un elemento de origen con "Private" establecido en "false" y ningún elemento de origen con "Private" establecido en "true".
         Referencia principal "System.Diagnostics.Debug, Version=10.0.0.0, Culture=neutral, PublicKeyToken=b03f5f7f11d50a3a".
             La ruta de acceso del archivo resuelta es "C:\Program Files\dotnet\packs\Microsoft.NETCore.App.Ref\10.0.2\ref\net10.0\System.Diagnostics.Debug.dll".
             Se encontró una referencia en la ubicación de ruta de acceso de búsqueda "{RawFileName}".
             Esta referencia no es "CopyLocal" porque existe al menos un elemento de origen con "Private" establecido en "false" y ningún elemento de origen con "Private" establecido en "true".
         Referencia principal "System.Diagnostics.DiagnosticSource, Version=10.0.0.0, Culture=neutral, PublicKeyToken=cc7b13ffcd2ddd51".
             La ruta de acceso del archivo resuelta es "C:\Program Files\dotnet\packs\Microsoft.NETCore.App.Ref\10.0.2\ref\net10.0\System.Diagnostics.DiagnosticSource.dll".
             Se encontró una referencia en la ubicación de ruta de acceso de búsqueda "{RawFileName}".
             Esta referencia no es "CopyLocal" porque existe al menos un elemento de origen con "Private" establecido en "false" y ningún elemento de origen con "Private" establecido en "true".
         Referencia principal "System.Diagnostics.FileVersionInfo, Version=10.0.0.0, Culture=neutral, PublicKeyToken=b03f5f7f11d50a3a".
             La ruta de acceso del archivo resuelta es "C:\Program Files\dotnet\packs\Microsoft.NETCore.App.Ref\10.0.2\ref\net10.0\System.Diagnostics.FileVersionInfo.dll".
             Se encontró una referencia en la ubicación de ruta de acceso de búsqueda "{RawFileName}".
             Esta referencia no es "CopyLocal" porque existe al menos un elemento de origen con "Private" establecido en "false" y ningún elemento de origen con "Private" establecido en "true".
         Referencia principal "System.Diagnostics.Process, Version=10.0.0.0, Culture=neutral, PublicKeyToken=b03f5f7f11d50a3a".
             La ruta de acceso del archivo resuelta es "C:\Program Files\dotnet\packs\Microsoft.NETCore.App.Ref\10.0.2\ref\net10.0\System.Diagnostics.Process.dll".
             Se encontró una referencia en la ubicación de ruta de acceso de búsqueda "{RawFileName}".
             Esta referencia no es "CopyLocal" porque existe al menos un elemento de origen con "Private" establecido en "false" y ningún elemento de origen con "Private" establecido en "true".
         Referencia principal "System.Diagnostics.StackTrace, Version=10.0.0.0, Culture=neutral, PublicKeyToken=b03f5f7f11d50a3a".
             La ruta de acceso del archivo resuelta es "C:\Program Files\dotnet\packs\Microsoft.NETCore.App.Ref\10.0.2\ref\net10.0\System.Diagnostics.StackTrace.dll".
             Se encontró una referencia en la ubicación de ruta de acceso de búsqueda "{RawFileName}".
             Esta referencia no es "CopyLocal" porque existe al menos un elemento de origen con "Private" establecido en "false" y ningún elemento de origen con "Private" establecido en "true".
         Referencia principal "System.Diagnostics.TextWriterTraceListener, Version=10.0.0.0, Culture=neutral, PublicKeyToken=b03f5f7f11d50a3a".
             La ruta de acceso del archivo resuelta es "C:\Program Files\dotnet\packs\Microsoft.NETCore.App.Ref\10.0.2\ref\net10.0\System.Diagnostics.TextWriterTraceListener.dll".
             Se encontró una referencia en la ubicación de ruta de acceso de búsqueda "{RawFileName}".
             Esta referencia no es "CopyLocal" porque existe al menos un elemento de origen con "Private" establecido en "false" y ningún elemento de origen con "Private" establecido en "true".
         Referencia principal "System.Diagnostics.Tools, Version=10.0.0.0, Culture=neutral, PublicKeyToken=b03f5f7f11d50a3a".
             La ruta de acceso del archivo resuelta es "C:\Program Files\dotnet\packs\Microsoft.NETCore.App.Ref\10.0.2\ref\net10.0\System.Diagnostics.Tools.dll".
             Se encontró una referencia en la ubicación de ruta de acceso de búsqueda "{RawFileName}".
             Esta referencia no es "CopyLocal" porque existe al menos un elemento de origen con "Private" establecido en "false" y ningún elemento de origen con "Private" establecido en "true".
         Referencia principal "System.Diagnostics.TraceSource, Version=10.0.0.0, Culture=neutral, PublicKeyToken=b03f5f7f11d50a3a".
             La ruta de acceso del archivo resuelta es "C:\Program Files\dotnet\packs\Microsoft.NETCore.App.Ref\10.0.2\ref\net10.0\System.Diagnostics.TraceSource.dll".
             Se encontró una referencia en la ubicación de ruta de acceso de búsqueda "{RawFileName}".
             Esta referencia no es "CopyLocal" porque existe al menos un elemento de origen con "Private" establecido en "false" y ningún elemento de origen con "Private" establecido en "true".
         Referencia principal "System.Diagnostics.Tracing, Version=10.0.0.0, Culture=neutral, PublicKeyToken=b03f5f7f11d50a3a".
             La ruta de acceso del archivo resuelta es "C:\Program Files\dotnet\packs\Microsoft.NETCore.App.Ref\10.0.2\ref\net10.0\System.Diagnostics.Tracing.dll".
             Se encontró una referencia en la ubicación de ruta de acceso de búsqueda "{RawFileName}".
             Esta referencia no es "CopyLocal" porque existe al menos un elemento de origen con "Private" establecido en "false" y ningún elemento de origen con "Private" establecido en "true".
         Referencia principal "System.Drawing.Primitives, Version=10.0.0.0, Culture=neutral, PublicKeyToken=b03f5f7f11d50a3a".
             La ruta de acceso del archivo resuelta es "C:\Program Files\dotnet\packs\Microsoft.NETCore.App.Ref\10.0.2\ref\net10.0\System.Drawing.Primitives.dll".
             Se encontró una referencia en la ubicación de ruta de acceso de búsqueda "{RawFileName}".
             Esta referencia no es "CopyLocal" porque existe al menos un elemento de origen con "Private" establecido en "false" y ningún elemento de origen con "Private" establecido en "true".
         Referencia principal "System.Dynamic.Runtime, Version=10.0.0.0, Culture=neutral, PublicKeyToken=b03f5f7f11d50a3a".
             La ruta de acceso del archivo resuelta es "C:\Program Files\dotnet\packs\Microsoft.NETCore.App.Ref\10.0.2\ref\net10.0\System.Dynamic.Runtime.dll".
             Se encontró una referencia en la ubicación de ruta de acceso de búsqueda "{RawFileName}".
             Esta referencia no es "CopyLocal" porque existe al menos un elemento de origen con "Private" establecido en "false" y ningún elemento de origen con "Private" establecido en "true".
         Referencia principal "System.Formats.Asn1, Version=10.0.0.0, Culture=neutral, PublicKeyToken=cc7b13ffcd2ddd51".
             La ruta de acceso del archivo resuelta es "C:\Program Files\dotnet\packs\Microsoft.NETCore.App.Ref\10.0.2\ref\net10.0\System.Formats.Asn1.dll".
             Se encontró una referencia en la ubicación de ruta de acceso de búsqueda "{RawFileName}".
             Esta referencia no es "CopyLocal" porque existe al menos un elemento de origen con "Private" establecido en "false" y ningún elemento de origen con "Private" establecido en "true".
         Referencia principal "System.Formats.Tar, Version=10.0.0.0, Culture=neutral, PublicKeyToken=cc7b13ffcd2ddd51".
             La ruta de acceso del archivo resuelta es "C:\Program Files\dotnet\packs\Microsoft.NETCore.App.Ref\10.0.2\ref\net10.0\System.Formats.Tar.dll".
             Se encontró una referencia en la ubicación de ruta de acceso de búsqueda "{RawFileName}".
             Esta referencia no es "CopyLocal" porque existe al menos un elemento de origen con "Private" establecido en "false" y ningún elemento de origen con "Private" establecido en "true".
         Referencia principal "System.Globalization.Calendars, Version=10.0.0.0, Culture=neutral, PublicKeyToken=b03f5f7f11d50a3a".
             La ruta de acceso del archivo resuelta es "C:\Program Files\dotnet\packs\Microsoft.NETCore.App.Ref\10.0.2\ref\net10.0\System.Globalization.Calendars.dll".
             Se encontró una referencia en la ubicación de ruta de acceso de búsqueda "{RawFileName}".
             Esta referencia no es "CopyLocal" porque existe al menos un elemento de origen con "Private" establecido en "false" y ningún elemento de origen con "Private" establecido en "true".
         Referencia principal "System.Globalization.Extensions, Version=10.0.0.0, Culture=neutral, PublicKeyToken=b03f5f7f11d50a3a".
             La ruta de acceso del archivo resuelta es "C:\Program Files\dotnet\packs\Microsoft.NETCore.App.Ref\10.0.2\ref\net10.0\System.Globalization.Extensions.dll".
             Se encontró una referencia en la ubicación de ruta de acceso de búsqueda "{RawFileName}".
             Esta referencia no es "CopyLocal" porque existe al menos un elemento de origen con "Private" establecido en "false" y ningún elemento de origen con "Private" establecido en "true".
         Referencia principal "System.Globalization, Version=10.0.0.0, Culture=neutral, PublicKeyToken=b03f5f7f11d50a3a".
             La ruta de acceso del archivo resuelta es "C:\Program Files\dotnet\packs\Microsoft.NETCore.App.Ref\10.0.2\ref\net10.0\System.Globalization.dll".
             Se encontró una referencia en la ubicación de ruta de acceso de búsqueda "{RawFileName}".
             Esta referencia no es "CopyLocal" porque existe al menos un elemento de origen con "Private" establecido en "false" y ningún elemento de origen con "Private" establecido en "true".
         Referencia principal "System.IO.Compression.Brotli, Version=10.0.0.0, Culture=neutral, PublicKeyToken=b77a5c561934e089".
             La ruta de acceso del archivo resuelta es "C:\Program Files\dotnet\packs\Microsoft.NETCore.App.Ref\10.0.2\ref\net10.0\System.IO.Compression.Brotli.dll".
             Se encontró una referencia en la ubicación de ruta de acceso de búsqueda "{RawFileName}".
             Esta referencia no es "CopyLocal" porque existe al menos un elemento de origen con "Private" establecido en "false" y ningún elemento de origen con "Private" establecido en "true".
         Referencia principal "System.IO.Compression.FileSystem, Version=4.0.0.0, Culture=neutral, PublicKeyToken=b77a5c561934e089".
             La ruta de acceso del archivo resuelta es "C:\Program Files\dotnet\packs\Microsoft.NETCore.App.Ref\10.0.2\ref\net10.0\System.IO.Compression.FileSystem.dll".
             Se encontró una referencia en la ubicación de ruta de acceso de búsqueda "{RawFileName}".
             Esta referencia no es "CopyLocal" porque existe al menos un elemento de origen con "Private" establecido en "false" y ningún elemento de origen con "Private" establecido en "true".
         Referencia principal "System.IO.Compression.ZipFile, Version=10.0.0.0, Culture=neutral, PublicKeyToken=b77a5c561934e089".
             La ruta de acceso del archivo resuelta es "C:\Program Files\dotnet\packs\Microsoft.NETCore.App.Ref\10.0.2\ref\net10.0\System.IO.Compression.ZipFile.dll".
             Se encontró una referencia en la ubicación de ruta de acceso de búsqueda "{RawFileName}".
             Esta referencia no es "CopyLocal" porque existe al menos un elemento de origen con "Private" establecido en "false" y ningún elemento de origen con "Private" establecido en "true".
         Referencia principal "System.IO.Compression, Version=10.0.0.0, Culture=neutral, PublicKeyToken=b77a5c561934e089".
             La ruta de acceso del archivo resuelta es "C:\Program Files\dotnet\packs\Microsoft.NETCore.App.Ref\10.0.2\ref\net10.0\System.IO.Compression.dll".
             Se encontró una referencia en la ubicación de ruta de acceso de búsqueda "{RawFileName}".
             Esta referencia no es "CopyLocal" porque existe al menos un elemento de origen con "Private" establecido en "false" y ningún elemento de origen con "Private" establecido en "true".
         Referencia principal "System.IO.FileSystem.AccessControl, Version=10.0.0.0, Culture=neutral, PublicKeyToken=b03f5f7f11d50a3a".
             La ruta de acceso del archivo resuelta es "C:\Program Files\dotnet\packs\Microsoft.NETCore.App.Ref\10.0.2\ref\net10.0\System.IO.FileSystem.AccessControl.dll".
             Se encontró una referencia en la ubicación de ruta de acceso de búsqueda "{RawFileName}".
             Esta referencia no es "CopyLocal" porque existe al menos un elemento de origen con "Private" establecido en "false" y ningún elemento de origen con "Private" establecido en "true".
         Referencia principal "System.IO.FileSystem.DriveInfo, Version=10.0.0.0, Culture=neutral, PublicKeyToken=b03f5f7f11d50a3a".
             La ruta de acceso del archivo resuelta es "C:\Program Files\dotnet\packs\Microsoft.NETCore.App.Ref\10.0.2\ref\net10.0\System.IO.FileSystem.DriveInfo.dll".
             Se encontró una referencia en la ubicación de ruta de acceso de búsqueda "{RawFileName}".
             Esta referencia no es "CopyLocal" porque existe al menos un elemento de origen con "Private" establecido en "false" y ningún elemento de origen con "Private" establecido en "true".
         Referencia principal "System.IO.FileSystem.Primitives, Version=10.0.0.0, Culture=neutral, PublicKeyToken=b03f5f7f11d50a3a".
             La ruta de acceso del archivo resuelta es "C:\Program Files\dotnet\packs\Microsoft.NETCore.App.Ref\10.0.2\ref\net10.0\System.IO.FileSystem.Primitives.dll".
             Se encontró una referencia en la ubicación de ruta de acceso de búsqueda "{RawFileName}".
             Esta referencia no es "CopyLocal" porque existe al menos un elemento de origen con "Private" establecido en "false" y ningún elemento de origen con "Private" establecido en "true".
         Referencia principal "System.IO.FileSystem.Watcher, Version=10.0.0.0, Culture=neutral, PublicKeyToken=b03f5f7f11d50a3a".
             La ruta de acceso del archivo resuelta es "C:\Program Files\dotnet\packs\Microsoft.NETCore.App.Ref\10.0.2\ref\net10.0\System.IO.FileSystem.Watcher.dll".
             Se encontró una referencia en la ubicación de ruta de acceso de búsqueda "{RawFileName}".
             Esta referencia no es "CopyLocal" porque existe al menos un elemento de origen con "Private" establecido en "false" y ningún elemento de origen con "Private" establecido en "true".
         Referencia principal "System.IO.FileSystem, Version=10.0.0.0, Culture=neutral, PublicKeyToken=b03f5f7f11d50a3a".
             La ruta de acceso del archivo resuelta es "C:\Program Files\dotnet\packs\Microsoft.NETCore.App.Ref\10.0.2\ref\net10.0\System.IO.FileSystem.dll".
             Se encontró una referencia en la ubicación de ruta de acceso de búsqueda "{RawFileName}".
             Esta referencia no es "CopyLocal" porque existe al menos un elemento de origen con "Private" establecido en "false" y ningún elemento de origen con "Private" establecido en "true".
         Referencia principal "System.IO.IsolatedStorage, Version=10.0.0.0, Culture=neutral, PublicKeyToken=b03f5f7f11d50a3a".
             La ruta de acceso del archivo resuelta es "C:\Program Files\dotnet\packs\Microsoft.NETCore.App.Ref\10.0.2\ref\net10.0\System.IO.IsolatedStorage.dll".
             Se encontró una referencia en la ubicación de ruta de acceso de búsqueda "{RawFileName}".
             Esta referencia no es "CopyLocal" porque existe al menos un elemento de origen con "Private" establecido en "false" y ningún elemento de origen con "Private" establecido en "true".
         Referencia principal "System.IO.MemoryMappedFiles, Version=10.0.0.0, Culture=neutral, PublicKeyToken=b03f5f7f11d50a3a".
             La ruta de acceso del archivo resuelta es "C:\Program Files\dotnet\packs\Microsoft.NETCore.App.Ref\10.0.2\ref\net10.0\System.IO.MemoryMappedFiles.dll".
             Se encontró una referencia en la ubicación de ruta de acceso de búsqueda "{RawFileName}".
             Esta referencia no es "CopyLocal" porque existe al menos un elemento de origen con "Private" establecido en "false" y ningún elemento de origen con "Private" establecido en "true".
         Referencia principal "System.IO.Pipelines, Version=10.0.0.0, Culture=neutral, PublicKeyToken=cc7b13ffcd2ddd51".
             La ruta de acceso del archivo resuelta es "C:\Program Files\dotnet\packs\Microsoft.NETCore.App.Ref\10.0.2\ref\net10.0\System.IO.Pipelines.dll".
             Se encontró una referencia en la ubicación de ruta de acceso de búsqueda "{RawFileName}".
             Esta referencia no es "CopyLocal" porque existe al menos un elemento de origen con "Private" establecido en "false" y ningún elemento de origen con "Private" establecido en "true".
         Referencia principal "System.IO.Pipes.AccessControl, Version=10.0.0.0, Culture=neutral, PublicKeyToken=b03f5f7f11d50a3a".
             La ruta de acceso del archivo resuelta es "C:\Program Files\dotnet\packs\Microsoft.NETCore.App.Ref\10.0.2\ref\net10.0\System.IO.Pipes.AccessControl.dll".
             Se encontró una referencia en la ubicación de ruta de acceso de búsqueda "{RawFileName}".
             Esta referencia no es "CopyLocal" porque existe al menos un elemento de origen con "Private" establecido en "false" y ningún elemento de origen con "Private" establecido en "true".
         Referencia principal "System.IO.Pipes, Version=10.0.0.0, Culture=neutral, PublicKeyToken=b03f5f7f11d50a3a".
             La ruta de acceso del archivo resuelta es "C:\Program Files\dotnet\packs\Microsoft.NETCore.App.Ref\10.0.2\ref\net10.0\System.IO.Pipes.dll".
             Se encontró una referencia en la ubicación de ruta de acceso de búsqueda "{RawFileName}".
             Esta referencia no es "CopyLocal" porque existe al menos un elemento de origen con "Private" establecido en "false" y ningún elemento de origen con "Private" establecido en "true".
         Referencia principal "System.IO.UnmanagedMemoryStream, Version=10.0.0.0, Culture=neutral, PublicKeyToken=b03f5f7f11d50a3a".
             La ruta de acceso del archivo resuelta es "C:\Program Files\dotnet\packs\Microsoft.NETCore.App.Ref\10.0.2\ref\net10.0\System.IO.UnmanagedMemoryStream.dll".
             Se encontró una referencia en la ubicación de ruta de acceso de búsqueda "{RawFileName}".
             Esta referencia no es "CopyLocal" porque existe al menos un elemento de origen con "Private" establecido en "false" y ningún elemento de origen con "Private" establecido en "true".
         Referencia principal "System.IO, Version=10.0.0.0, Culture=neutral, PublicKeyToken=b03f5f7f11d50a3a".
             La ruta de acceso del archivo resuelta es "C:\Program Files\dotnet\packs\Microsoft.NETCore.App.Ref\10.0.2\ref\net10.0\System.IO.dll".
             Se encontró una referencia en la ubicación de ruta de acceso de búsqueda "{RawFileName}".
             Esta referencia no es "CopyLocal" porque existe al menos un elemento de origen con "Private" establecido en "false" y ningún elemento de origen con "Private" establecido en "true".
         Referencia principal "System.Linq.AsyncEnumerable, Version=10.0.0.0, Culture=neutral, PublicKeyToken=b03f5f7f11d50a3a".
             La ruta de acceso del archivo resuelta es "C:\Program Files\dotnet\packs\Microsoft.NETCore.App.Ref\10.0.2\ref\net10.0\System.Linq.AsyncEnumerable.dll".
             Se encontró una referencia en la ubicación de ruta de acceso de búsqueda "{RawFileName}".
             Esta referencia no es "CopyLocal" porque existe al menos un elemento de origen con "Private" establecido en "false" y ningún elemento de origen con "Private" establecido en "true".
         Referencia principal "System.Linq.Expressions, Version=10.0.0.0, Culture=neutral, PublicKeyToken=b03f5f7f11d50a3a".
             La ruta de acceso del archivo resuelta es "C:\Program Files\dotnet\packs\Microsoft.NETCore.App.Ref\10.0.2\ref\net10.0\System.Linq.Expressions.dll".
             Se encontró una referencia en la ubicación de ruta de acceso de búsqueda "{RawFileName}".
             Esta referencia no es "CopyLocal" porque existe al menos un elemento de origen con "Private" establecido en "false" y ningún elemento de origen con "Private" establecido en "true".
         Referencia principal "System.Linq.Parallel, Version=10.0.0.0, Culture=neutral, PublicKeyToken=b03f5f7f11d50a3a".
             La ruta de acceso del archivo resuelta es "C:\Program Files\dotnet\packs\Microsoft.NETCore.App.Ref\10.0.2\ref\net10.0\System.Linq.Parallel.dll".
             Se encontró una referencia en la ubicación de ruta de acceso de búsqueda "{RawFileName}".
             Esta referencia no es "CopyLocal" porque existe al menos un elemento de origen con "Private" establecido en "false" y ningún elemento de origen con "Private" establecido en "true".
         Referencia principal "System.Linq.Queryable, Version=10.0.0.0, Culture=neutral, PublicKeyToken=b03f5f7f11d50a3a".
             La ruta de acceso del archivo resuelta es "C:\Program Files\dotnet\packs\Microsoft.NETCore.App.Ref\10.0.2\ref\net10.0\System.Linq.Queryable.dll".
             Se encontró una referencia en la ubicación de ruta de acceso de búsqueda "{RawFileName}".
             Esta referencia no es "CopyLocal" porque existe al menos un elemento de origen con "Private" establecido en "false" y ningún elemento de origen con "Private" establecido en "true".
         Referencia principal "System.Linq, Version=10.0.0.0, Culture=neutral, PublicKeyToken=b03f5f7f11d50a3a".
             La ruta de acceso del archivo resuelta es "C:\Program Files\dotnet\packs\Microsoft.NETCore.App.Ref\10.0.2\ref\net10.0\System.Linq.dll".
             Se encontró una referencia en la ubicación de ruta de acceso de búsqueda "{RawFileName}".
             Esta referencia no es "CopyLocal" porque existe al menos un elemento de origen con "Private" establecido en "false" y ningún elemento de origen con "Private" establecido en "true".
         Referencia principal "System.Memory, Version=10.0.0.0, Culture=neutral, PublicKeyToken=cc7b13ffcd2ddd51".
             La ruta de acceso del archivo resuelta es "C:\Program Files\dotnet\packs\Microsoft.NETCore.App.Ref\10.0.2\ref\net10.0\System.Memory.dll".
             Se encontró una referencia en la ubicación de ruta de acceso de búsqueda "{RawFileName}".
             Esta referencia no es "CopyLocal" porque existe al menos un elemento de origen con "Private" establecido en "false" y ningún elemento de origen con "Private" establecido en "true".
         Referencia principal "System.Net.Http.Json, Version=10.0.0.0, Culture=neutral, PublicKeyToken=cc7b13ffcd2ddd51".
             La ruta de acceso del archivo resuelta es "C:\Program Files\dotnet\packs\Microsoft.NETCore.App.Ref\10.0.2\ref\net10.0\System.Net.Http.Json.dll".
             Se encontró una referencia en la ubicación de ruta de acceso de búsqueda "{RawFileName}".
             Esta referencia no es "CopyLocal" porque existe al menos un elemento de origen con "Private" establecido en "false" y ningún elemento de origen con "Private" establecido en "true".
         Referencia principal "System.Net.Http, Version=10.0.0.0, Culture=neutral, PublicKeyToken=b03f5f7f11d50a3a".
             La ruta de acceso del archivo resuelta es "C:\Program Files\dotnet\packs\Microsoft.NETCore.App.Ref\10.0.2\ref\net10.0\System.Net.Http.dll".
             Se encontró una referencia en la ubicación de ruta de acceso de búsqueda "{RawFileName}".
             Esta referencia no es "CopyLocal" porque existe al menos un elemento de origen con "Private" establecido en "false" y ningún elemento de origen con "Private" establecido en "true".
         Referencia principal "System.Net.HttpListener, Version=10.0.0.0, Culture=neutral, PublicKeyToken=cc7b13ffcd2ddd51".
             La ruta de acceso del archivo resuelta es "C:\Program Files\dotnet\packs\Microsoft.NETCore.App.Ref\10.0.2\ref\net10.0\System.Net.HttpListener.dll".
             Se encontró una referencia en la ubicación de ruta de acceso de búsqueda "{RawFileName}".
             Esta referencia no es "CopyLocal" porque existe al menos un elemento de origen con "Private" establecido en "false" y ningún elemento de origen con "Private" establecido en "true".
         Referencia principal "System.Net.Mail, Version=10.0.0.0, Culture=neutral, PublicKeyToken=cc7b13ffcd2ddd51".
             La ruta de acceso del archivo resuelta es "C:\Program Files\dotnet\packs\Microsoft.NETCore.App.Ref\10.0.2\ref\net10.0\System.Net.Mail.dll".
             Se encontró una referencia en la ubicación de ruta de acceso de búsqueda "{RawFileName}".
             Esta referencia no es "CopyLocal" porque existe al menos un elemento de origen con "Private" establecido en "false" y ningún elemento de origen con "Private" establecido en "true".
         Referencia principal "System.Net.NameResolution, Version=10.0.0.0, Culture=neutral, PublicKeyToken=b03f5f7f11d50a3a".
             La ruta de acceso del archivo resuelta es "C:\Program Files\dotnet\packs\Microsoft.NETCore.App.Ref\10.0.2\ref\net10.0\System.Net.NameResolution.dll".
             Se encontró una referencia en la ubicación de ruta de acceso de búsqueda "{RawFileName}".
             Esta referencia no es "CopyLocal" porque existe al menos un elemento de origen con "Private" establecido en "false" y ningún elemento de origen con "Private" establecido en "true".
         Referencia principal "System.Net.NetworkInformation, Version=10.0.0.0, Culture=neutral, PublicKeyToken=b03f5f7f11d50a3a".
             La ruta de acceso del archivo resuelta es "C:\Program Files\dotnet\packs\Microsoft.NETCore.App.Ref\10.0.2\ref\net10.0\System.Net.NetworkInformation.dll".
             Se encontró una referencia en la ubicación de ruta de acceso de búsqueda "{RawFileName}".
             Esta referencia no es "CopyLocal" porque existe al menos un elemento de origen con "Private" establecido en "false" y ningún elemento de origen con "Private" establecido en "true".
         Referencia principal "System.Net.Ping, Version=10.0.0.0, Culture=neutral, PublicKeyToken=b03f5f7f11d50a3a".
             La ruta de acceso del archivo resuelta es "C:\Program Files\dotnet\packs\Microsoft.NETCore.App.Ref\10.0.2\ref\net10.0\System.Net.Ping.dll".
             Se encontró una referencia en la ubicación de ruta de acceso de búsqueda "{RawFileName}".
             Esta referencia no es "CopyLocal" porque existe al menos un elemento de origen con "Private" establecido en "false" y ningún elemento de origen con "Private" establecido en "true".
         Referencia principal "System.Net.Primitives, Version=10.0.0.0, Culture=neutral, PublicKeyToken=b03f5f7f11d50a3a".
             La ruta de acceso del archivo resuelta es "C:\Program Files\dotnet\packs\Microsoft.NETCore.App.Ref\10.0.2\ref\net10.0\System.Net.Primitives.dll".
             Se encontró una referencia en la ubicación de ruta de acceso de búsqueda "{RawFileName}".
             Esta referencia no es "CopyLocal" porque existe al menos un elemento de origen con "Private" establecido en "false" y ningún elemento de origen con "Private" establecido en "true".
         Referencia principal "System.Net.Quic, Version=10.0.0.0, Culture=neutral, PublicKeyToken=b03f5f7f11d50a3a".
             La ruta de acceso del archivo resuelta es "C:\Program Files\dotnet\packs\Microsoft.NETCore.App.Ref\10.0.2\ref\net10.0\System.Net.Quic.dll".
             Se encontró una referencia en la ubicación de ruta de acceso de búsqueda "{RawFileName}".
             Esta referencia no es "CopyLocal" porque existe al menos un elemento de origen con "Private" establecido en "false" y ningún elemento de origen con "Private" establecido en "true".
         Referencia principal "System.Net.Requests, Version=10.0.0.0, Culture=neutral, PublicKeyToken=b03f5f7f11d50a3a".
             La ruta de acceso del archivo resuelta es "C:\Program Files\dotnet\packs\Microsoft.NETCore.App.Ref\10.0.2\ref\net10.0\System.Net.Requests.dll".
             Se encontró una referencia en la ubicación de ruta de acceso de búsqueda "{RawFileName}".
             Esta referencia no es "CopyLocal" porque existe al menos un elemento de origen con "Private" establecido en "false" y ningún elemento de origen con "Private" establecido en "true".
         Referencia principal "System.Net.Security, Version=10.0.0.0, Culture=neutral, PublicKeyToken=b03f5f7f11d50a3a".
             La ruta de acceso del archivo resuelta es "C:\Program Files\dotnet\packs\Microsoft.NETCore.App.Ref\10.0.2\ref\net10.0\System.Net.Security.dll".
             Se encontró una referencia en la ubicación de ruta de acceso de búsqueda "{RawFileName}".
             Esta referencia no es "CopyLocal" porque existe al menos un elemento de origen con "Private" establecido en "false" y ningún elemento de origen con "Private" establecido en "true".
         Referencia principal "System.Net.ServerSentEvents, Version=10.0.0.0, Culture=neutral, PublicKeyToken=cc7b13ffcd2ddd51".
             La ruta de acceso del archivo resuelta es "C:\Program Files\dotnet\packs\Microsoft.NETCore.App.Ref\10.0.2\ref\net10.0\System.Net.ServerSentEvents.dll".
             Se encontró una referencia en la ubicación de ruta de acceso de búsqueda "{RawFileName}".
             Esta referencia no es "CopyLocal" porque existe al menos un elemento de origen con "Private" establecido en "false" y ningún elemento de origen con "Private" establecido en "true".
         Referencia principal "System.Net.ServicePoint, Version=10.0.0.0, Culture=neutral, PublicKeyToken=cc7b13ffcd2ddd51".
             La ruta de acceso del archivo resuelta es "C:\Program Files\dotnet\packs\Microsoft.NETCore.App.Ref\10.0.2\ref\net10.0\System.Net.ServicePoint.dll".
             Se encontró una referencia en la ubicación de ruta de acceso de búsqueda "{RawFileName}".
             Esta referencia no es "CopyLocal" porque existe al menos un elemento de origen con "Private" establecido en "false" y ningún elemento de origen con "Private" establecido en "true".
         Referencia principal "System.Net.Sockets, Version=10.0.0.0, Culture=neutral, PublicKeyToken=b03f5f7f11d50a3a".
             La ruta de acceso del archivo resuelta es "C:\Program Files\dotnet\packs\Microsoft.NETCore.App.Ref\10.0.2\ref\net10.0\System.Net.Sockets.dll".
             Se encontró una referencia en la ubicación de ruta de acceso de búsqueda "{RawFileName}".
             Esta referencia no es "CopyLocal" porque existe al menos un elemento de origen con "Private" establecido en "false" y ningún elemento de origen con "Private" establecido en "true".
         Referencia principal "System.Net.WebClient, Version=10.0.0.0, Culture=neutral, PublicKeyToken=cc7b13ffcd2ddd51".
             La ruta de acceso del archivo resuelta es "C:\Program Files\dotnet\packs\Microsoft.NETCore.App.Ref\10.0.2\ref\net10.0\System.Net.WebClient.dll".
             Se encontró una referencia en la ubicación de ruta de acceso de búsqueda "{RawFileName}".
             Esta referencia no es "CopyLocal" porque existe al menos un elemento de origen con "Private" establecido en "false" y ningún elemento de origen con "Private" establecido en "true".
         Referencia principal "System.Net.WebHeaderCollection, Version=10.0.0.0, Culture=neutral, PublicKeyToken=b03f5f7f11d50a3a".
             La ruta de acceso del archivo resuelta es "C:\Program Files\dotnet\packs\Microsoft.NETCore.App.Ref\10.0.2\ref\net10.0\System.Net.WebHeaderCollection.dll".
             Se encontró una referencia en la ubicación de ruta de acceso de búsqueda "{RawFileName}".
             Esta referencia no es "CopyLocal" porque existe al menos un elemento de origen con "Private" establecido en "false" y ningún elemento de origen con "Private" establecido en "true".
         Referencia principal "System.Net.WebProxy, Version=10.0.0.0, Culture=neutral, PublicKeyToken=cc7b13ffcd2ddd51".
             La ruta de acceso del archivo resuelta es "C:\Program Files\dotnet\packs\Microsoft.NETCore.App.Ref\10.0.2\ref\net10.0\System.Net.WebProxy.dll".
             Se encontró una referencia en la ubicación de ruta de acceso de búsqueda "{RawFileName}".
             Esta referencia no es "CopyLocal" porque existe al menos un elemento de origen con "Private" establecido en "false" y ningún elemento de origen con "Private" establecido en "true".
         Referencia principal "System.Net.WebSockets.Client, Version=10.0.0.0, Culture=neutral, PublicKeyToken=b03f5f7f11d50a3a".
             La ruta de acceso del archivo resuelta es "C:\Program Files\dotnet\packs\Microsoft.NETCore.App.Ref\10.0.2\ref\net10.0\System.Net.WebSockets.Client.dll".
             Se encontró una referencia en la ubicación de ruta de acceso de búsqueda "{RawFileName}".
             Esta referencia no es "CopyLocal" porque existe al menos un elemento de origen con "Private" establecido en "false" y ningún elemento de origen con "Private" establecido en "true".
         Referencia principal "System.Net.WebSockets, Version=10.0.0.0, Culture=neutral, PublicKeyToken=b03f5f7f11d50a3a".
             La ruta de acceso del archivo resuelta es "C:\Program Files\dotnet\packs\Microsoft.NETCore.App.Ref\10.0.2\ref\net10.0\System.Net.WebSockets.dll".
             Se encontró una referencia en la ubicación de ruta de acceso de búsqueda "{RawFileName}".
             Esta referencia no es "CopyLocal" porque existe al menos un elemento de origen con "Private" establecido en "false" y ningún elemento de origen con "Private" establecido en "true".
         Referencia principal "System.Net, Version=4.0.0.0, Culture=neutral, PublicKeyToken=b03f5f7f11d50a3a".
             La ruta de acceso del archivo resuelta es "C:\Program Files\dotnet\packs\Microsoft.NETCore.App.Ref\10.0.2\ref\net10.0\System.Net.dll".
             Se encontró una referencia en la ubicación de ruta de acceso de búsqueda "{RawFileName}".
             Esta referencia no es "CopyLocal" porque existe al menos un elemento de origen con "Private" establecido en "false" y ningún elemento de origen con "Private" establecido en "true".
         Referencia principal "System.Numerics.Vectors, Version=10.0.0.0, Culture=neutral, PublicKeyToken=b03f5f7f11d50a3a".
             La ruta de acceso del archivo resuelta es "C:\Program Files\dotnet\packs\Microsoft.NETCore.App.Ref\10.0.2\ref\net10.0\System.Numerics.Vectors.dll".
             Se encontró una referencia en la ubicación de ruta de acceso de búsqueda "{RawFileName}".
             Esta referencia no es "CopyLocal" porque existe al menos un elemento de origen con "Private" establecido en "false" y ningún elemento de origen con "Private" establecido en "true".
         Referencia principal "System.Numerics, Version=4.0.0.0, Culture=neutral, PublicKeyToken=b77a5c561934e089".
             La ruta de acceso del archivo resuelta es "C:\Program Files\dotnet\packs\Microsoft.NETCore.App.Ref\10.0.2\ref\net10.0\System.Numerics.dll".
             Se encontró una referencia en la ubicación de ruta de acceso de búsqueda "{RawFileName}".
             Esta referencia no es "CopyLocal" porque existe al menos un elemento de origen con "Private" establecido en "false" y ningún elemento de origen con "Private" establecido en "true".
         Referencia principal "System.ObjectModel, Version=10.0.0.0, Culture=neutral, PublicKeyToken=b03f5f7f11d50a3a".
             La ruta de acceso del archivo resuelta es "C:\Program Files\dotnet\packs\Microsoft.NETCore.App.Ref\10.0.2\ref\net10.0\System.ObjectModel.dll".
             Se encontró una referencia en la ubicación de ruta de acceso de búsqueda "{RawFileName}".
             Esta referencia no es "CopyLocal" porque existe al menos un elemento de origen con "Private" establecido en "false" y ningún elemento de origen con "Private" establecido en "true".
         Referencia principal "System.Reflection.DispatchProxy, Version=10.0.0.0, Culture=neutral, PublicKeyToken=b03f5f7f11d50a3a".
             La ruta de acceso del archivo resuelta es "C:\Program Files\dotnet\packs\Microsoft.NETCore.App.Ref\10.0.2\ref\net10.0\System.Reflection.DispatchProxy.dll".
             Se encontró una referencia en la ubicación de ruta de acceso de búsqueda "{RawFileName}".
             Esta referencia no es "CopyLocal" porque existe al menos un elemento de origen con "Private" establecido en "false" y ningún elemento de origen con "Private" establecido en "true".
         Referencia principal "System.Reflection.Emit.ILGeneration, Version=10.0.0.0, Culture=neutral, PublicKeyToken=b03f5f7f11d50a3a".
             La ruta de acceso del archivo resuelta es "C:\Program Files\dotnet\packs\Microsoft.NETCore.App.Ref\10.0.2\ref\net10.0\System.Reflection.Emit.ILGeneration.dll".
             Se encontró una referencia en la ubicación de ruta de acceso de búsqueda "{RawFileName}".
             Esta referencia no es "CopyLocal" porque existe al menos un elemento de origen con "Private" establecido en "false" y ningún elemento de origen con "Private" establecido en "true".
         Referencia principal "System.Reflection.Emit.Lightweight, Version=10.0.0.0, Culture=neutral, PublicKeyToken=b03f5f7f11d50a3a".
             La ruta de acceso del archivo resuelta es "C:\Program Files\dotnet\packs\Microsoft.NETCore.App.Ref\10.0.2\ref\net10.0\System.Reflection.Emit.Lightweight.dll".
             Se encontró una referencia en la ubicación de ruta de acceso de búsqueda "{RawFileName}".
             Esta referencia no es "CopyLocal" porque existe al menos un elemento de origen con "Private" establecido en "false" y ningún elemento de origen con "Private" establecido en "true".
         Referencia principal "System.Reflection.Emit, Version=10.0.0.0, Culture=neutral, PublicKeyToken=b03f5f7f11d50a3a".
             La ruta de acceso del archivo resuelta es "C:\Program Files\dotnet\packs\Microsoft.NETCore.App.Ref\10.0.2\ref\net10.0\System.Reflection.Emit.dll".
             Se encontró una referencia en la ubicación de ruta de acceso de búsqueda "{RawFileName}".
             Esta referencia no es "CopyLocal" porque existe al menos un elemento de origen con "Private" establecido en "false" y ningún elemento de origen con "Private" establecido en "true".
         Referencia principal "System.Reflection.Extensions, Version=10.0.0.0, Culture=neutral, PublicKeyToken=b03f5f7f11d50a3a".
             La ruta de acceso del archivo resuelta es "C:\Program Files\dotnet\packs\Microsoft.NETCore.App.Ref\10.0.2\ref\net10.0\System.Reflection.Extensions.dll".
             Se encontró una referencia en la ubicación de ruta de acceso de búsqueda "{RawFileName}".
             Esta referencia no es "CopyLocal" porque existe al menos un elemento de origen con "Private" establecido en "false" y ningún elemento de origen con "Private" establecido en "true".
         Referencia principal "System.Reflection.Metadata, Version=10.0.0.0, Culture=neutral, PublicKeyToken=b03f5f7f11d50a3a".
             La ruta de acceso del archivo resuelta es "C:\Program Files\dotnet\packs\Microsoft.NETCore.App.Ref\10.0.2\ref\net10.0\System.Reflection.Metadata.dll".
             Se encontró una referencia en la ubicación de ruta de acceso de búsqueda "{RawFileName}".
             Esta referencia no es "CopyLocal" porque existe al menos un elemento de origen con "Private" establecido en "false" y ningún elemento de origen con "Private" establecido en "true".
         Referencia principal "System.Reflection.Primitives, Version=10.0.0.0, Culture=neutral, PublicKeyToken=b03f5f7f11d50a3a".
             La ruta de acceso del archivo resuelta es "C:\Program Files\dotnet\packs\Microsoft.NETCore.App.Ref\10.0.2\ref\net10.0\System.Reflection.Primitives.dll".
             Se encontró una referencia en la ubicación de ruta de acceso de búsqueda "{RawFileName}".
             Esta referencia no es "CopyLocal" porque existe al menos un elemento de origen con "Private" establecido en "false" y ningún elemento de origen con "Private" establecido en "true".
         Referencia principal "System.Reflection.TypeExtensions, Version=10.0.0.0, Culture=neutral, PublicKeyToken=b03f5f7f11d50a3a".
             La ruta de acceso del archivo resuelta es "C:\Program Files\dotnet\packs\Microsoft.NETCore.App.Ref\10.0.2\ref\net10.0\System.Reflection.TypeExtensions.dll".
             Se encontró una referencia en la ubicación de ruta de acceso de búsqueda "{RawFileName}".
             Esta referencia no es "CopyLocal" porque existe al menos un elemento de origen con "Private" establecido en "false" y ningún elemento de origen con "Private" establecido en "true".
         Referencia principal "System.Reflection, Version=10.0.0.0, Culture=neutral, PublicKeyToken=b03f5f7f11d50a3a".
             La ruta de acceso del archivo resuelta es "C:\Program Files\dotnet\packs\Microsoft.NETCore.App.Ref\10.0.2\ref\net10.0\System.Reflection.dll".
             Se encontró una referencia en la ubicación de ruta de acceso de búsqueda "{RawFileName}".
             Esta referencia no es "CopyLocal" porque existe al menos un elemento de origen con "Private" establecido en "false" y ningún elemento de origen con "Private" establecido en "true".
         Referencia principal "System.Resources.Reader, Version=10.0.0.0, Culture=neutral, PublicKeyToken=b03f5f7f11d50a3a".
             La ruta de acceso del archivo resuelta es "C:\Program Files\dotnet\packs\Microsoft.NETCore.App.Ref\10.0.2\ref\net10.0\System.Resources.Reader.dll".
             Se encontró una referencia en la ubicación de ruta de acceso de búsqueda "{RawFileName}".
             Esta referencia no es "CopyLocal" porque existe al menos un elemento de origen con "Private" establecido en "false" y ningún elemento de origen con "Private" establecido en "true".
         Referencia principal "System.Resources.ResourceManager, Version=10.0.0.0, Culture=neutral, PublicKeyToken=b03f5f7f11d50a3a".
             La ruta de acceso del archivo resuelta es "C:\Program Files\dotnet\packs\Microsoft.NETCore.App.Ref\10.0.2\ref\net10.0\System.Resources.ResourceManager.dll".
             Se encontró una referencia en la ubicación de ruta de acceso de búsqueda "{RawFileName}".
             Esta referencia no es "CopyLocal" porque existe al menos un elemento de origen con "Private" establecido en "false" y ningún elemento de origen con "Private" establecido en "true".
         Referencia principal "System.Resources.Writer, Version=10.0.0.0, Culture=neutral, PublicKeyToken=b03f5f7f11d50a3a".
             La ruta de acceso del archivo resuelta es "C:\Program Files\dotnet\packs\Microsoft.NETCore.App.Ref\10.0.2\ref\net10.0\System.Resources.Writer.dll".
             Se encontró una referencia en la ubicación de ruta de acceso de búsqueda "{RawFileName}".
             Esta referencia no es "CopyLocal" porque existe al menos un elemento de origen con "Private" establecido en "false" y ningún elemento de origen con "Private" establecido en "true".
         Referencia principal "System.Runtime.CompilerServices.Unsafe, Version=10.0.0.0, Culture=neutral, PublicKeyToken=b03f5f7f11d50a3a".
             La ruta de acceso del archivo resuelta es "C:\Program Files\dotnet\packs\Microsoft.NETCore.App.Ref\10.0.2\ref\net10.0\System.Runtime.CompilerServices.Unsafe.dll".
             Se encontró una referencia en la ubicación de ruta de acceso de búsqueda "{RawFileName}".
             Esta referencia no es "CopyLocal" porque existe al menos un elemento de origen con "Private" establecido en "false" y ningún elemento de origen con "Private" establecido en "true".
         Referencia principal "System.Runtime.CompilerServices.VisualC, Version=10.0.0.0, Culture=neutral, PublicKeyToken=b03f5f7f11d50a3a".
             La ruta de acceso del archivo resuelta es "C:\Program Files\dotnet\packs\Microsoft.NETCore.App.Ref\10.0.2\ref\net10.0\System.Runtime.CompilerServices.VisualC.dll".
             Se encontró una referencia en la ubicación de ruta de acceso de búsqueda "{RawFileName}".
             Esta referencia no es "CopyLocal" porque existe al menos un elemento de origen con "Private" establecido en "false" y ningún elemento de origen con "Private" establecido en "true".
         Referencia principal "System.Runtime.Extensions, Version=10.0.0.0, Culture=neutral, PublicKeyToken=b03f5f7f11d50a3a".
             La ruta de acceso del archivo resuelta es "C:\Program Files\dotnet\packs\Microsoft.NETCore.App.Ref\10.0.2\ref\net10.0\System.Runtime.Extensions.dll".
             Se encontró una referencia en la ubicación de ruta de acceso de búsqueda "{RawFileName}".
             Esta referencia no es "CopyLocal" porque existe al menos un elemento de origen con "Private" establecido en "false" y ningún elemento de origen con "Private" establecido en "true".
         Referencia principal "System.Runtime.Handles, Version=10.0.0.0, Culture=neutral, PublicKeyToken=b03f5f7f11d50a3a".
             La ruta de acceso del archivo resuelta es "C:\Program Files\dotnet\packs\Microsoft.NETCore.App.Ref\10.0.2\ref\net10.0\System.Runtime.Handles.dll".
             Se encontró una referencia en la ubicación de ruta de acceso de búsqueda "{RawFileName}".
             Esta referencia no es "CopyLocal" porque existe al menos un elemento de origen con "Private" establecido en "false" y ningún elemento de origen con "Private" establecido en "true".
         Referencia principal "System.Runtime.InteropServices.JavaScript, Version=10.0.0.0, Culture=neutral, PublicKeyToken=b03f5f7f11d50a3a".
             La ruta de acceso del archivo resuelta es "C:\Program Files\dotnet\packs\Microsoft.NETCore.App.Ref\10.0.2\ref\net10.0\System.Runtime.InteropServices.JavaScript.dll".
             Se encontró una referencia en la ubicación de ruta de acceso de búsqueda "{RawFileName}".
             Esta referencia no es "CopyLocal" porque existe al menos un elemento de origen con "Private" establecido en "false" y ningún elemento de origen con "Private" establecido en "true".
         Referencia principal "System.Runtime.InteropServices.RuntimeInformation, Version=10.0.0.0, Culture=neutral, PublicKeyToken=b03f5f7f11d50a3a".
             La ruta de acceso del archivo resuelta es "C:\Program Files\dotnet\packs\Microsoft.NETCore.App.Ref\10.0.2\ref\net10.0\System.Runtime.InteropServices.RuntimeInformation.dll".
             Se encontró una referencia en la ubicación de ruta de acceso de búsqueda "{RawFileName}".
             Esta referencia no es "CopyLocal" porque existe al menos un elemento de origen con "Private" establecido en "false" y ningún elemento de origen con "Private" establecido en "true".
         Referencia principal "System.Runtime.InteropServices, Version=10.0.0.0, Culture=neutral, PublicKeyToken=b03f5f7f11d50a3a".
             La ruta de acceso del archivo resuelta es "C:\Program Files\dotnet\packs\Microsoft.NETCore.App.Ref\10.0.2\ref\net10.0\System.Runtime.InteropServices.dll".
             Se encontró una referencia en la ubicación de ruta de acceso de búsqueda "{RawFileName}".
             Esta referencia no es "CopyLocal" porque existe al menos un elemento de origen con "Private" establecido en "false" y ningún elemento de origen con "Private" establecido en "true".
         Referencia principal "System.Runtime.Intrinsics, Version=10.0.0.0, Culture=neutral, PublicKeyToken=cc7b13ffcd2ddd51".
             La ruta de acceso del archivo resuelta es "C:\Program Files\dotnet\packs\Microsoft.NETCore.App.Ref\10.0.2\ref\net10.0\System.Runtime.Intrinsics.dll".
             Se encontró una referencia en la ubicación de ruta de acceso de búsqueda "{RawFileName}".
             Esta referencia no es "CopyLocal" porque existe al menos un elemento de origen con "Private" establecido en "false" y ningún elemento de origen con "Private" establecido en "true".
         Referencia principal "System.Runtime.Loader, Version=10.0.0.0, Culture=neutral, PublicKeyToken=b03f5f7f11d50a3a".
             La ruta de acceso del archivo resuelta es "C:\Program Files\dotnet\packs\Microsoft.NETCore.App.Ref\10.0.2\ref\net10.0\System.Runtime.Loader.dll".
             Se encontró una referencia en la ubicación de ruta de acceso de búsqueda "{RawFileName}".
             Esta referencia no es "CopyLocal" porque existe al menos un elemento de origen con "Private" establecido en "false" y ningún elemento de origen con "Private" establecido en "true".
         Referencia principal "System.Runtime.Numerics, Version=10.0.0.0, Culture=neutral, PublicKeyToken=b03f5f7f11d50a3a".
             La ruta de acceso del archivo resuelta es "C:\Program Files\dotnet\packs\Microsoft.NETCore.App.Ref\10.0.2\ref\net10.0\System.Runtime.Numerics.dll".
             Se encontró una referencia en la ubicación de ruta de acceso de búsqueda "{RawFileName}".
             Esta referencia no es "CopyLocal" porque existe al menos un elemento de origen con "Private" establecido en "false" y ningún elemento de origen con "Private" establecido en "true".
         Referencia principal "System.Runtime.Serialization.Formatters, Version=8.1.0.0, Culture=neutral, PublicKeyToken=b03f5f7f11d50a3a".
             La ruta de acceso del archivo resuelta es "C:\Program Files\dotnet\packs\Microsoft.NETCore.App.Ref\10.0.2\ref\net10.0\System.Runtime.Serialization.Formatters.dll".
             Se encontró una referencia en la ubicación de ruta de acceso de búsqueda "{RawFileName}".
             Esta referencia no es "CopyLocal" porque existe al menos un elemento de origen con "Private" establecido en "false" y ningún elemento de origen con "Private" establecido en "true".
         Referencia principal "System.Runtime.Serialization.Json, Version=10.0.0.0, Culture=neutral, PublicKeyToken=b03f5f7f11d50a3a".
             La ruta de acceso del archivo resuelta es "C:\Program Files\dotnet\packs\Microsoft.NETCore.App.Ref\10.0.2\ref\net10.0\System.Runtime.Serialization.Json.dll".
             Se encontró una referencia en la ubicación de ruta de acceso de búsqueda "{RawFileName}".
             Esta referencia no es "CopyLocal" porque existe al menos un elemento de origen con "Private" establecido en "false" y ningún elemento de origen con "Private" establecido en "true".
         Referencia principal "System.Runtime.Serialization.Primitives, Version=10.0.0.0, Culture=neutral, PublicKeyToken=b03f5f7f11d50a3a".
             La ruta de acceso del archivo resuelta es "C:\Program Files\dotnet\packs\Microsoft.NETCore.App.Ref\10.0.2\ref\net10.0\System.Runtime.Serialization.Primitives.dll".
             Se encontró una referencia en la ubicación de ruta de acceso de búsqueda "{RawFileName}".
             Esta referencia no es "CopyLocal" porque existe al menos un elemento de origen con "Private" establecido en "false" y ningún elemento de origen con "Private" establecido en "true".
         Referencia principal "System.Runtime.Serialization.Xml, Version=10.0.0.0, Culture=neutral, PublicKeyToken=b03f5f7f11d50a3a".
             La ruta de acceso del archivo resuelta es "C:\Program Files\dotnet\packs\Microsoft.NETCore.App.Ref\10.0.2\ref\net10.0\System.Runtime.Serialization.Xml.dll".
             Se encontró una referencia en la ubicación de ruta de acceso de búsqueda "{RawFileName}".
             Esta referencia no es "CopyLocal" porque existe al menos un elemento de origen con "Private" establecido en "false" y ningún elemento de origen con "Private" establecido en "true".
         Referencia principal "System.Runtime.Serialization, Version=4.0.0.0, Culture=neutral, PublicKeyToken=b77a5c561934e089".
             La ruta de acceso del archivo resuelta es "C:\Program Files\dotnet\packs\Microsoft.NETCore.App.Ref\10.0.2\ref\net10.0\System.Runtime.Serialization.dll".
             Se encontró una referencia en la ubicación de ruta de acceso de búsqueda "{RawFileName}".
             Esta referencia no es "CopyLocal" porque existe al menos un elemento de origen con "Private" establecido en "false" y ningún elemento de origen con "Private" establecido en "true".
         Referencia principal "System.Runtime, Version=10.0.0.0, Culture=neutral, PublicKeyToken=b03f5f7f11d50a3a".
             La ruta de acceso del archivo resuelta es "C:\Program Files\dotnet\packs\Microsoft.NETCore.App.Ref\10.0.2\ref\net10.0\System.Runtime.dll".
             Se encontró una referencia en la ubicación de ruta de acceso de búsqueda "{RawFileName}".
             Esta referencia no es "CopyLocal" porque existe al menos un elemento de origen con "Private" establecido en "false" y ningún elemento de origen con "Private" establecido en "true".
         Referencia principal "System.Security.AccessControl, Version=10.0.0.0, Culture=neutral, PublicKeyToken=b03f5f7f11d50a3a".
             La ruta de acceso del archivo resuelta es "C:\Program Files\dotnet\packs\Microsoft.NETCore.App.Ref\10.0.2\ref\net10.0\System.Security.AccessControl.dll".
             Se encontró una referencia en la ubicación de ruta de acceso de búsqueda "{RawFileName}".
             Esta referencia no es "CopyLocal" porque existe al menos un elemento de origen con "Private" establecido en "false" y ningún elemento de origen con "Private" establecido en "true".
         Referencia principal "System.Security.Claims, Version=10.0.0.0, Culture=neutral, PublicKeyToken=b03f5f7f11d50a3a".
             La ruta de acceso del archivo resuelta es "C:\Program Files\dotnet\packs\Microsoft.NETCore.App.Ref\10.0.2\ref\net10.0\System.Security.Claims.dll".
             Se encontró una referencia en la ubicación de ruta de acceso de búsqueda "{RawFileName}".
             Esta referencia no es "CopyLocal" porque existe al menos un elemento de origen con "Private" establecido en "false" y ningún elemento de origen con "Private" establecido en "true".
         Referencia principal "System.Security.Cryptography.Algorithms, Version=10.0.0.0, Culture=neutral, PublicKeyToken=b03f5f7f11d50a3a".
             La ruta de acceso del archivo resuelta es "C:\Program Files\dotnet\packs\Microsoft.NETCore.App.Ref\10.0.2\ref\net10.0\System.Security.Cryptography.Algorithms.dll".
             Se encontró una referencia en la ubicación de ruta de acceso de búsqueda "{RawFileName}".
             Esta referencia no es "CopyLocal" porque existe al menos un elemento de origen con "Private" establecido en "false" y ningún elemento de origen con "Private" establecido en "true".
         Referencia principal "System.Security.Cryptography.Cng, Version=10.0.0.0, Culture=neutral, PublicKeyToken=b03f5f7f11d50a3a".
             La ruta de acceso del archivo resuelta es "C:\Program Files\dotnet\packs\Microsoft.NETCore.App.Ref\10.0.2\ref\net10.0\System.Security.Cryptography.Cng.dll".
             Se encontró una referencia en la ubicación de ruta de acceso de búsqueda "{RawFileName}".
             Esta referencia no es "CopyLocal" porque existe al menos un elemento de origen con "Private" establecido en "false" y ningún elemento de origen con "Private" establecido en "true".
         Referencia principal "System.Security.Cryptography.Csp, Version=10.0.0.0, Culture=neutral, PublicKeyToken=b03f5f7f11d50a3a".
             La ruta de acceso del archivo resuelta es "C:\Program Files\dotnet\packs\Microsoft.NETCore.App.Ref\10.0.2\ref\net10.0\System.Security.Cryptography.Csp.dll".
             Se encontró una referencia en la ubicación de ruta de acceso de búsqueda "{RawFileName}".
             Esta referencia no es "CopyLocal" porque existe al menos un elemento de origen con "Private" establecido en "false" y ningún elemento de origen con "Private" establecido en "true".
         Referencia principal "System.Security.Cryptography.Encoding, Version=10.0.0.0, Culture=neutral, PublicKeyToken=b03f5f7f11d50a3a".
             La ruta de acceso del archivo resuelta es "C:\Program Files\dotnet\packs\Microsoft.NETCore.App.Ref\10.0.2\ref\net10.0\System.Security.Cryptography.Encoding.dll".
             Se encontró una referencia en la ubicación de ruta de acceso de búsqueda "{RawFileName}".
             Esta referencia no es "CopyLocal" porque existe al menos un elemento de origen con "Private" establecido en "false" y ningún elemento de origen con "Private" establecido en "true".
         Referencia principal "System.Security.Cryptography.OpenSsl, Version=10.0.0.0, Culture=neutral, PublicKeyToken=b03f5f7f11d50a3a".
             La ruta de acceso del archivo resuelta es "C:\Program Files\dotnet\packs\Microsoft.NETCore.App.Ref\10.0.2\ref\net10.0\System.Security.Cryptography.OpenSsl.dll".
             Se encontró una referencia en la ubicación de ruta de acceso de búsqueda "{RawFileName}".
             Esta referencia no es "CopyLocal" porque existe al menos un elemento de origen con "Private" establecido en "false" y ningún elemento de origen con "Private" establecido en "true".
         Referencia principal "System.Security.Cryptography.Primitives, Version=10.0.0.0, Culture=neutral, PublicKeyToken=b03f5f7f11d50a3a".
             La ruta de acceso del archivo resuelta es "C:\Program Files\dotnet\packs\Microsoft.NETCore.App.Ref\10.0.2\ref\net10.0\System.Security.Cryptography.Primitives.dll".
             Se encontró una referencia en la ubicación de ruta de acceso de búsqueda "{RawFileName}".
             Esta referencia no es "CopyLocal" porque existe al menos un elemento de origen con "Private" establecido en "false" y ningún elemento de origen con "Private" establecido en "true".
         Referencia principal "System.Security.Cryptography.X509Certificates, Version=10.0.0.0, Culture=neutral, PublicKeyToken=b03f5f7f11d50a3a".
             La ruta de acceso del archivo resuelta es "C:\Program Files\dotnet\packs\Microsoft.NETCore.App.Ref\10.0.2\ref\net10.0\System.Security.Cryptography.X509Certificates.dll".
             Se encontró una referencia en la ubicación de ruta de acceso de búsqueda "{RawFileName}".
             Esta referencia no es "CopyLocal" porque existe al menos un elemento de origen con "Private" establecido en "false" y ningún elemento de origen con "Private" establecido en "true".
         Referencia principal "System.Security.Cryptography, Version=10.0.0.0, Culture=neutral, PublicKeyToken=b03f5f7f11d50a3a".
             La ruta de acceso del archivo resuelta es "C:\Program Files\dotnet\packs\Microsoft.NETCore.App.Ref\10.0.2\ref\net10.0\System.Security.Cryptography.dll".
             Se encontró una referencia en la ubicación de ruta de acceso de búsqueda "{RawFileName}".
             Esta referencia no es "CopyLocal" porque existe al menos un elemento de origen con "Private" establecido en "false" y ningún elemento de origen con "Private" establecido en "true".
         Referencia principal "System.Security.Principal.Windows, Version=10.0.0.0, Culture=neutral, PublicKeyToken=b03f5f7f11d50a3a".
             La ruta de acceso del archivo resuelta es "C:\Program Files\dotnet\packs\Microsoft.NETCore.App.Ref\10.0.2\ref\net10.0\System.Security.Principal.Windows.dll".
             Se encontró una referencia en la ubicación de ruta de acceso de búsqueda "{RawFileName}".
             Esta referencia no es "CopyLocal" porque existe al menos un elemento de origen con "Private" establecido en "false" y ningún elemento de origen con "Private" establecido en "true".
         Referencia principal "System.Security.Principal, Version=10.0.0.0, Culture=neutral, PublicKeyToken=b03f5f7f11d50a3a".
             La ruta de acceso del archivo resuelta es "C:\Program Files\dotnet\packs\Microsoft.NETCore.App.Ref\10.0.2\ref\net10.0\System.Security.Principal.dll".
             Se encontró una referencia en la ubicación de ruta de acceso de búsqueda "{RawFileName}".
             Esta referencia no es "CopyLocal" porque existe al menos un elemento de origen con "Private" establecido en "false" y ningún elemento de origen con "Private" establecido en "true".
         Referencia principal "System.Security.SecureString, Version=10.0.0.0, Culture=neutral, PublicKeyToken=b03f5f7f11d50a3a".
             La ruta de acceso del archivo resuelta es "C:\Program Files\dotnet\packs\Microsoft.NETCore.App.Ref\10.0.2\ref\net10.0\System.Security.SecureString.dll".
             Se encontró una referencia en la ubicación de ruta de acceso de búsqueda "{RawFileName}".
             Esta referencia no es "CopyLocal" porque existe al menos un elemento de origen con "Private" establecido en "false" y ningún elemento de origen con "Private" establecido en "true".
         Referencia principal "System.Security, Version=4.0.0.0, Culture=neutral, PublicKeyToken=b03f5f7f11d50a3a".
             La ruta de acceso del archivo resuelta es "C:\Program Files\dotnet\packs\Microsoft.NETCore.App.Ref\10.0.2\ref\net10.0\System.Security.dll".
             Se encontró una referencia en la ubicación de ruta de acceso de búsqueda "{RawFileName}".
             Esta referencia no es "CopyLocal" porque existe al menos un elemento de origen con "Private" establecido en "false" y ningún elemento de origen con "Private" establecido en "true".
         Referencia principal "System.ServiceModel.Web, Version=4.0.0.0, Culture=neutral, PublicKeyToken=31bf3856ad364e35".
             La ruta de acceso del archivo resuelta es "C:\Program Files\dotnet\packs\Microsoft.NETCore.App.Ref\10.0.2\ref\net10.0\System.ServiceModel.Web.dll".
             Se encontró una referencia en la ubicación de ruta de acceso de búsqueda "{RawFileName}".
             Esta referencia no es "CopyLocal" porque existe al menos un elemento de origen con "Private" establecido en "false" y ningún elemento de origen con "Private" establecido en "true".
         Referencia principal "System.ServiceProcess, Version=4.0.0.0, Culture=neutral, PublicKeyToken=b03f5f7f11d50a3a".
             La ruta de acceso del archivo resuelta es "C:\Program Files\dotnet\packs\Microsoft.NETCore.App.Ref\10.0.2\ref\net10.0\System.ServiceProcess.dll".
             Se encontró una referencia en la ubicación de ruta de acceso de búsqueda "{RawFileName}".
             Esta referencia no es "CopyLocal" porque existe al menos un elemento de origen con "Private" establecido en "false" y ningún elemento de origen con "Private" establecido en "true".
         Referencia principal "System.Text.Encoding.CodePages, Version=10.0.0.0, Culture=neutral, PublicKeyToken=b03f5f7f11d50a3a".
             La ruta de acceso del archivo resuelta es "C:\Program Files\dotnet\packs\Microsoft.NETCore.App.Ref\10.0.2\ref\net10.0\System.Text.Encoding.CodePages.dll".
             Se encontró una referencia en la ubicación de ruta de acceso de búsqueda "{RawFileName}".
             Esta referencia no es "CopyLocal" porque existe al menos un elemento de origen con "Private" establecido en "false" y ningún elemento de origen con "Private" establecido en "true".
         Referencia principal "System.Text.Encoding.Extensions, Version=10.0.0.0, Culture=neutral, PublicKeyToken=b03f5f7f11d50a3a".
             La ruta de acceso del archivo resuelta es "C:\Program Files\dotnet\packs\Microsoft.NETCore.App.Ref\10.0.2\ref\net10.0\System.Text.Encoding.Extensions.dll".
             Se encontró una referencia en la ubicación de ruta de acceso de búsqueda "{RawFileName}".
             Esta referencia no es "CopyLocal" porque existe al menos un elemento de origen con "Private" establecido en "false" y ningún elemento de origen con "Private" establecido en "true".
         Referencia principal "System.Text.Encoding, Version=10.0.0.0, Culture=neutral, PublicKeyToken=b03f5f7f11d50a3a".
             La ruta de acceso del archivo resuelta es "C:\Program Files\dotnet\packs\Microsoft.NETCore.App.Ref\10.0.2\ref\net10.0\System.Text.Encoding.dll".
             Se encontró una referencia en la ubicación de ruta de acceso de búsqueda "{RawFileName}".
             Esta referencia no es "CopyLocal" porque existe al menos un elemento de origen con "Private" establecido en "false" y ningún elemento de origen con "Private" establecido en "true".
         Referencia principal "System.Text.Encodings.Web, Version=10.0.0.0, Culture=neutral, PublicKeyToken=cc7b13ffcd2ddd51".
             La ruta de acceso del archivo resuelta es "C:\Program Files\dotnet\packs\Microsoft.NETCore.App.Ref\10.0.2\ref\net10.0\System.Text.Encodings.Web.dll".
             Se encontró una referencia en la ubicación de ruta de acceso de búsqueda "{RawFileName}".
             Esta referencia no es "CopyLocal" porque existe al menos un elemento de origen con "Private" establecido en "false" y ningún elemento de origen con "Private" establecido en "true".
         Referencia principal "System.Text.Json, Version=10.0.0.0, Culture=neutral, PublicKeyToken=cc7b13ffcd2ddd51".
             La ruta de acceso del archivo resuelta es "C:\Program Files\dotnet\packs\Microsoft.NETCore.App.Ref\10.0.2\ref\net10.0\System.Text.Json.dll".
             Se encontró una referencia en la ubicación de ruta de acceso de búsqueda "{RawFileName}".
             Esta referencia no es "CopyLocal" porque existe al menos un elemento de origen con "Private" establecido en "false" y ningún elemento de origen con "Private" establecido en "true".
         Referencia principal "System.Text.RegularExpressions, Version=10.0.0.0, Culture=neutral, PublicKeyToken=b03f5f7f11d50a3a".
             La ruta de acceso del archivo resuelta es "C:\Program Files\dotnet\packs\Microsoft.NETCore.App.Ref\10.0.2\ref\net10.0\System.Text.RegularExpressions.dll".
             Se encontró una referencia en la ubicación de ruta de acceso de búsqueda "{RawFileName}".
             Esta referencia no es "CopyLocal" porque existe al menos un elemento de origen con "Private" establecido en "false" y ningún elemento de origen con "Private" establecido en "true".
         Referencia principal "System.Threading.AccessControl, Version=10.0.0.0, Culture=neutral, PublicKeyToken=b03f5f7f11d50a3a".
             La ruta de acceso del archivo resuelta es "C:\Program Files\dotnet\packs\Microsoft.NETCore.App.Ref\10.0.2\ref\net10.0\System.Threading.AccessControl.dll".
             Se encontró una referencia en la ubicación de ruta de acceso de búsqueda "{RawFileName}".
             Esta referencia no es "CopyLocal" porque existe al menos un elemento de origen con "Private" establecido en "false" y ningún elemento de origen con "Private" establecido en "true".
         Referencia principal "System.Threading.Channels, Version=10.0.0.0, Culture=neutral, PublicKeyToken=cc7b13ffcd2ddd51".
             La ruta de acceso del archivo resuelta es "C:\Program Files\dotnet\packs\Microsoft.NETCore.App.Ref\10.0.2\ref\net10.0\System.Threading.Channels.dll".
             Se encontró una referencia en la ubicación de ruta de acceso de búsqueda "{RawFileName}".
             Esta referencia no es "CopyLocal" porque existe al menos un elemento de origen con "Private" establecido en "false" y ningún elemento de origen con "Private" establecido en "true".
         Referencia principal "System.Threading.Overlapped, Version=10.0.0.0, Culture=neutral, PublicKeyToken=b03f5f7f11d50a3a".
             La ruta de acceso del archivo resuelta es "C:\Program Files\dotnet\packs\Microsoft.NETCore.App.Ref\10.0.2\ref\net10.0\System.Threading.Overlapped.dll".
             Se encontró una referencia en la ubicación de ruta de acceso de búsqueda "{RawFileName}".
             Esta referencia no es "CopyLocal" porque existe al menos un elemento de origen con "Private" establecido en "false" y ningún elemento de origen con "Private" establecido en "true".
         Referencia principal "System.Threading.Tasks.Dataflow, Version=10.0.0.0, Culture=neutral, PublicKeyToken=b03f5f7f11d50a3a".
             La ruta de acceso del archivo resuelta es "C:\Program Files\dotnet\packs\Microsoft.NETCore.App.Ref\10.0.2\ref\net10.0\System.Threading.Tasks.Dataflow.dll".
             Se encontró una referencia en la ubicación de ruta de acceso de búsqueda "{RawFileName}".
             Esta referencia no es "CopyLocal" porque existe al menos un elemento de origen con "Private" establecido en "false" y ningún elemento de origen con "Private" establecido en "true".
         Referencia principal "System.Threading.Tasks.Extensions, Version=10.0.0.0, Culture=neutral, PublicKeyToken=cc7b13ffcd2ddd51".
             La ruta de acceso del archivo resuelta es "C:\Program Files\dotnet\packs\Microsoft.NETCore.App.Ref\10.0.2\ref\net10.0\System.Threading.Tasks.Extensions.dll".
             Se encontró una referencia en la ubicación de ruta de acceso de búsqueda "{RawFileName}".
             Esta referencia no es "CopyLocal" porque existe al menos un elemento de origen con "Private" establecido en "false" y ningún elemento de origen con "Private" establecido en "true".
         Referencia principal "System.Threading.Tasks.Parallel, Version=10.0.0.0, Culture=neutral, PublicKeyToken=b03f5f7f11d50a3a".
             La ruta de acceso del archivo resuelta es "C:\Program Files\dotnet\packs\Microsoft.NETCore.App.Ref\10.0.2\ref\net10.0\System.Threading.Tasks.Parallel.dll".
             Se encontró una referencia en la ubicación de ruta de acceso de búsqueda "{RawFileName}".
             Esta referencia no es "CopyLocal" porque existe al menos un elemento de origen con "Private" establecido en "false" y ningún elemento de origen con "Private" establecido en "true".
         Referencia principal "System.Threading.Tasks, Version=10.0.0.0, Culture=neutral, PublicKeyToken=b03f5f7f11d50a3a".
             La ruta de acceso del archivo resuelta es "C:\Program Files\dotnet\packs\Microsoft.NETCore.App.Ref\10.0.2\ref\net10.0\System.Threading.Tasks.dll".
             Se encontró una referencia en la ubicación de ruta de acceso de búsqueda "{RawFileName}".
             Esta referencia no es "CopyLocal" porque existe al menos un elemento de origen con "Private" establecido en "false" y ningún elemento de origen con "Private" establecido en "true".
         Referencia principal "System.Threading.Thread, Version=10.0.0.0, Culture=neutral, PublicKeyToken=b03f5f7f11d50a3a".
             La ruta de acceso del archivo resuelta es "C:\Program Files\dotnet\packs\Microsoft.NETCore.App.Ref\10.0.2\ref\net10.0\System.Threading.Thread.dll".
             Se encontró una referencia en la ubicación de ruta de acceso de búsqueda "{RawFileName}".
             Esta referencia no es "CopyLocal" porque existe al menos un elemento de origen con "Private" establecido en "false" y ningún elemento de origen con "Private" establecido en "true".
         Referencia principal "System.Threading.ThreadPool, Version=10.0.0.0, Culture=neutral, PublicKeyToken=b03f5f7f11d50a3a".
             La ruta de acceso del archivo resuelta es "C:\Program Files\dotnet\packs\Microsoft.NETCore.App.Ref\10.0.2\ref\net10.0\System.Threading.ThreadPool.dll".
             Se encontró una referencia en la ubicación de ruta de acceso de búsqueda "{RawFileName}".
             Esta referencia no es "CopyLocal" porque existe al menos un elemento de origen con "Private" establecido en "false" y ningún elemento de origen con "Private" establecido en "true".
         Referencia principal "System.Threading.Timer, Version=10.0.0.0, Culture=neutral, PublicKeyToken=b03f5f7f11d50a3a".
             La ruta de acceso del archivo resuelta es "C:\Program Files\dotnet\packs\Microsoft.NETCore.App.Ref\10.0.2\ref\net10.0\System.Threading.Timer.dll".
             Se encontró una referencia en la ubicación de ruta de acceso de búsqueda "{RawFileName}".
             Esta referencia no es "CopyLocal" porque existe al menos un elemento de origen con "Private" establecido en "false" y ningún elemento de origen con "Private" establecido en "true".
         Referencia principal "System.Threading, Version=10.0.0.0, Culture=neutral, PublicKeyToken=b03f5f7f11d50a3a".
             La ruta de acceso del archivo resuelta es "C:\Program Files\dotnet\packs\Microsoft.NETCore.App.Ref\10.0.2\ref\net10.0\System.Threading.dll".
             Se encontró una referencia en la ubicación de ruta de acceso de búsqueda "{RawFileName}".
             Esta referencia no es "CopyLocal" porque existe al menos un elemento de origen con "Private" establecido en "false" y ningún elemento de origen con "Private" establecido en "true".
         Referencia principal "System.Transactions.Local, Version=10.0.0.0, Culture=neutral, PublicKeyToken=cc7b13ffcd2ddd51".
             La ruta de acceso del archivo resuelta es "C:\Program Files\dotnet\packs\Microsoft.NETCore.App.Ref\10.0.2\ref\net10.0\System.Transactions.Local.dll".
             Se encontró una referencia en la ubicación de ruta de acceso de búsqueda "{RawFileName}".
             Esta referencia no es "CopyLocal" porque existe al menos un elemento de origen con "Private" establecido en "false" y ningún elemento de origen con "Private" establecido en "true".
         Referencia principal "System.Transactions, Version=4.0.0.0, Culture=neutral, PublicKeyToken=b77a5c561934e089".
             La ruta de acceso del archivo resuelta es "C:\Program Files\dotnet\packs\Microsoft.NETCore.App.Ref\10.0.2\ref\net10.0\System.Transactions.dll".
             Se encontró una referencia en la ubicación de ruta de acceso de búsqueda "{RawFileName}".
             Esta referencia no es "CopyLocal" porque existe al menos un elemento de origen con "Private" establecido en "false" y ningún elemento de origen con "Private" establecido en "true".
         Referencia principal "System.ValueTuple, Version=10.0.0.0, Culture=neutral, PublicKeyToken=cc7b13ffcd2ddd51".
             La ruta de acceso del archivo resuelta es "C:\Program Files\dotnet\packs\Microsoft.NETCore.App.Ref\10.0.2\ref\net10.0\System.ValueTuple.dll".
             Se encontró una referencia en la ubicación de ruta de acceso de búsqueda "{RawFileName}".
             Esta referencia no es "CopyLocal" porque existe al menos un elemento de origen con "Private" establecido en "false" y ningún elemento de origen con "Private" establecido en "true".
         Referencia principal "System.Web.HttpUtility, Version=10.0.0.0, Culture=neutral, PublicKeyToken=cc7b13ffcd2ddd51".
             La ruta de acceso del archivo resuelta es "C:\Program Files\dotnet\packs\Microsoft.NETCore.App.Ref\10.0.2\ref\net10.0\System.Web.HttpUtility.dll".
             Se encontró una referencia en la ubicación de ruta de acceso de búsqueda "{RawFileName}".
             Esta referencia no es "CopyLocal" porque existe al menos un elemento de origen con "Private" establecido en "false" y ningún elemento de origen con "Private" establecido en "true".
         Referencia principal "System.Web, Version=4.0.0.0, Culture=neutral, PublicKeyToken=b03f5f7f11d50a3a".
             La ruta de acceso del archivo resuelta es "C:\Program Files\dotnet\packs\Microsoft.NETCore.App.Ref\10.0.2\ref\net10.0\System.Web.dll".
             Se encontró una referencia en la ubicación de ruta de acceso de búsqueda "{RawFileName}".
             Esta referencia no es "CopyLocal" porque existe al menos un elemento de origen con "Private" establecido en "false" y ningún elemento de origen con "Private" establecido en "true".
         Referencia principal "System.Windows, Version=4.0.0.0, Culture=neutral, PublicKeyToken=b03f5f7f11d50a3a".
             La ruta de acceso del archivo resuelta es "C:\Program Files\dotnet\packs\Microsoft.NETCore.App.Ref\10.0.2\ref\net10.0\System.Windows.dll".
             Se encontró una referencia en la ubicación de ruta de acceso de búsqueda "{RawFileName}".
             Esta referencia no es "CopyLocal" porque existe al menos un elemento de origen con "Private" establecido en "false" y ningún elemento de origen con "Private" establecido en "true".
         Referencia principal "System.Xml.Linq, Version=4.0.0.0, Culture=neutral, PublicKeyToken=b77a5c561934e089".
             La ruta de acceso del archivo resuelta es "C:\Program Files\dotnet\packs\Microsoft.NETCore.App.Ref\10.0.2\ref\net10.0\System.Xml.Linq.dll".
             Se encontró una referencia en la ubicación de ruta de acceso de búsqueda "{RawFileName}".
             Esta referencia no es "CopyLocal" porque existe al menos un elemento de origen con "Private" establecido en "false" y ningún elemento de origen con "Private" establecido en "true".
         Referencia principal "System.Xml.ReaderWriter, Version=10.0.0.0, Culture=neutral, PublicKeyToken=b03f5f7f11d50a3a".
             La ruta de acceso del archivo resuelta es "C:\Program Files\dotnet\packs\Microsoft.NETCore.App.Ref\10.0.2\ref\net10.0\System.Xml.ReaderWriter.dll".
             Se encontró una referencia en la ubicación de ruta de acceso de búsqueda "{RawFileName}".
             Esta referencia no es "CopyLocal" porque existe al menos un elemento de origen con "Private" establecido en "false" y ningún elemento de origen con "Private" establecido en "true".
         Referencia principal "System.Xml.Serialization, Version=4.0.0.0, Culture=neutral, PublicKeyToken=b77a5c561934e089".
             La ruta de acceso del archivo resuelta es "C:\Program Files\dotnet\packs\Microsoft.NETCore.App.Ref\10.0.2\ref\net10.0\System.Xml.Serialization.dll".
             Se encontró una referencia en la ubicación de ruta de acceso de búsqueda "{RawFileName}".
             Esta referencia no es "CopyLocal" porque existe al menos un elemento de origen con "Private" establecido en "false" y ningún elemento de origen con "Private" establecido en "true".
         Referencia principal "System.Xml.XDocument, Version=10.0.0.0, Culture=neutral, PublicKeyToken=b03f5f7f11d50a3a".
             La ruta de acceso del archivo resuelta es "C:\Program Files\dotnet\packs\Microsoft.NETCore.App.Ref\10.0.2\ref\net10.0\System.Xml.XDocument.dll".
             Se encontró una referencia en la ubicación de ruta de acceso de búsqueda "{RawFileName}".
             Esta referencia no es "CopyLocal" porque existe al menos un elemento de origen con "Private" establecido en "false" y ningún elemento de origen con "Private" establecido en "true".
         Referencia principal "System.Xml.XPath.XDocument, Version=10.0.0.0, Culture=neutral, PublicKeyToken=b03f5f7f11d50a3a".
             La ruta de acceso del archivo resuelta es "C:\Program Files\dotnet\packs\Microsoft.NETCore.App.Ref\10.0.2\ref\net10.0\System.Xml.XPath.XDocument.dll".
             Se encontró una referencia en la ubicación de ruta de acceso de búsqueda "{RawFileName}".
             Esta referencia no es "CopyLocal" porque existe al menos un elemento de origen con "Private" establecido en "false" y ningún elemento de origen con "Private" establecido en "true".
         Referencia principal "System.Xml.XPath, Version=10.0.0.0, Culture=neutral, PublicKeyToken=b03f5f7f11d50a3a".
             La ruta de acceso del archivo resuelta es "C:\Program Files\dotnet\packs\Microsoft.NETCore.App.Ref\10.0.2\ref\net10.0\System.Xml.XPath.dll".
             Se encontró una referencia en la ubicación de ruta de acceso de búsqueda "{RawFileName}".
             Esta referencia no es "CopyLocal" porque existe al menos un elemento de origen con "Private" establecido en "false" y ningún elemento de origen con "Private" establecido en "true".
         Referencia principal "System.Xml.XmlDocument, Version=10.0.0.0, Culture=neutral, PublicKeyToken=b03f5f7f11d50a3a".
             La ruta de acceso del archivo resuelta es "C:\Program Files\dotnet\packs\Microsoft.NETCore.App.Ref\10.0.2\ref\net10.0\System.Xml.XmlDocument.dll".
             Se encontró una referencia en la ubicación de ruta de acceso de búsqueda "{RawFileName}".
             Esta referencia no es "CopyLocal" porque existe al menos un elemento de origen con "Private" establecido en "false" y ningún elemento de origen con "Private" establecido en "true".
         Referencia principal "System.Xml.XmlSerializer, Version=10.0.0.0, Culture=neutral, PublicKeyToken=b03f5f7f11d50a3a".
             La ruta de acceso del archivo resuelta es "C:\Program Files\dotnet\packs\Microsoft.NETCore.App.Ref\10.0.2\ref\net10.0\System.Xml.XmlSerializer.dll".
             Se encontró una referencia en la ubicación de ruta de acceso de búsqueda "{RawFileName}".
             Esta referencia no es "CopyLocal" porque existe al menos un elemento de origen con "Private" establecido en "false" y ningún elemento de origen con "Private" establecido en "true".
         Referencia principal "System.Xml, Version=4.0.0.0, Culture=neutral, PublicKeyToken=b77a5c561934e089".
             La ruta de acceso del archivo resuelta es "C:\Program Files\dotnet\packs\Microsoft.NETCore.App.Ref\10.0.2\ref\net10.0\System.Xml.dll".
             Se encontró una referencia en la ubicación de ruta de acceso de búsqueda "{RawFileName}".
             Esta referencia no es "CopyLocal" porque existe al menos un elemento de origen con "Private" establecido en "false" y ningún elemento de origen con "Private" establecido en "true".
         Referencia principal "System, Version=4.0.0.0, Culture=neutral, PublicKeyToken=b77a5c561934e089".
             La ruta de acceso del archivo resuelta es "C:\Program Files\dotnet\packs\Microsoft.NETCore.App.Ref\10.0.2\ref\net10.0\System.dll".
             Se encontró una referencia en la ubicación de ruta de acceso de búsqueda "{RawFileName}".
             Esta referencia no es "CopyLocal" porque existe al menos un elemento de origen con "Private" establecido en "false" y ningún elemento de origen con "Private" establecido en "true".
         Referencia principal "WindowsBase, Version=4.0.0.0, Culture=neutral, PublicKeyToken=31bf3856ad364e35".
             La ruta de acceso del archivo resuelta es "C:\Program Files\dotnet\packs\Microsoft.NETCore.App.Ref\10.0.2\ref\net10.0\WindowsBase.dll".
             Se encontró una referencia en la ubicación de ruta de acceso de búsqueda "{RawFileName}".
             Esta referencia no es "CopyLocal" porque existe al menos un elemento de origen con "Private" establecido en "false" y ningún elemento de origen con "Private" establecido en "true".
         Referencia principal "mscorlib, Version=4.0.0.0, Culture=neutral, PublicKeyToken=b77a5c561934e089".
             La ruta de acceso del archivo resuelta es "C:\Program Files\dotnet\packs\Microsoft.NETCore.App.Ref\10.0.2\ref\net10.0\mscorlib.dll".
             Se encontró una referencia en la ubicación de ruta de acceso de búsqueda "{RawFileName}".
             Esta referencia no es "CopyLocal" porque existe al menos un elemento de origen con "Private" establecido en "false" y ningún elemento de origen con "Private" establecido en "true".
         Referencia principal "netstandard, Version=2.1.0.0, Culture=neutral, PublicKeyToken=cc7b13ffcd2ddd51".
             La ruta de acceso del archivo resuelta es "C:\Program Files\dotnet\packs\Microsoft.NETCore.App.Ref\10.0.2\ref\net10.0\netstandard.dll".
             Se encontró una referencia en la ubicación de ruta de acceso de búsqueda "{RawFileName}".
             Esta referencia no es "CopyLocal" porque existe al menos un elemento de origen con "Private" establecido en "false" y ningún elemento de origen con "Private" establecido en "true".
         Referencia principal "Accessibility, Version=4.0.0.0, Culture=neutral, PublicKeyToken=31bf3856ad364e35".
             La ruta de acceso del archivo resuelta es "C:\Program Files\dotnet\packs\Microsoft.WindowsDesktop.App.Ref\10.0.2\ref\net10.0\Accessibility.dll".
             Se encontró una referencia en la ubicación de ruta de acceso de búsqueda "{RawFileName}".
             Esta referencia no es "CopyLocal" porque existe al menos un elemento de origen con "Private" establecido en "false" y ningún elemento de origen con "Private" establecido en "true".
         Referencia principal "Microsoft.VisualBasic.Forms, Version=10.0.0.0, Culture=neutral, PublicKeyToken=b03f5f7f11d50a3a".
             La ruta de acceso del archivo resuelta es "C:\Program Files\dotnet\packs\Microsoft.WindowsDesktop.App.Ref\10.0.2\ref\net10.0\Microsoft.VisualBasic.Forms.dll".
             Se encontró una referencia en la ubicación de ruta de acceso de búsqueda "{RawFileName}".
             Esta referencia no es "CopyLocal" porque existe al menos un elemento de origen con "Private" establecido en "false" y ningún elemento de origen con "Private" establecido en "true".
         Referencia principal "Microsoft.VisualBasic, Version=10.1.0.0, Culture=neutral, PublicKeyToken=b03f5f7f11d50a3a".
             La ruta de acceso del archivo resuelta es "C:\Program Files\dotnet\packs\Microsoft.WindowsDesktop.App.Ref\10.0.2\ref\net10.0\Microsoft.VisualBasic.dll".
             Se encontró una referencia en la ubicación de ruta de acceso de búsqueda "{RawFileName}".
             Esta referencia no es "CopyLocal" porque existe al menos un elemento de origen con "Private" establecido en "false" y ningún elemento de origen con "Private" establecido en "true".
         Referencia principal "Microsoft.Win32.Registry.AccessControl, Version=10.0.0.0, Culture=neutral, PublicKeyToken=b03f5f7f11d50a3a".
             La ruta de acceso del archivo resuelta es "C:\Program Files\dotnet\packs\Microsoft.WindowsDesktop.App.Ref\10.0.2\ref\net10.0\Microsoft.Win32.Registry.AccessControl.dll".
             Se encontró una referencia en la ubicación de ruta de acceso de búsqueda "{RawFileName}".
             Esta referencia no es "CopyLocal" porque existe al menos un elemento de origen con "Private" establecido en "false" y ningún elemento de origen con "Private" establecido en "true".
         Referencia principal "Microsoft.Win32.SystemEvents, Version=10.0.0.0, Culture=neutral, PublicKeyToken=cc7b13ffcd2ddd51".
             La ruta de acceso del archivo resuelta es "C:\Program Files\dotnet\packs\Microsoft.WindowsDesktop.App.Ref\10.0.2\ref\net10.0\Microsoft.Win32.SystemEvents.dll".
             Se encontró una referencia en la ubicación de ruta de acceso de búsqueda "{RawFileName}".
             Esta referencia no es "CopyLocal" porque existe al menos un elemento de origen con "Private" establecido en "false" y ningún elemento de origen con "Private" establecido en "true".
         Referencia principal "System.CodeDom, Version=10.0.0.0, Culture=neutral, PublicKeyToken=cc7b13ffcd2ddd51".
             La ruta de acceso del archivo resuelta es "C:\Program Files\dotnet\packs\Microsoft.WindowsDesktop.App.Ref\10.0.2\ref\net10.0\System.CodeDom.dll".
             Se encontró una referencia en la ubicación de ruta de acceso de búsqueda "{RawFileName}".
             Esta referencia no es "CopyLocal" porque existe al menos un elemento de origen con "Private" establecido en "false" y ningún elemento de origen con "Private" establecido en "true".
         Referencia principal "System.Configuration.ConfigurationManager, Version=10.0.0.0, Culture=neutral, PublicKeyToken=cc7b13ffcd2ddd51".
             La ruta de acceso del archivo resuelta es "C:\Program Files\dotnet\packs\Microsoft.WindowsDesktop.App.Ref\10.0.2\ref\net10.0\System.Configuration.ConfigurationManager.dll".
             Se encontró una referencia en la ubicación de ruta de acceso de búsqueda "{RawFileName}".
             Esta referencia no es "CopyLocal" porque existe al menos un elemento de origen con "Private" establecido en "false" y ningún elemento de origen con "Private" establecido en "true".
         Referencia principal "System.Design, Version=10.0.0.0, Culture=neutral, PublicKeyToken=b03f5f7f11d50a3a".
             La ruta de acceso del archivo resuelta es "C:\Program Files\dotnet\packs\Microsoft.WindowsDesktop.App.Ref\10.0.2\ref\net10.0\System.Design.dll".
             Se encontró una referencia en la ubicación de ruta de acceso de búsqueda "{RawFileName}".
             Esta referencia no es "CopyLocal" porque existe al menos un elemento de origen con "Private" establecido en "false" y ningún elemento de origen con "Private" establecido en "true".
         Referencia principal "System.Diagnostics.EventLog, Version=10.0.0.0, Culture=neutral, PublicKeyToken=cc7b13ffcd2ddd51".
             La ruta de acceso del archivo resuelta es "C:\Program Files\dotnet\packs\Microsoft.WindowsDesktop.App.Ref\10.0.2\ref\net10.0\System.Diagnostics.EventLog.dll".
             Se encontró una referencia en la ubicación de ruta de acceso de búsqueda "{RawFileName}".
             Esta referencia no es "CopyLocal" porque existe al menos un elemento de origen con "Private" establecido en "false" y ningún elemento de origen con "Private" establecido en "true".
         Referencia principal "System.Diagnostics.PerformanceCounter, Version=10.0.0.0, Culture=neutral, PublicKeyToken=cc7b13ffcd2ddd51".
             La ruta de acceso del archivo resuelta es "C:\Program Files\dotnet\packs\Microsoft.WindowsDesktop.App.Ref\10.0.2\ref\net10.0\System.Diagnostics.PerformanceCounter.dll".
             Se encontró una referencia en la ubicación de ruta de acceso de búsqueda "{RawFileName}".
             Esta referencia no es "CopyLocal" porque existe al menos un elemento de origen con "Private" establecido en "false" y ningún elemento de origen con "Private" establecido en "true".
         Referencia principal "System.DirectoryServices, Version=10.0.0.0, Culture=neutral, PublicKeyToken=b03f5f7f11d50a3a".
             La ruta de acceso del archivo resuelta es "C:\Program Files\dotnet\packs\Microsoft.WindowsDesktop.App.Ref\10.0.2\ref\net10.0\System.DirectoryServices.dll".
             Se encontró una referencia en la ubicación de ruta de acceso de búsqueda "{RawFileName}".
             Esta referencia no es "CopyLocal" porque existe al menos un elemento de origen con "Private" establecido en "false" y ningún elemento de origen con "Private" establecido en "true".
         Referencia principal "System.Drawing.Common, Version=10.0.0.0, Culture=neutral, PublicKeyToken=cc7b13ffcd2ddd51".
             La ruta de acceso del archivo resuelta es "C:\Program Files\dotnet\packs\Microsoft.WindowsDesktop.App.Ref\10.0.2\ref\net10.0\System.Drawing.Common.dll".
             Se encontró una referencia en la ubicación de ruta de acceso de búsqueda "{RawFileName}".
             Esta referencia no es "CopyLocal" porque existe al menos un elemento de origen con "Private" establecido en "false" y ningún elemento de origen con "Private" establecido en "true".
         Referencia principal "System.Drawing.Design, Version=10.0.0.0, Culture=neutral, PublicKeyToken=b03f5f7f11d50a3a".
             La ruta de acceso del archivo resuelta es "C:\Program Files\dotnet\packs\Microsoft.WindowsDesktop.App.Ref\10.0.2\ref\net10.0\System.Drawing.Design.dll".
             Se encontró una referencia en la ubicación de ruta de acceso de búsqueda "{RawFileName}".
             Esta referencia no es "CopyLocal" porque existe al menos un elemento de origen con "Private" establecido en "false" y ningún elemento de origen con "Private" establecido en "true".
         Referencia principal "System.Drawing, Version=10.0.0.0, Culture=neutral, PublicKeyToken=b03f5f7f11d50a3a".
             La ruta de acceso del archivo resuelta es "C:\Program Files\dotnet\packs\Microsoft.WindowsDesktop.App.Ref\10.0.2\ref\net10.0\System.Drawing.dll".
             Se encontró una referencia en la ubicación de ruta de acceso de búsqueda "{RawFileName}".
             Esta referencia no es "CopyLocal" porque existe al menos un elemento de origen con "Private" establecido en "false" y ningún elemento de origen con "Private" establecido en "true".
         Referencia principal "System.Formats.Nrbf, Version=10.0.0.0, Culture=neutral, PublicKeyToken=cc7b13ffcd2ddd51".
             La ruta de acceso del archivo resuelta es "C:\Program Files\dotnet\packs\Microsoft.WindowsDesktop.App.Ref\10.0.2\ref\net10.0\System.Formats.Nrbf.dll".
             Se encontró una referencia en la ubicación de ruta de acceso de búsqueda "{RawFileName}".
             Esta referencia no es "CopyLocal" porque existe al menos un elemento de origen con "Private" establecido en "false" y ningún elemento de origen con "Private" establecido en "true".
         Referencia principal "System.IO.Packaging, Version=10.0.0.0, Culture=neutral, PublicKeyToken=b03f5f7f11d50a3a".
             La ruta de acceso del archivo resuelta es "C:\Program Files\dotnet\packs\Microsoft.WindowsDesktop.App.Ref\10.0.2\ref\net10.0\System.IO.Packaging.dll".
             Se encontró una referencia en la ubicación de ruta de acceso de búsqueda "{RawFileName}".
             Esta referencia no es "CopyLocal" porque existe al menos un elemento de origen con "Private" establecido en "false" y ningún elemento de origen con "Private" establecido en "true".
         Referencia principal "System.Private.Windows.Core, Version=10.0.0.0, Culture=neutral, PublicKeyToken=b77a5c561934e089".
             La ruta de acceso del archivo resuelta es "C:\Program Files\dotnet\packs\Microsoft.WindowsDesktop.App.Ref\10.0.2\ref\net10.0\System.Private.Windows.Core.dll".
             Se encontró una referencia en la ubicación de ruta de acceso de búsqueda "{RawFileName}".
             Esta referencia no es "CopyLocal" porque existe al menos un elemento de origen con "Private" establecido en "false" y ningún elemento de origen con "Private" establecido en "true".
         Referencia principal "System.Private.Windows.GdiPlus, Version=10.0.0.0, Culture=neutral, PublicKeyToken=b77a5c561934e089".
             La ruta de acceso del archivo resuelta es "C:\Program Files\dotnet\packs\Microsoft.WindowsDesktop.App.Ref\10.0.2\ref\net10.0\System.Private.Windows.GdiPlus.dll".
             Se encontró una referencia en la ubicación de ruta de acceso de búsqueda "{RawFileName}".
             Esta referencia no es "CopyLocal" porque existe al menos un elemento de origen con "Private" establecido en "false" y ningún elemento de origen con "Private" establecido en "true".
         Referencia principal "System.Resources.Extensions, Version=10.0.0.0, Culture=neutral, PublicKeyToken=cc7b13ffcd2ddd51".
             La ruta de acceso del archivo resuelta es "C:\Program Files\dotnet\packs\Microsoft.WindowsDesktop.App.Ref\10.0.2\ref\net10.0\System.Resources.Extensions.dll".
             Se encontró una referencia en la ubicación de ruta de acceso de búsqueda "{RawFileName}".
             Esta referencia no es "CopyLocal" porque existe al menos un elemento de origen con "Private" establecido en "false" y ningún elemento de origen con "Private" establecido en "true".
         Referencia principal "System.Security.Cryptography.Pkcs, Version=10.0.0.0, Culture=neutral, PublicKeyToken=b03f5f7f11d50a3a".
             La ruta de acceso del archivo resuelta es "C:\Program Files\dotnet\packs\Microsoft.WindowsDesktop.App.Ref\10.0.2\ref\net10.0\System.Security.Cryptography.Pkcs.dll".
             Se encontró una referencia en la ubicación de ruta de acceso de búsqueda "{RawFileName}".
             Esta referencia no es "CopyLocal" porque existe al menos un elemento de origen con "Private" establecido en "false" y ningún elemento de origen con "Private" establecido en "true".
         Referencia principal "System.Security.Cryptography.ProtectedData, Version=10.0.0.0, Culture=neutral, PublicKeyToken=b03f5f7f11d50a3a".
             La ruta de acceso del archivo resuelta es "C:\Program Files\dotnet\packs\Microsoft.WindowsDesktop.App.Ref\10.0.2\ref\net10.0\System.Security.Cryptography.ProtectedData.dll".
             Se encontró una referencia en la ubicación de ruta de acceso de búsqueda "{RawFileName}".
             Esta referencia no es "CopyLocal" porque existe al menos un elemento de origen con "Private" establecido en "false" y ningún elemento de origen con "Private" establecido en "true".
         Referencia principal "System.Security.Cryptography.Xml, Version=10.0.0.0, Culture=neutral, PublicKeyToken=cc7b13ffcd2ddd51".
             La ruta de acceso del archivo resuelta es "C:\Program Files\dotnet\packs\Microsoft.WindowsDesktop.App.Ref\10.0.2\ref\net10.0\System.Security.Cryptography.Xml.dll".
             Se encontró una referencia en la ubicación de ruta de acceso de búsqueda "{RawFileName}".
             Esta referencia no es "CopyLocal" porque existe al menos un elemento de origen con "Private" establecido en "false" y ningún elemento de origen con "Private" establecido en "true".
         Referencia principal "System.Security.Permissions, Version=10.0.0.0, Culture=neutral, PublicKeyToken=cc7b13ffcd2ddd51".
             La ruta de acceso del archivo resuelta es "C:\Program Files\dotnet\packs\Microsoft.WindowsDesktop.App.Ref\10.0.2\ref\net10.0\System.Security.Permissions.dll".
             Se encontró una referencia en la ubicación de ruta de acceso de búsqueda "{RawFileName}".
             Esta referencia no es "CopyLocal" porque existe al menos un elemento de origen con "Private" establecido en "false" y ningún elemento de origen con "Private" establecido en "true".
         Referencia principal "System.Windows.Extensions, Version=10.0.0.0, Culture=neutral, PublicKeyToken=cc7b13ffcd2ddd51".
             La ruta de acceso del archivo resuelta es "C:\Program Files\dotnet\packs\Microsoft.WindowsDesktop.App.Ref\10.0.2\ref\net10.0\System.Windows.Extensions.dll".
             Se encontró una referencia en la ubicación de ruta de acceso de búsqueda "{RawFileName}".
             Esta referencia no es "CopyLocal" porque existe al menos un elemento de origen con "Private" establecido en "false" y ningún elemento de origen con "Private" establecido en "true".
         Referencia principal "System.Windows.Forms.Design.Editors, Version=10.0.0.0, Culture=neutral, PublicKeyToken=b03f5f7f11d50a3a".
             La ruta de acceso del archivo resuelta es "C:\Program Files\dotnet\packs\Microsoft.WindowsDesktop.App.Ref\10.0.2\ref\net10.0\System.Windows.Forms.Design.Editors.dll".
             Se encontró una referencia en la ubicación de ruta de acceso de búsqueda "{RawFileName}".
             Esta referencia no es "CopyLocal" porque existe al menos un elemento de origen con "Private" establecido en "false" y ningún elemento de origen con "Private" establecido en "true".
         Referencia principal "System.Windows.Forms.Design, Version=10.0.0.0, Culture=neutral, PublicKeyToken=b77a5c561934e089".
             La ruta de acceso del archivo resuelta es "C:\Program Files\dotnet\packs\Microsoft.WindowsDesktop.App.Ref\10.0.2\ref\net10.0\System.Windows.Forms.Design.dll".
             Se encontró una referencia en la ubicación de ruta de acceso de búsqueda "{RawFileName}".
             Esta referencia no es "CopyLocal" porque existe al menos un elemento de origen con "Private" establecido en "false" y ningún elemento de origen con "Private" establecido en "true".
         Referencia principal "System.Windows.Forms.Primitives, Version=10.0.0.0, Culture=neutral, PublicKeyToken=b77a5c561934e089".
             La ruta de acceso del archivo resuelta es "C:\Program Files\dotnet\packs\Microsoft.WindowsDesktop.App.Ref\10.0.2\ref\net10.0\System.Windows.Forms.Primitives.dll".
             Se encontró una referencia en la ubicación de ruta de acceso de búsqueda "{RawFileName}".
             Esta referencia no es "CopyLocal" porque existe al menos un elemento de origen con "Private" establecido en "false" y ningún elemento de origen con "Private" establecido en "true".
         Referencia principal "System.Windows.Forms, Version=10.0.0.0, Culture=neutral, PublicKeyToken=b77a5c561934e089".
             La ruta de acceso del archivo resuelta es "C:\Program Files\dotnet\packs\Microsoft.WindowsDesktop.App.Ref\10.0.2\ref\net10.0\System.Windows.Forms.dll".
             Se encontró una referencia en la ubicación de ruta de acceso de búsqueda "{RawFileName}".
             Esta referencia no es "CopyLocal" porque existe al menos un elemento de origen con "Private" establecido en "false" y ningún elemento de origen con "Private" establecido en "true".
       Ejecución de la tarea "ResolveAssemblyReference" terminada.
   1:7>Compilación terminada del destino "ResolveAssemblyReferences" en el proyecto "CuadroMagicoApp.csproj".
   1:7>Destino "AfterResolveReferences" en el archivo "C:\Program Files\dotnet\sdk\10.0.102\Microsoft.Common.CurrentVersion.targets" del proyecto "C:\Users\AlexM\OneDrive\Desktop\ABCD 2\CuadroMagicoApp\CuadroMagicoApp.csproj" (el destino "ResolveReferences" depende de él):
   1:7>Compilación terminada del destino "AfterResolveReferences" en el proyecto "CuadroMagicoApp.csproj".
   1:7>Destino "ResolveReferences" en el archivo "C:\Program Files\dotnet\sdk\10.0.102\Microsoft.Common.CurrentVersion.targets" del proyecto "C:\Users\AlexM\OneDrive\Desktop\ABCD 2\CuadroMagicoApp\CuadroMagicoApp.csproj" (el destino "_BlockWinMDsOnUnsupportedTFMs" depende de él):
   1:7>Compilación terminada del destino "ResolveReferences" en el proyecto "CuadroMagicoApp.csproj".
   1:7>Destino "_BlockWinMDsOnUnsupportedTFMs" en el archivo "C:\Program Files\dotnet\sdk\10.0.102\Sdks\Microsoft.NET.Sdk\targets\Microsoft.NET.Sdk.targets" del proyecto "C:\Users\AlexM\OneDrive\Desktop\ABCD 2\CuadroMagicoApp\CuadroMagicoApp.csproj" (el destino "CoreBuild" depende de él):
       Usando la tarea "CheckForUnsupportedWinMDReferences" del ensamblado "C:\Program Files\dotnet\sdk\10.0.102\Sdks\Microsoft.NET.Sdk\targets\..\tools\net10.0\Microsoft.NET.Build.Tasks.dll".
       Tarea "CheckForUnsupportedWinMDReferences"
       Ejecución de la tarea "CheckForUnsupportedWinMDReferences" terminada.
   1:7>Compilación terminada del destino "_BlockWinMDsOnUnsupportedTFMs" en el proyecto "CuadroMagicoApp.csproj".
       Se omitió el destino "ResolveReferences". Compilado previamente de forma correcta.
   1:7>Destino "AfterMarkupCompilePass1" en el archivo "C:\Program Files\dotnet\sdk\10.0.102\Sdks\Microsoft.NET.Sdk.WindowsDesktop\targets\Microsoft.WinFX.targets" del proyecto "C:\Users\AlexM\OneDrive\Desktop\ABCD 2\CuadroMagicoApp\CuadroMagicoApp.csproj" (el destino "PrepareResources" depende de él):
   1:7>Compilación terminada del destino "AfterMarkupCompilePass1" en el proyecto "CuadroMagicoApp.csproj".
   1:7>Destino "FileClassification" en el archivo "C:\Program Files\dotnet\sdk\10.0.102\Sdks\Microsoft.NET.Sdk.WindowsDesktop\targets\Microsoft.WinFX.targets" del proyecto "C:\Users\AlexM\OneDrive\Desktop\ABCD 2\CuadroMagicoApp\CuadroMagicoApp.csproj" (el destino "PrepareResources" depende de él):
   1:7>Compilación terminada del destino "FileClassification" en el proyecto "CuadroMagicoApp.csproj".
       Se omitió el destino "ResolvePackageDependenciesForBuild". Compilado previamente de forma correcta.
       Se omitió el destino "_HandlePackageFileConflicts". Compilado previamente de forma correcta.
   1:7>Destino "CopyAdditionalFiles" en el archivo "C:\Program Files\dotnet\sdk\10.0.102\Roslyn\Microsoft.Managed.Core.targets" del proyecto "C:\Users\AlexM\OneDrive\Desktop\ABCD 2\CuadroMagicoApp\CuadroMagicoApp.csproj" (el destino "AssignTargetPaths" depende de él):
   1:7>Compilación terminada del destino "CopyAdditionalFiles" en el proyecto "CuadroMagicoApp.csproj".
       Se omitió el destino "ResolvePackageAssets". Compilado previamente de forma correcta.
       Se omitió el destino "ResolveFrameworkReferences". Compilado previamente de forma correcta.
   1:7>Destino "_GetAppHostPaths" en el archivo "C:\Program Files\dotnet\sdk\10.0.102\Sdks\Microsoft.NET.Sdk\targets\Microsoft.NET.Sdk.targets" del proyecto "C:\Users\AlexM\OneDrive\Desktop\ABCD 2\CuadroMagicoApp\CuadroMagicoApp.csproj" (el destino "_ComputeNETCoreBuildOutputFiles" depende de él):
   1:7>Compilación terminada del destino "_GetAppHostPaths" en el proyecto "CuadroMagicoApp.csproj".
   1:7>Destino "_GetAppHostCreationConfiguration" en el archivo "C:\Program Files\dotnet\sdk\10.0.102\Sdks\Microsoft.NET.Sdk\targets\Microsoft.NET.Sdk.targets" del proyecto "C:\Users\AlexM\OneDrive\Desktop\ABCD 2\CuadroMagicoApp\CuadroMagicoApp.csproj" (el destino "_ComputeNETCoreBuildOutputFiles" depende de él):
   1:7>Compilación terminada del destino "_GetAppHostCreationConfiguration" en el proyecto "CuadroMagicoApp.csproj".
   1:7>Destino "_ComputeNETCoreBuildOutputFiles" en el archivo "C:\Program Files\dotnet\sdk\10.0.102\Sdks\Microsoft.NET.Sdk\targets\Microsoft.NET.Sdk.targets" del proyecto "C:\Users\AlexM\OneDrive\Desktop\ABCD 2\CuadroMagicoApp\CuadroMagicoApp.csproj" (el destino "AssignTargetPaths" depende de él):
   1:7>Compilación terminada del destino "_ComputeNETCoreBuildOutputFiles" en el proyecto "CuadroMagicoApp.csproj".
   1:7>Destino "AssignTargetPaths" en el archivo "C:\Program Files\dotnet\sdk\10.0.102\Microsoft.Common.CurrentVersion.targets" del proyecto "C:\Users\AlexM\OneDrive\Desktop\ABCD 2\CuadroMagicoApp\CuadroMagicoApp.csproj" (el destino "PrepareResourceNames" depende de él):
       Usando la tarea "AssignTargetPath" del ensamblado "Microsoft.Build.Tasks.Core, Version=15.1.0.0, Culture=neutral, PublicKeyToken=b03f5f7f11d50a3a".
       Tarea "AssignTargetPath"
       Ejecución de la tarea "AssignTargetPath" terminada.
       Tarea "AssignTargetPath"
       Ejecución de la tarea "AssignTargetPath" terminada.
       Tarea "AssignTargetPath"
       Ejecución de la tarea "AssignTargetPath" terminada.
       Tarea "AssignTargetPath"
       Ejecución de la tarea "AssignTargetPath" terminada.
   1:7>Compilación terminada del destino "AssignTargetPaths" en el proyecto "CuadroMagicoApp.csproj".
       Se omitió el destino "AssignTargetPaths". Compilado previamente de forma correcta.
   1:7>Destino "SplitResourcesByCulture" en el archivo "C:\Program Files\dotnet\sdk\10.0.102\Microsoft.Common.CurrentVersion.targets" del proyecto "C:\Users\AlexM\OneDrive\Desktop\ABCD 2\CuadroMagicoApp\CuadroMagicoApp.csproj" (el destino "PrepareResourceNames" depende de él):
       Usando la tarea "AssignCulture" del ensamblado "Microsoft.Build.Tasks.Core, Version=15.1.0.0, Culture=neutral, PublicKeyToken=b03f5f7f11d50a3a".
       Tarea "AssignCulture"
       Ejecución de la tarea "AssignCulture" terminada.
   1:7>Compilación terminada del destino "SplitResourcesByCulture" en el proyecto "CuadroMagicoApp.csproj".
   1:7>Destino "CreateCustomManifestResourceNames" en el archivo "C:\Program Files\dotnet\sdk\10.0.102\Microsoft.Common.CurrentVersion.targets" del proyecto "C:\Users\AlexM\OneDrive\Desktop\ABCD 2\CuadroMagicoApp\CuadroMagicoApp.csproj" (el destino "PrepareResourceNames" depende de él):
   1:7>Compilación terminada del destino "CreateCustomManifestResourceNames" en el proyecto "CuadroMagicoApp.csproj".
   1:7>Destino "PrepareResourceNames" en el archivo "C:\Program Files\dotnet\sdk\10.0.102\Microsoft.Common.CurrentVersion.targets" del proyecto "C:\Users\AlexM\OneDrive\Desktop\ABCD 2\CuadroMagicoApp\CuadroMagicoApp.csproj" (el destino "PrepareResources" depende de él):
   1:7>Compilación terminada del destino "PrepareResourceNames" en el proyecto "CuadroMagicoApp.csproj".
       Se omitió el destino "ResolveAssemblyReferences". Compilado previamente de forma correcta.
       Se omitió el destino "SplitResourcesByCulture". Compilado previamente de forma correcta.
   1:7>Destino "BeforeResGen" en el archivo "C:\Program Files\dotnet\sdk\10.0.102\Microsoft.Common.CurrentVersion.targets" del proyecto "C:\Users\AlexM\OneDrive\Desktop\ABCD 2\CuadroMagicoApp\CuadroMagicoApp.csproj" (el destino "ResGen" depende de él):
   1:7>Compilación terminada del destino "BeforeResGen" en el proyecto "CuadroMagicoApp.csproj".
       Se omitió el destino "ResolveReferences". Compilado previamente de forma correcta.
   1:7>Destino "FindReferenceAssembliesForReferences" en el archivo "C:\Program Files\dotnet\sdk\10.0.102\Microsoft.Common.CurrentVersion.targets" del proyecto "C:\Users\AlexM\OneDrive\Desktop\ABCD 2\CuadroMagicoApp\CuadroMagicoApp.csproj" (el destino "CoreResGen" depende de él):
   1:7>Compilación terminada del destino "FindReferenceAssembliesForReferences" en el proyecto "CuadroMagicoApp.csproj".
   1:7>Destino "CoreResGen" en el archivo "C:\Program Files\dotnet\sdk\10.0.102\Microsoft.Common.CurrentVersion.targets" del proyecto "C:\Users\AlexM\OneDrive\Desktop\ABCD 2\CuadroMagicoApp\CuadroMagicoApp.csproj" (el destino "ResGen" depende de él):
   1:7>Compilación terminada del destino "CoreResGen" en el proyecto "CuadroMagicoApp.csproj".
   1:7>Destino "AfterResGen" en el archivo "C:\Program Files\dotnet\sdk\10.0.102\Microsoft.Common.CurrentVersion.targets" del proyecto "C:\Users\AlexM\OneDrive\Desktop\ABCD 2\CuadroMagicoApp\CuadroMagicoApp.csproj" (el destino "ResGen" depende de él):
   1:7>Compilación terminada del destino "AfterResGen" en el proyecto "CuadroMagicoApp.csproj".
   1:7>Destino "ResGen" en el archivo "C:\Program Files\dotnet\sdk\10.0.102\Microsoft.Common.CurrentVersion.targets" del proyecto "C:\Users\AlexM\OneDrive\Desktop\ABCD 2\CuadroMagicoApp\CuadroMagicoApp.csproj" (el destino "PrepareResources" depende de él):
   1:7>Compilación terminada del destino "ResGen" en el proyecto "CuadroMagicoApp.csproj".
   1:7>Destino "PrepareResources" en el archivo "C:\Program Files\dotnet\sdk\10.0.102\Microsoft.Common.CurrentVersion.targets" del proyecto "C:\Users\AlexM\OneDrive\Desktop\ABCD 2\CuadroMagicoApp\CuadroMagicoApp.csproj" (el destino "CoreBuild" depende de él):
   1:7>Compilación terminada del destino "PrepareResources" en el proyecto "CuadroMagicoApp.csproj".
       Se omitió el destino "ResolveReferences". Compilado previamente de forma correcta.
   1:7>Destino "_SetEmbeddedWin32ManifestProperties" en el archivo "C:\Program Files\dotnet\sdk\10.0.102\Microsoft.Common.CurrentVersion.targets" del proyecto "C:\Users\AlexM\OneDrive\Desktop\ABCD 2\CuadroMagicoApp\CuadroMagicoApp.csproj" (el destino "SetWin32ManifestProperties" depende de él):
       Usando la tarea "GetFrameworkPath" del ensamblado "Microsoft.Build.Tasks.Core, Version=15.1.0.0, Culture=neutral, PublicKeyToken=b03f5f7f11d50a3a".
       Tarea "GetFrameworkPath"
       Ejecución de la tarea "GetFrameworkPath" terminada.
   1:7>Compilación terminada del destino "_SetEmbeddedWin32ManifestProperties" en el proyecto "CuadroMagicoApp.csproj".
   1:7>Destino "SetWin32ManifestProperties" en el archivo "C:\Program Files\dotnet\sdk\10.0.102\Microsoft.Common.CurrentVersion.targets" del proyecto "C:\Users\AlexM\OneDrive\Desktop\ABCD 2\CuadroMagicoApp\CuadroMagicoApp.csproj" (el destino "Compile" depende de él):
   1:7>Compilación terminada del destino "SetWin32ManifestProperties" en el proyecto "CuadroMagicoApp.csproj".
       Se omitió el destino "FindReferenceAssembliesForReferences". Compilado previamente de forma correcta.
   1:7>Destino "_GenerateCompileInputs" en el archivo "C:\Program Files\dotnet\sdk\10.0.102\Microsoft.Common.CurrentVersion.targets" del proyecto "C:\Users\AlexM\OneDrive\Desktop\ABCD 2\CuadroMagicoApp\CuadroMagicoApp.csproj" (el destino "Compile" depende de él):
   1:7>Compilación terminada del destino "_GenerateCompileInputs" en el proyecto "CuadroMagicoApp.csproj".
       Se omitió el destino "PrepareForBuild". Compilado previamente de forma correcta.
   1:7>Destino "GenerateMSBuildEditorConfigFileShouldRun" en el archivo "C:\Program Files\dotnet\sdk\10.0.102\Roslyn\Microsoft.Managed.Core.targets" del proyecto "C:\Users\AlexM\OneDrive\Desktop\ABCD 2\CuadroMagicoApp\CuadroMagicoApp.csproj" (el destino "GenerateMSBuildEditorConfigFile" depende de él):
   1:7>Compilación terminada del destino "GenerateMSBuildEditorConfigFileShouldRun" en el proyecto "CuadroMagicoApp.csproj".
   1:7>Destino "AddGlobalAnalyzerConfigForPackage_MicrosoftCodeAnalysisCSharpCodeStyle" en el archivo "C:\Program Files\dotnet\sdk\10.0.102\Sdks\Microsoft.NET.Sdk\codestyle\cs\build\Microsoft.CodeAnalysis.CSharp.CodeStyle.targets" del proyecto "C:\Users\AlexM\OneDrive\Desktop\ABCD 2\CuadroMagicoApp\CuadroMagicoApp.csproj" (el destino "GenerateMSBuildEditorConfigFileCore" depende de él):
   1:7>Compilación terminada del destino "AddGlobalAnalyzerConfigForPackage_MicrosoftCodeAnalysisCSharpCodeStyle" en el proyecto "CuadroMagicoApp.csproj".
   1:7>Destino "GenerateMSBuildEditorConfigFileCore" en el archivo "C:\Program Files\dotnet\sdk\10.0.102\Roslyn\Microsoft.Managed.Core.targets" del proyecto "C:\Users\AlexM\OneDrive\Desktop\ABCD 2\CuadroMagicoApp\CuadroMagicoApp.csproj" (el destino "GenerateMSBuildEditorConfigFile" depende de él):
       Compilando completamente el destino "GenerateMSBuildEditorConfigFileCore".
       No se especificaron archivos de entrada.
       Usando la tarea "GenerateMSBuildEditorConfig" del ensamblado "C:\Program Files\dotnet\sdk\10.0.102\Sdks\Microsoft.NET.Sdk\targets\..\..\..\Roslyn\Microsoft.Build.Tasks.CodeAnalysis.dll".
       Tarea "GenerateMSBuildEditorConfig"
       Ejecución de la tarea "GenerateMSBuildEditorConfig" terminada.
   1:7>Compilación terminada del destino "GenerateMSBuildEditorConfigFileCore" en el proyecto "CuadroMagicoApp.csproj".
   1:7>Destino "GenerateMSBuildEditorConfigFile" en el archivo "C:\Program Files\dotnet\sdk\10.0.102\Roslyn\Microsoft.Managed.Core.targets" del proyecto "C:\Users\AlexM\OneDrive\Desktop\ABCD 2\CuadroMagicoApp\CuadroMagicoApp.csproj" (el destino "BeforeCompile" depende de él):
   1:7>Compilación terminada del destino "GenerateMSBuildEditorConfigFile" en el proyecto "CuadroMagicoApp.csproj".
       Se omitió el destino "PrepareForBuild". Compilado previamente de forma correcta.
       Se omitió el destino "GetReferenceAssemblyPaths". Compilado previamente de forma correcta.
   1:7>Destino "_SetTargetFrameworkMonikerAttribute" en el archivo "C:\Program Files\dotnet\sdk\10.0.102\Microsoft.CSharp.CurrentVersion.targets" del proyecto "C:\Users\AlexM\OneDrive\Desktop\ABCD 2\CuadroMagicoApp\CuadroMagicoApp.csproj" (el destino "GenerateTargetFrameworkMonikerAttribute" depende de él):
   1:7>Compilación terminada del destino "_SetTargetFrameworkMonikerAttribute" en el proyecto "CuadroMagicoApp.csproj".
   1:7>Destino "GenerateTargetFrameworkMonikerAttribute" en el archivo "C:\Program Files\dotnet\sdk\10.0.102\Microsoft.Common.CurrentVersion.targets" del proyecto "C:\Users\AlexM\OneDrive\Desktop\ABCD 2\CuadroMagicoApp\CuadroMagicoApp.csproj" (el destino "BeforeCompile" depende de él):
       Se omitirá el destino "GenerateTargetFrameworkMonikerAttribute" porque todos los archivos de salida están actualizados respecto a los archivos de entrada.
       Archivos de entrada: C:\Program Files\dotnet\sdk\10.0.102\Microsoft.Common.targets
       Archivos de salida: obj\Debug\net10.0-windows\.NETCoreApp,Version=v10.0.AssemblyAttributes.cs
   1:7>Compilación terminada del destino "GenerateTargetFrameworkMonikerAttribute" en el proyecto "CuadroMagicoApp.csproj".
       Se omitió el destino "PrepareForBuild". Compilado previamente de forma correcta.
   1:7>Destino "GetAssemblyVersion" en el archivo "C:\Program Files\dotnet\sdk\10.0.102\Sdks\Microsoft.NET.Sdk\targets\Microsoft.NET.GenerateAssemblyInfo.targets" del proyecto "C:\Users\AlexM\OneDrive\Desktop\ABCD 2\CuadroMagicoApp\CuadroMagicoApp.csproj" (el destino "GetAssemblyAttributes" depende de él):
       Usando la tarea "GetAssemblyVersion" del ensamblado "C:\Program Files\dotnet\sdk\10.0.102\Sdks\Microsoft.NET.Sdk\targets\..\tools\net10.0\Microsoft.NET.Build.Tasks.dll".
       Tarea "GetAssemblyVersion"
       Ejecución de la tarea "GetAssemblyVersion" terminada.
   1:7>Compilación terminada del destino "GetAssemblyVersion" en el proyecto "CuadroMagicoApp.csproj".
   1:7>Destino "InitializeSourceControlInformationFromSourceControlManager" en el archivo "C:\Program Files\dotnet\sdk\10.0.102\Sdks\Microsoft.Build.Tasks.Git\build\Microsoft.Build.Tasks.Git.targets" del proyecto "C:\Users\AlexM\OneDrive\Desktop\ABCD 2\CuadroMagicoApp\CuadroMagicoApp.csproj" (el destino "_InitializeSourceControlInformationFromSourceControlManager" depende de él):
       Usando la tarea "Microsoft.Build.Tasks.Git.LocateRepository" del ensamblado "C:\Program Files\dotnet\sdk\10.0.102\Sdks\Microsoft.Build.Tasks.Git\build\..\tools\net\Microsoft.Build.Tasks.Git.dll".
       Tarea "Microsoft.Build.Tasks.Git.LocateRepository"
         SourceLink: Repository instance not found in cache: '*:C:\Users\AlexM\.git'
       Ejecución de la tarea "Microsoft.Build.Tasks.Git.LocateRepository" terminada.
   1:7>Compilación terminada del destino "InitializeSourceControlInformationFromSourceControlManager" en el proyecto "CuadroMagicoApp.csproj".
   1:7>Destino "_SourceLinkHasSingleProvider" en el archivo "C:\Program Files\dotnet\sdk\10.0.102\Sdks\Microsoft.SourceLink.Common\build\InitializeSourceControlInformation.targets" del proyecto "C:\Users\AlexM\OneDrive\Desktop\ABCD 2\CuadroMagicoApp\CuadroMagicoApp.csproj" (el destino "_InitializeSourceControlInformationFromSourceControlManager" depende de él):
       Ensamblado cargado durante TaskRun: Microsoft.SourceLink.Common, Version=10.0.13.11305, Culture=neutral, PublicKeyToken=31bf3856ad364e35(ubicación: C:\Program Files\dotnet\sdk\10.0.102\Sdks\Microsoft.SourceLink.Common\tools\net\Microsoft.SourceLink.Common.dll, MVID: 7f1f79ac-c9d6-4bda-9329-d23f33d1d5bb, AssemblyLoadContext: MSBuild plugin C:\Program Files\dotnet\sdk\10.0.102\Sdks\Microsoft.SourceLink.Common\tools\net\Microsoft.SourceLink.Common.dll)
       Usando la tarea "Microsoft.SourceLink.Common.SourceLinkHasSingleProvider" del ensamblado "C:\Program Files\dotnet\sdk\10.0.102\Sdks\Microsoft.SourceLink.Common\build\..\tools\net\Microsoft.SourceLink.Common.dll".
       Tarea "Microsoft.SourceLink.Common.SourceLinkHasSingleProvider"
       Ejecución de la tarea "Microsoft.SourceLink.Common.SourceLinkHasSingleProvider" terminada.
   1:7>Compilación terminada del destino "_SourceLinkHasSingleProvider" en el proyecto "CuadroMagicoApp.csproj".
   1:7>Destino "TranslateGitHubUrlsInSourceControlInformation" en el archivo "C:\Program Files\dotnet\sdk\10.0.102\Sdks\Microsoft.SourceLink.GitHub\build\Microsoft.SourceLink.GitHub.targets" del proyecto "C:\Users\AlexM\OneDrive\Desktop\ABCD 2\CuadroMagicoApp\CuadroMagicoApp.csproj" (el destino "_InitializeSourceControlInformationFromSourceControlManager" depende de él):
       Ensamblado cargado durante TaskRun: Microsoft.SourceLink.GitHub, Version=10.0.13.11305, Culture=neutral, PublicKeyToken=31bf3856ad364e35(ubicación: C:\Program Files\dotnet\sdk\10.0.102\Sdks\Microsoft.SourceLink.GitHub\tools\net\Microsoft.SourceLink.GitHub.dll, MVID: c705db65-42cb-4860-bae2-d3e20d3017cd, AssemblyLoadContext: MSBuild plugin C:\Program Files\dotnet\sdk\10.0.102\Sdks\Microsoft.SourceLink.GitHub\tools\net\Microsoft.SourceLink.GitHub.dll)
       Usando la tarea "Microsoft.SourceLink.GitHub.TranslateRepositoryUrls" del ensamblado "C:\Program Files\dotnet\sdk\10.0.102\Sdks\Microsoft.SourceLink.GitHub\build\..\tools\net\Microsoft.SourceLink.GitHub.dll".
       Tarea "Microsoft.SourceLink.GitHub.TranslateRepositoryUrls"
       Ejecución de la tarea "Microsoft.SourceLink.GitHub.TranslateRepositoryUrls" terminada.
   1:7>Compilación terminada del destino "TranslateGitHubUrlsInSourceControlInformation" en el proyecto "CuadroMagicoApp.csproj".
   1:7>Destino "TranslateGitLabUrlsInSourceControlInformation" en el archivo "C:\Program Files\dotnet\sdk\10.0.102\Sdks\Microsoft.SourceLink.GitLab\build\Microsoft.SourceLink.GitLab.targets" del proyecto "C:\Users\AlexM\OneDrive\Desktop\ABCD 2\CuadroMagicoApp\CuadroMagicoApp.csproj" (el destino "_InitializeSourceControlInformationFromSourceControlManager" depende de él):
       Ensamblado cargado durante TaskRun: Microsoft.SourceLink.GitLab, Version=10.0.13.11305, Culture=neutral, PublicKeyToken=31bf3856ad364e35(ubicación: C:\Program Files\dotnet\sdk\10.0.102\Sdks\Microsoft.SourceLink.GitLab\tools\net\Microsoft.SourceLink.GitLab.dll, MVID: 8ec43ade-a5cb-4c4c-b059-44573e446574, AssemblyLoadContext: MSBuild plugin C:\Program Files\dotnet\sdk\10.0.102\Sdks\Microsoft.SourceLink.GitLab\tools\net\Microsoft.SourceLink.GitLab.dll)
       Usando la tarea "Microsoft.SourceLink.GitLab.TranslateRepositoryUrls" del ensamblado "C:\Program Files\dotnet\sdk\10.0.102\Sdks\Microsoft.SourceLink.GitLab\build\..\tools\net\Microsoft.SourceLink.GitLab.dll".
       Tarea "Microsoft.SourceLink.GitLab.TranslateRepositoryUrls"
       Ejecución de la tarea "Microsoft.SourceLink.GitLab.TranslateRepositoryUrls" terminada.
   1:7>Compilación terminada del destino "TranslateGitLabUrlsInSourceControlInformation" en el proyecto "CuadroMagicoApp.csproj".
   1:7>Destino "TranslateAzureReposGitUrlsInSourceControlInformation" en el archivo "C:\Program Files\dotnet\sdk\10.0.102\Sdks\Microsoft.SourceLink.AzureRepos.Git\build\Microsoft.SourceLink.AzureRepos.Git.targets" del proyecto "C:\Users\AlexM\OneDrive\Desktop\ABCD 2\CuadroMagicoApp\CuadroMagicoApp.csproj" (el destino "_InitializeSourceControlInformationFromSourceControlManager" depende de él):
       Ensamblado cargado durante TaskRun: Microsoft.SourceLink.AzureRepos.Git, Version=10.0.13.11305, Culture=neutral, PublicKeyToken=31bf3856ad364e35(ubicación: C:\Program Files\dotnet\sdk\10.0.102\Sdks\Microsoft.SourceLink.AzureRepos.Git\tools\net\Microsoft.SourceLink.AzureRepos.Git.dll, MVID: 79ea30c2-360a-4364-9d01-f9eca1d9b7f3, AssemblyLoadContext: MSBuild plugin C:\Program Files\dotnet\sdk\10.0.102\Sdks\Microsoft.SourceLink.AzureRepos.Git\tools\net\Microsoft.SourceLink.AzureRepos.Git.dll)
       Usando la tarea "Microsoft.SourceLink.AzureRepos.Git.TranslateRepositoryUrls" del ensamblado "C:\Program Files\dotnet\sdk\10.0.102\Sdks\Microsoft.SourceLink.AzureRepos.Git\build\..\tools\net\Microsoft.SourceLink.AzureRepos.Git.dll".
       Tarea "Microsoft.SourceLink.AzureRepos.Git.TranslateRepositoryUrls"
       Ejecución de la tarea "Microsoft.SourceLink.AzureRepos.Git.TranslateRepositoryUrls" terminada.
   1:7>Compilación terminada del destino "TranslateAzureReposGitUrlsInSourceControlInformation" en el proyecto "CuadroMagicoApp.csproj".
   1:7>Destino "TranslateBitbucketGitUrlsInSourceControlInformation" en el archivo "C:\Program Files\dotnet\sdk\10.0.102\Sdks\Microsoft.SourceLink.Bitbucket.Git\build\Microsoft.SourceLink.Bitbucket.Git.targets" del proyecto "C:\Users\AlexM\OneDrive\Desktop\ABCD 2\CuadroMagicoApp\CuadroMagicoApp.csproj" (el destino "_InitializeSourceControlInformationFromSourceControlManager" depende de él):
       Ensamblado cargado durante TaskRun: Microsoft.SourceLink.Bitbucket.Git, Version=10.0.13.11305, Culture=neutral, PublicKeyToken=31bf3856ad364e35(ubicación: C:\Program Files\dotnet\sdk\10.0.102\Sdks\Microsoft.SourceLink.Bitbucket.Git\tools\net\Microsoft.SourceLink.Bitbucket.Git.dll, MVID: 45aebbdf-90a2-4114-b111-5c5a964b00af, AssemblyLoadContext: MSBuild plugin C:\Program Files\dotnet\sdk\10.0.102\Sdks\Microsoft.SourceLink.Bitbucket.Git\tools\net\Microsoft.SourceLink.Bitbucket.Git.dll)
       Usando la tarea "Microsoft.SourceLink.Bitbucket.Git.TranslateRepositoryUrls" del ensamblado "C:\Program Files\dotnet\sdk\10.0.102\Sdks\Microsoft.SourceLink.Bitbucket.Git\build\..\tools\net\Microsoft.SourceLink.Bitbucket.Git.dll".
       Tarea "Microsoft.SourceLink.Bitbucket.Git.TranslateRepositoryUrls"
       Ejecución de la tarea "Microsoft.SourceLink.Bitbucket.Git.TranslateRepositoryUrls" terminada.
   1:7>Compilación terminada del destino "TranslateBitbucketGitUrlsInSourceControlInformation" en el proyecto "CuadroMagicoApp.csproj".
   1:7>Destino "SourceControlManagerPublishTranslatedUrls" en el archivo "C:\Program Files\dotnet\sdk\10.0.102\Sdks\Microsoft.SourceLink.Common\build\InitializeSourceControlInformation.targets" del proyecto "C:\Users\AlexM\OneDrive\Desktop\ABCD 2\CuadroMagicoApp\CuadroMagicoApp.csproj" (el destino "_InitializeSourceControlInformationFromSourceControlManager" depende de él):
   1:7>Compilación terminada del destino "SourceControlManagerPublishTranslatedUrls" en el proyecto "CuadroMagicoApp.csproj".
   1:7>Destino "_InitializeSourceControlInformationFromSourceControlManager" en el archivo "C:\Program Files\dotnet\sdk\10.0.102\Sdks\Microsoft.SourceLink.Common\build\InitializeSourceControlInformation.targets" del proyecto "C:\Users\AlexM\OneDrive\Desktop\ABCD 2\CuadroMagicoApp\CuadroMagicoApp.csproj" (el destino "InitializeSourceControlInformation" depende de él):
   1:7>Compilación terminada del destino "_InitializeSourceControlInformationFromSourceControlManager" en el proyecto "CuadroMagicoApp.csproj".
   1:7>Destino "InitializeSourceControlInformation" en el archivo "C:\Program Files\dotnet\sdk\10.0.102\Microsoft.Common.CurrentVersion.targets" del proyecto "C:\Users\AlexM\OneDrive\Desktop\ABCD 2\CuadroMagicoApp\CuadroMagicoApp.csproj" (el destino "GetAssemblyAttributes" depende de él):
   1:7>Compilación terminada del destino "InitializeSourceControlInformation" en el proyecto "CuadroMagicoApp.csproj".
       Se omitió el destino "GetAssemblyVersion". Compilado previamente de forma correcta.
       Se omitió el destino "InitializeSourceControlInformation". Compilado previamente de forma correcta.
   1:7>Destino "AddSourceRevisionToInformationalVersion" en el archivo "C:\Program Files\dotnet\sdk\10.0.102\Sdks\Microsoft.NET.Sdk\targets\Microsoft.NET.GenerateAssemblyInfo.targets" del proyecto "C:\Users\AlexM\OneDrive\Desktop\ABCD 2\CuadroMagicoApp\CuadroMagicoApp.csproj" (el destino "GetAssemblyAttributes" depende de él):
   1:7>Compilación terminada del destino "AddSourceRevisionToInformationalVersion" en el proyecto "CuadroMagicoApp.csproj".
   1:7>Destino "GetAssemblyAttributes" en el archivo "C:\Program Files\dotnet\sdk\10.0.102\Sdks\Microsoft.NET.Sdk\targets\Microsoft.NET.GenerateAssemblyInfo.targets" del proyecto "C:\Users\AlexM\OneDrive\Desktop\ABCD 2\CuadroMagicoApp\CuadroMagicoApp.csproj" (el destino "CreateGeneratedAssemblyInfoInputsCacheFile" depende de él):
   1:7>Compilación terminada del destino "GetAssemblyAttributes" en el proyecto "CuadroMagicoApp.csproj".
   1:7>Destino "CreateGeneratedAssemblyInfoInputsCacheFile" en el archivo "C:\Program Files\dotnet\sdk\10.0.102\Sdks\Microsoft.NET.Sdk\targets\Microsoft.NET.GenerateAssemblyInfo.targets" del proyecto "C:\Users\AlexM\OneDrive\Desktop\ABCD 2\CuadroMagicoApp\CuadroMagicoApp.csproj" (el destino "CoreGenerateAssemblyInfo" depende de él):
       Usando la tarea "Hash" del ensamblado "Microsoft.Build.Tasks.Core, Version=15.1.0.0, Culture=neutral, PublicKeyToken=b03f5f7f11d50a3a".
       Tarea "Hash"
       Ejecución de la tarea "Hash" terminada.
       Tarea "WriteLinesToFile"
         Omitiendo la escritura en el archivo "obj\Debug\net10.0-windows\CuadroMagicoApp.AssemblyInfoInputs.cache" porque el contenido no cambiará.
       Ejecución de la tarea "WriteLinesToFile" terminada.
   1:7>Compilación terminada del destino "CreateGeneratedAssemblyInfoInputsCacheFile" en el proyecto "CuadroMagicoApp.csproj".
   1:7>Destino "CoreGenerateAssemblyInfo" en el archivo "C:\Program Files\dotnet\sdk\10.0.102\Sdks\Microsoft.NET.Sdk\targets\Microsoft.NET.GenerateAssemblyInfo.targets" del proyecto "C:\Users\AlexM\OneDrive\Desktop\ABCD 2\CuadroMagicoApp\CuadroMagicoApp.csproj" (el destino "GenerateAssemblyInfo" depende de él):
       Se omitirá el destino "CoreGenerateAssemblyInfo" porque todos los archivos de salida están actualizados respecto a los archivos de entrada.
       Archivos de entrada: obj\Debug\net10.0-windows\CuadroMagicoApp.AssemblyInfoInputs.cache
       Archivos de salida: obj\Debug\net10.0-windows\CuadroMagicoApp.AssemblyInfo.cs
   1:7>Compilación terminada del destino "CoreGenerateAssemblyInfo" en el proyecto "CuadroMagicoApp.csproj".
   1:7>Destino "GenerateAssemblyInfo" en el archivo "C:\Program Files\dotnet\sdk\10.0.102\Sdks\Microsoft.NET.Sdk\targets\Microsoft.NET.GenerateAssemblyInfo.targets" del proyecto "C:\Users\AlexM\OneDrive\Desktop\ABCD 2\CuadroMagicoApp\CuadroMagicoApp.csproj" (el destino "BeforeCompile" depende de él):
   1:7>Compilación terminada del destino "GenerateAssemblyInfo" en el proyecto "CuadroMagicoApp.csproj".
   1:7>Destino "BeforeCompile" en el archivo "C:\Program Files\dotnet\sdk\10.0.102\Microsoft.Common.CurrentVersion.targets" del proyecto "C:\Users\AlexM\OneDrive\Desktop\ABCD 2\CuadroMagicoApp\CuadroMagicoApp.csproj" (el destino "Compile" depende de él):
   1:7>Compilación terminada del destino "BeforeCompile" en el proyecto "CuadroMagicoApp.csproj".
       Se omitió el destino "ResolveAssemblyReferences". Compilado previamente de forma correcta.
       Se omitió el destino "_GenerateCompileInputs". Compilado previamente de forma correcta.
   1:7>Destino "_GenerateCompileDependencyCache" en el archivo "C:\Program Files\dotnet\sdk\10.0.102\Microsoft.Common.CurrentVersion.targets" del proyecto "C:\Users\AlexM\OneDrive\Desktop\ABCD 2\CuadroMagicoApp\CuadroMagicoApp.csproj" (el destino "Compile" depende de él):
       Tarea "Hash"
       Ejecución de la tarea "Hash" terminada.
       Tarea "WriteLinesToFile"
         Omitiendo la escritura en el archivo "obj\Debug\net10.0-windows\CuadroMagicoApp.csproj.CoreCompileInputs.cache" porque el contenido no cambiará.
       Ejecución de la tarea "WriteLinesToFile" terminada.
   1:7>Compilación terminada del destino "_GenerateCompileDependencyCache" en el proyecto "CuadroMagicoApp.csproj".
   1:7>Destino "_BeforeVBCSCoreCompile" en el archivo "C:\Program Files\dotnet\sdk\10.0.102\Roslyn\Microsoft.Managed.Core.targets" del proyecto "C:\Users\AlexM\OneDrive\Desktop\ABCD 2\CuadroMagicoApp\CuadroMagicoApp.csproj" (el destino "CoreCompile" depende de él):
   1:7>Compilación terminada del destino "_BeforeVBCSCoreCompile" en el proyecto "CuadroMagicoApp.csproj".
   1:7>Destino "_ComputeSkipAnalyzers" en el archivo "C:\Program Files\dotnet\sdk\10.0.102\Roslyn\Microsoft.Managed.Core.targets" del proyecto "C:\Users\AlexM\OneDrive\Desktop\ABCD 2\CuadroMagicoApp\CuadroMagicoApp.csproj" (el destino "CoreCompile" depende de él):
   1:7>Compilación terminada del destino "_ComputeSkipAnalyzers" en el proyecto "CuadroMagicoApp.csproj".
       Se omitió el destino "BeforeCompile". Compilado previamente de forma correcta.
       Se omitió el destino "InitializeSourceControlInformationFromSourceControlManager". Compilado previamente de forma correcta.
   1:7>Destino "SetEmbeddedFilesFromSourceControlManagerUntrackedFiles" en el archivo "C:\Program Files\dotnet\sdk\10.0.102\Sdks\Microsoft.Build.Tasks.Git\build\Microsoft.Build.Tasks.Git.targets" del proyecto "C:\Users\AlexM\OneDrive\Desktop\ABCD 2\CuadroMagicoApp\CuadroMagicoApp.csproj" (el destino "_SetEmbeddedFilesFromSourceControlManagerUntrackedFiles" depende de él):
       Usando la tarea "Microsoft.Build.Tasks.Git.GetUntrackedFiles" del ensamblado "C:\Program Files\dotnet\sdk\10.0.102\Sdks\Microsoft.Build.Tasks.Git\build\..\tools\net\Microsoft.Build.Tasks.Git.dll".
       Tarea "Microsoft.Build.Tasks.Git.GetUntrackedFiles"
         SourceLink: Reusing cached git repository information.
       Ejecución de la tarea "Microsoft.Build.Tasks.Git.GetUntrackedFiles" terminada.
   1:7>Compilación terminada del destino "SetEmbeddedFilesFromSourceControlManagerUntrackedFiles" en el proyecto "CuadroMagicoApp.csproj".
   1:7>Destino "_SetEmbeddedFilesFromSourceControlManagerUntrackedFiles" en el archivo "C:\Program Files\dotnet\sdk\10.0.102\Sdks\Microsoft.SourceLink.Common\build\Microsoft.SourceLink.Common.targets" del proyecto "C:\Users\AlexM\OneDrive\Desktop\ABCD 2\CuadroMagicoApp\CuadroMagicoApp.csproj" (el destino "CoreCompile" depende de él):
   1:7>Compilación terminada del destino "_SetEmbeddedFilesFromSourceControlManagerUntrackedFiles" en el proyecto "CuadroMagicoApp.csproj".
       Se omitió el destino "InitializeSourceControlInformation". Compilado previamente de forma correcta.
   1:7>Destino "_SetSourceLinkFilePath" en el archivo "C:\Program Files\dotnet\sdk\10.0.102\Sdks\Microsoft.SourceLink.Common\build\Microsoft.SourceLink.Common.targets" del proyecto "C:\Users\AlexM\OneDrive\Desktop\ABCD 2\CuadroMagicoApp\CuadroMagicoApp.csproj" (el destino "_GenerateSourceLinkFile" depende de él):
   1:7>Compilación terminada del destino "_SetSourceLinkFilePath" en el proyecto "CuadroMagicoApp.csproj".
       Se omitió el destino "InitializeSourceControlInformation". Compilado previamente de forma correcta.
   1:7>Destino "_InitializeSourceRootMappedPathsFromSourceControl" en el archivo "C:\Program Files\dotnet\sdk\10.0.102\Roslyn\Microsoft.Managed.Core.targets" del proyecto "C:\Users\AlexM\OneDrive\Desktop\ABCD 2\CuadroMagicoApp\CuadroMagicoApp.csproj" (el destino "InitializeSourceRootMappedPaths" depende de él):
   1:7>Compilación terminada del destino "_InitializeSourceRootMappedPathsFromSourceControl" en el proyecto "CuadroMagicoApp.csproj".
   1:7>Destino "InitializeSourceRootMappedPaths" en el archivo "C:\Program Files\dotnet\sdk\10.0.102\Roslyn\Microsoft.Managed.Core.targets" del proyecto "C:\Users\AlexM\OneDrive\Desktop\ABCD 2\CuadroMagicoApp\CuadroMagicoApp.csproj" (el destino "_InitializeSourceRootMappedPathsOpt" depende de él):
       Usando la tarea "Microsoft.CodeAnalysis.BuildTasks.MapSourceRoots" del ensamblado "C:\Program Files\dotnet\sdk\10.0.102\Sdks\Microsoft.NET.Sdk\targets\..\..\..\Roslyn\Microsoft.Build.Tasks.CodeAnalysis.dll".
       Tarea "Microsoft.CodeAnalysis.BuildTasks.MapSourceRoots"
       Ejecución de la tarea "Microsoft.CodeAnalysis.BuildTasks.MapSourceRoots" terminada.
   1:7>Compilación terminada del destino "InitializeSourceRootMappedPaths" en el proyecto "CuadroMagicoApp.csproj".
   1:7>Destino "_InitializeSourceRootMappedPathsOpt" en el archivo "C:\Program Files\dotnet\sdk\10.0.102\Sdks\Microsoft.SourceLink.Common\build\Microsoft.SourceLink.Common.targets" del proyecto "C:\Users\AlexM\OneDrive\Desktop\ABCD 2\CuadroMagicoApp\CuadroMagicoApp.csproj" (el destino "_GenerateSourceLinkFile" depende de él):
   1:7>Compilación terminada del destino "_InitializeSourceRootMappedPathsOpt" en el proyecto "CuadroMagicoApp.csproj".
   1:7>Destino "_InitializeGitHubSourceLinkUrl" en el archivo "C:\Program Files\dotnet\sdk\10.0.102\Sdks\Microsoft.SourceLink.GitHub\build\Microsoft.SourceLink.GitHub.targets" del proyecto "C:\Users\AlexM\OneDrive\Desktop\ABCD 2\CuadroMagicoApp\CuadroMagicoApp.csproj" (el destino "_GenerateSourceLinkFile" depende de él):
       Compilando completamente el destino "_InitializeGitHubSourceLinkUrl".
       No se especificaron archivos de entrada.
       Usando la tarea "Microsoft.SourceLink.GitHub.GetSourceLinkUrl" del ensamblado "C:\Program Files\dotnet\sdk\10.0.102\Sdks\Microsoft.SourceLink.GitHub\build\..\tools\net\Microsoft.SourceLink.GitHub.dll".
       Tarea "Microsoft.SourceLink.GitHub.GetSourceLinkUrl"
       Ejecución de la tarea "Microsoft.SourceLink.GitHub.GetSourceLinkUrl" terminada.
   1:7>Compilación terminada del destino "_InitializeGitHubSourceLinkUrl" en el proyecto "CuadroMagicoApp.csproj".
   1:7>Destino "_InitializeGitLabSourceLinkUrl" en el archivo "C:\Program Files\dotnet\sdk\10.0.102\Sdks\Microsoft.SourceLink.GitLab\build\Microsoft.SourceLink.GitLab.targets" del proyecto "C:\Users\AlexM\OneDrive\Desktop\ABCD 2\CuadroMagicoApp\CuadroMagicoApp.csproj" (el destino "_GenerateSourceLinkFile" depende de él):
       Compilando completamente el destino "_InitializeGitLabSourceLinkUrl".
       No se especificaron archivos de entrada.
       Usando la tarea "Microsoft.SourceLink.GitLab.GetSourceLinkUrl" del ensamblado "C:\Program Files\dotnet\sdk\10.0.102\Sdks\Microsoft.SourceLink.GitLab\build\..\tools\net\Microsoft.SourceLink.GitLab.dll".
       Tarea "Microsoft.SourceLink.GitLab.GetSourceLinkUrl"
       Ejecución de la tarea "Microsoft.SourceLink.GitLab.GetSourceLinkUrl" terminada.
   1:7>Compilación terminada del destino "_InitializeGitLabSourceLinkUrl" en el proyecto "CuadroMagicoApp.csproj".
   1:7>Destino "_InitializeAzureReposGitSourceLinkUrl" en el archivo "C:\Program Files\dotnet\sdk\10.0.102\Sdks\Microsoft.SourceLink.AzureRepos.Git\build\Microsoft.SourceLink.AzureRepos.Git.targets" del proyecto "C:\Users\AlexM\OneDrive\Desktop\ABCD 2\CuadroMagicoApp\CuadroMagicoApp.csproj" (el destino "_GenerateSourceLinkFile" depende de él):
       Compilando completamente el destino "_InitializeAzureReposGitSourceLinkUrl".
       No se especificaron archivos de entrada.
       Usando la tarea "Microsoft.SourceLink.AzureRepos.Git.GetSourceLinkUrl" del ensamblado "C:\Program Files\dotnet\sdk\10.0.102\Sdks\Microsoft.SourceLink.AzureRepos.Git\build\..\tools\net\Microsoft.SourceLink.AzureRepos.Git.dll".
       Tarea "Microsoft.SourceLink.AzureRepos.Git.GetSourceLinkUrl"
       Ejecución de la tarea "Microsoft.SourceLink.AzureRepos.Git.GetSourceLinkUrl" terminada.
   1:7>Compilación terminada del destino "_InitializeAzureReposGitSourceLinkUrl" en el proyecto "CuadroMagicoApp.csproj".
   1:7>Destino "_InitializeBitbucketGitSourceLinkUrl" en el archivo "C:\Program Files\dotnet\sdk\10.0.102\Sdks\Microsoft.SourceLink.Bitbucket.Git\build\Microsoft.SourceLink.Bitbucket.Git.targets" del proyecto "C:\Users\AlexM\OneDrive\Desktop\ABCD 2\CuadroMagicoApp\CuadroMagicoApp.csproj" (el destino "_GenerateSourceLinkFile" depende de él):
       Compilando completamente el destino "_InitializeBitbucketGitSourceLinkUrl".
       No se especificaron archivos de entrada.
       Usando la tarea "Microsoft.SourceLink.Bitbucket.Git.GetSourceLinkUrl" del ensamblado "C:\Program Files\dotnet\sdk\10.0.102\Sdks\Microsoft.SourceLink.Bitbucket.Git\build\..\tools\net\Microsoft.SourceLink.Bitbucket.Git.dll".
       Tarea "Microsoft.SourceLink.Bitbucket.Git.GetSourceLinkUrl"
       Ejecución de la tarea "Microsoft.SourceLink.Bitbucket.Git.GetSourceLinkUrl" terminada.
   1:7>Compilación terminada del destino "_InitializeBitbucketGitSourceLinkUrl" en el proyecto "CuadroMagicoApp.csproj".
   1:7>Destino "_GenerateSourceLinkFile" en el archivo "C:\Program Files\dotnet\sdk\10.0.102\Sdks\Microsoft.SourceLink.Common\build\Microsoft.SourceLink.Common.targets" del proyecto "C:\Users\AlexM\OneDrive\Desktop\ABCD 2\CuadroMagicoApp\CuadroMagicoApp.csproj" (el destino "GenerateSourceLinkFile" depende de él):
       Compilando completamente el destino "_GenerateSourceLinkFile".
       No se especificaron archivos de entrada.
       Usando la tarea "Microsoft.SourceLink.Common.GenerateSourceLinkFile" del ensamblado "C:\Program Files\dotnet\sdk\10.0.102\Sdks\Microsoft.SourceLink.Common\build\..\tools\net\Microsoft.SourceLink.Common.dll".
       Tarea "Microsoft.SourceLink.Common.GenerateSourceLinkFile"
         Ensamblado cargado durante TaskRun (Microsoft.SourceLink.Common.GenerateSourceLinkFile): Microsoft.SourceLink.Common.resources, Version=10.0.13.11305, Culture=es, PublicKeyToken=31bf3856ad364e35(ubicación: C:\Program Files\dotnet\sdk\10.0.102\Sdks\Microsoft.SourceLink.Common\tools\net\es\Microsoft.SourceLink.Common.resources.dll, MVID: 3cc92ace-939b-40cf-a54a-5151d1d51d31, AssemblyLoadContext: MSBuild plugin C:\Program Files\dotnet\sdk\10.0.102\Sdks\Microsoft.SourceLink.Common\tools\net\Microsoft.SourceLink.Common.dll)
         El vínculo de origen está vacío, el archivo 'obj\Debug\net10.0-windows\CuadroMagicoApp.sourcelink.json' no existe.
       Ejecución de la tarea "Microsoft.SourceLink.Common.GenerateSourceLinkFile" terminada.
   1:7>Compilación terminada del destino "_GenerateSourceLinkFile" en el proyecto "CuadroMagicoApp.csproj".
   1:7>Destino "GenerateSourceLinkFile" en el archivo "C:\Program Files\dotnet\sdk\10.0.102\Sdks\Microsoft.SourceLink.Common\build\Microsoft.SourceLink.Common.targets" del proyecto "C:\Users\AlexM\OneDrive\Desktop\ABCD 2\CuadroMagicoApp\CuadroMagicoApp.csproj" (el destino "CoreCompile" depende de él):
   1:7>Compilación terminada del destino "GenerateSourceLinkFile" en el proyecto "CuadroMagicoApp.csproj".
   1:7>Destino "AddGlobalAnalyzerConfigForPackage_MicrosoftCodeAnalysisNetAnalyzers" en el archivo "C:\Program Files\dotnet\sdk\10.0.102\Sdks\Microsoft.NET.Sdk\analyzers\build\Microsoft.CodeAnalysis.NetAnalyzers.targets" del proyecto "C:\Users\AlexM\OneDrive\Desktop\ABCD 2\CuadroMagicoApp\CuadroMagicoApp.csproj" (el destino "CoreCompile" depende de él):
   1:7>Compilación terminada del destino "AddGlobalAnalyzerConfigForPackage_MicrosoftCodeAnalysisNetAnalyzers" en el proyecto "CuadroMagicoApp.csproj".
   1:7>Destino "RemoveDuplicateAnalyzers" en el archivo "C:\Program Files\dotnet\sdk\10.0.102\Sdks\Microsoft.NET.Sdk.WindowsDesktop\targets\Microsoft.WinFX.targets" del proyecto "C:\Users\AlexM\OneDrive\Desktop\ABCD 2\CuadroMagicoApp\CuadroMagicoApp.csproj" (el destino "CoreCompile" depende de él):
   1:7>Compilación terminada del destino "RemoveDuplicateAnalyzers" en el proyecto "CuadroMagicoApp.csproj".
   1:7>Destino "CoreCompile" en el archivo "C:\Program Files\dotnet\sdk\10.0.102\Roslyn\Microsoft.CSharp.Core.targets" del proyecto "C:\Users\AlexM\OneDrive\Desktop\ABCD 2\CuadroMagicoApp\CuadroMagicoApp.csproj" (el destino "Compile" depende de él):
       Se omitirá el destino "CoreCompile" porque todos los archivos de salida están actualizados respecto a los archivos de entrada.
       Archivos de entrada: 
           CuadroMagico.cs
           frmCuadroMagico.cs
           frmCuadroMagico.Designer.cs
           Program.cs
           obj\Debug\net10.0-windows\CuadroMagicoApp.GlobalUsings.g.cs
           obj\Debug\net10.0-windows\.NETCoreApp,Version=v10.0.AssemblyAttributes.cs
           obj\Debug\net10.0-windows\CuadroMagicoApp.AssemblyInfo.cs
           C:\Program Files\dotnet\packs\Microsoft.WindowsDesktop.App.Ref\10.0.2\ref\net10.0\Accessibility.dll
           C:\Program Files\dotnet\packs\Microsoft.NETCore.App.Ref\10.0.2\ref\net10.0\Microsoft.CSharp.dll
           C:\Program Files\dotnet\packs\Microsoft.NETCore.App.Ref\10.0.2\ref\net10.0\Microsoft.VisualBasic.Core.dll
           C:\Program Files\dotnet\packs\Microsoft.WindowsDesktop.App.Ref\10.0.2\ref\net10.0\Microsoft.VisualBasic.dll
           C:\Program Files\dotnet\packs\Microsoft.WindowsDesktop.App.Ref\10.0.2\ref\net10.0\Microsoft.VisualBasic.Forms.dll
           C:\Program Files\dotnet\packs\Microsoft.NETCore.App.Ref\10.0.2\ref\net10.0\Microsoft.Win32.Primitives.dll
           C:\Program Files\dotnet\packs\Microsoft.WindowsDesktop.App.Ref\10.0.2\ref\net10.0\Microsoft.Win32.Registry.AccessControl.dll
           C:\Program Files\dotnet\packs\Microsoft.NETCore.App.Ref\10.0.2\ref\net10.0\Microsoft.Win32.Registry.dll
           C:\Program Files\dotnet\packs\Microsoft.WindowsDesktop.App.Ref\10.0.2\ref\net10.0\Microsoft.Win32.SystemEvents.dll
           C:\Program Files\dotnet\packs\Microsoft.NETCore.App.Ref\10.0.2\ref\net10.0\mscorlib.dll
           C:\Program Files\dotnet\packs\Microsoft.NETCore.App.Ref\10.0.2\ref\net10.0\netstandard.dll
           C:\Program Files\dotnet\packs\Microsoft.NETCore.App.Ref\10.0.2\ref\net10.0\System.AppContext.dll
           C:\Program Files\dotnet\packs\Microsoft.NETCore.App.Ref\10.0.2\ref\net10.0\System.Buffers.dll
           C:\Program Files\dotnet\packs\Microsoft.WindowsDesktop.App.Ref\10.0.2\ref\net10.0\System.CodeDom.dll
           C:\Program Files\dotnet\packs\Microsoft.NETCore.App.Ref\10.0.2\ref\net10.0\System.Collections.Concurrent.dll
           C:\Program Files\dotnet\packs\Microsoft.NETCore.App.Ref\10.0.2\ref\net10.0\System.Collections.dll
           C:\Program Files\dotnet\packs\Microsoft.NETCore.App.Ref\10.0.2\ref\net10.0\System.Collections.Immutable.dll
           C:\Program Files\dotnet\packs\Microsoft.NETCore.App.Ref\10.0.2\ref\net10.0\System.Collections.NonGeneric.dll
           C:\Program Files\dotnet\packs\Microsoft.NETCore.App.Ref\10.0.2\ref\net10.0\System.Collections.Specialized.dll
           C:\Program Files\dotnet\packs\Microsoft.NETCore.App.Ref\10.0.2\ref\net10.0\System.ComponentModel.Annotations.dll
           C:\Program Files\dotnet\packs\Microsoft.NETCore.App.Ref\10.0.2\ref\net10.0\System.ComponentModel.DataAnnotations.dll
           C:\Program Files\dotnet\packs\Microsoft.NETCore.App.Ref\10.0.2\ref\net10.0\System.ComponentModel.dll
           C:\Program Files\dotnet\packs\Microsoft.NETCore.App.Ref\10.0.2\ref\net10.0\System.ComponentModel.EventBasedAsync.dll
           C:\Program Files\dotnet\packs\Microsoft.NETCore.App.Ref\10.0.2\ref\net10.0\System.ComponentModel.Primitives.dll
           C:\Program Files\dotnet\packs\Microsoft.NETCore.App.Ref\10.0.2\ref\net10.0\System.ComponentModel.TypeConverter.dll
           C:\Program Files\dotnet\packs\Microsoft.WindowsDesktop.App.Ref\10.0.2\ref\net10.0\System.Configuration.ConfigurationManager.dll
           C:\Program Files\dotnet\packs\Microsoft.NETCore.App.Ref\10.0.2\ref\net10.0\System.Configuration.dll
           C:\Program Files\dotnet\packs\Microsoft.NETCore.App.Ref\10.0.2\ref\net10.0\System.Console.dll
           C:\Program Files\dotnet\packs\Microsoft.NETCore.App.Ref\10.0.2\ref\net10.0\System.Core.dll
           C:\Program Files\dotnet\packs\Microsoft.NETCore.App.Ref\10.0.2\ref\net10.0\System.Data.Common.dll
           C:\Program Files\dotnet\packs\Microsoft.NETCore.App.Ref\10.0.2\ref\net10.0\System.Data.DataSetExtensions.dll
           C:\Program Files\dotnet\packs\Microsoft.NETCore.App.Ref\10.0.2\ref\net10.0\System.Data.dll
           C:\Program Files\dotnet\packs\Microsoft.WindowsDesktop.App.Ref\10.0.2\ref\net10.0\System.Design.dll
           C:\Program Files\dotnet\packs\Microsoft.NETCore.App.Ref\10.0.2\ref\net10.0\System.Diagnostics.Contracts.dll
           C:\Program Files\dotnet\packs\Microsoft.NETCore.App.Ref\10.0.2\ref\net10.0\System.Diagnostics.Debug.dll
           C:\Program Files\dotnet\packs\Microsoft.NETCore.App.Ref\10.0.2\ref\net10.0\System.Diagnostics.DiagnosticSource.dll
           C:\Program Files\dotnet\packs\Microsoft.WindowsDesktop.App.Ref\10.0.2\ref\net10.0\System.Diagnostics.EventLog.dll
           C:\Program Files\dotnet\packs\Microsoft.NETCore.App.Ref\10.0.2\ref\net10.0\System.Diagnostics.FileVersionInfo.dll
           C:\Program Files\dotnet\packs\Microsoft.WindowsDesktop.App.Ref\10.0.2\ref\net10.0\System.Diagnostics.PerformanceCounter.dll
           C:\Program Files\dotnet\packs\Microsoft.NETCore.App.Ref\10.0.2\ref\net10.0\System.Diagnostics.Process.dll
           C:\Program Files\dotnet\packs\Microsoft.NETCore.App.Ref\10.0.2\ref\net10.0\System.Diagnostics.StackTrace.dll
           C:\Program Files\dotnet\packs\Microsoft.NETCore.App.Ref\10.0.2\ref\net10.0\System.Diagnostics.TextWriterTraceListener.dll
           C:\Program Files\dotnet\packs\Microsoft.NETCore.App.Ref\10.0.2\ref\net10.0\System.Diagnostics.Tools.dll
           C:\Program Files\dotnet\packs\Microsoft.NETCore.App.Ref\10.0.2\ref\net10.0\System.Diagnostics.TraceSource.dll
           C:\Program Files\dotnet\packs\Microsoft.NETCore.App.Ref\10.0.2\ref\net10.0\System.Diagnostics.Tracing.dll
           C:\Program Files\dotnet\packs\Microsoft.WindowsDesktop.App.Ref\10.0.2\ref\net10.0\System.DirectoryServices.dll
           C:\Program Files\dotnet\packs\Microsoft.NETCore.App.Ref\10.0.2\ref\net10.0\System.dll
           C:\Program Files\dotnet\packs\Microsoft.WindowsDesktop.App.Ref\10.0.2\ref\net10.0\System.Drawing.Common.dll
           C:\Program Files\dotnet\packs\Microsoft.WindowsDesktop.App.Ref\10.0.2\ref\net10.0\System.Drawing.Design.dll
           C:\Program Files\dotnet\packs\Microsoft.WindowsDesktop.App.Ref\10.0.2\ref\net10.0\System.Drawing.dll
           C:\Program Files\dotnet\packs\Microsoft.NETCore.App.Ref\10.0.2\ref\net10.0\System.Drawing.Primitives.dll
           C:\Program Files\dotnet\packs\Microsoft.NETCore.App.Ref\10.0.2\ref\net10.0\System.Dynamic.Runtime.dll
           C:\Program Files\dotnet\packs\Microsoft.NETCore.App.Ref\10.0.2\ref\net10.0\System.Formats.Asn1.dll
           C:\Program Files\dotnet\packs\Microsoft.WindowsDesktop.App.Ref\10.0.2\ref\net10.0\System.Formats.Nrbf.dll
           C:\Program Files\dotnet\packs\Microsoft.NETCore.App.Ref\10.0.2\ref\net10.0\System.Formats.Tar.dll
           C:\Program Files\dotnet\packs\Microsoft.NETCore.App.Ref\10.0.2\ref\net10.0\System.Globalization.Calendars.dll
           C:\Program Files\dotnet\packs\Microsoft.NETCore.App.Ref\10.0.2\ref\net10.0\System.Globalization.dll
           C:\Program Files\dotnet\packs\Microsoft.NETCore.App.Ref\10.0.2\ref\net10.0\System.Globalization.Extensions.dll
           C:\Program Files\dotnet\packs\Microsoft.NETCore.App.Ref\10.0.2\ref\net10.0\System.IO.Compression.Brotli.dll
           C:\Program Files\dotnet\packs\Microsoft.NETCore.App.Ref\10.0.2\ref\net10.0\System.IO.Compression.dll
           C:\Program Files\dotnet\packs\Microsoft.NETCore.App.Ref\10.0.2\ref\net10.0\System.IO.Compression.FileSystem.dll
           C:\Program Files\dotnet\packs\Microsoft.NETCore.App.Ref\10.0.2\ref\net10.0\System.IO.Compression.ZipFile.dll
           C:\Program Files\dotnet\packs\Microsoft.NETCore.App.Ref\10.0.2\ref\net10.0\System.IO.dll
           C:\Program Files\dotnet\packs\Microsoft.NETCore.App.Ref\10.0.2\ref\net10.0\System.IO.FileSystem.AccessControl.dll
           C:\Program Files\dotnet\packs\Microsoft.NETCore.App.Ref\10.0.2\ref\net10.0\System.IO.FileSystem.dll
           C:\Program Files\dotnet\packs\Microsoft.NETCore.App.Ref\10.0.2\ref\net10.0\System.IO.FileSystem.DriveInfo.dll
           C:\Program Files\dotnet\packs\Microsoft.NETCore.App.Ref\10.0.2\ref\net10.0\System.IO.FileSystem.Primitives.dll
           C:\Program Files\dotnet\packs\Microsoft.NETCore.App.Ref\10.0.2\ref\net10.0\System.IO.FileSystem.Watcher.dll
           C:\Program Files\dotnet\packs\Microsoft.NETCore.App.Ref\10.0.2\ref\net10.0\System.IO.IsolatedStorage.dll
           C:\Program Files\dotnet\packs\Microsoft.NETCore.App.Ref\10.0.2\ref\net10.0\System.IO.MemoryMappedFiles.dll
           C:\Program Files\dotnet\packs\Microsoft.WindowsDesktop.App.Ref\10.0.2\ref\net10.0\System.IO.Packaging.dll
           C:\Program Files\dotnet\packs\Microsoft.NETCore.App.Ref\10.0.2\ref\net10.0\System.IO.Pipelines.dll
           C:\Program Files\dotnet\packs\Microsoft.NETCore.App.Ref\10.0.2\ref\net10.0\System.IO.Pipes.AccessControl.dll
           C:\Program Files\dotnet\packs\Microsoft.NETCore.App.Ref\10.0.2\ref\net10.0\System.IO.Pipes.dll
           C:\Program Files\dotnet\packs\Microsoft.NETCore.App.Ref\10.0.2\ref\net10.0\System.IO.UnmanagedMemoryStream.dll
           C:\Program Files\dotnet\packs\Microsoft.NETCore.App.Ref\10.0.2\ref\net10.0\System.Linq.AsyncEnumerable.dll
           C:\Program Files\dotnet\packs\Microsoft.NETCore.App.Ref\10.0.2\ref\net10.0\System.Linq.dll
           C:\Program Files\dotnet\packs\Microsoft.NETCore.App.Ref\10.0.2\ref\net10.0\System.Linq.Expressions.dll
           C:\Program Files\dotnet\packs\Microsoft.NETCore.App.Ref\10.0.2\ref\net10.0\System.Linq.Parallel.dll
           C:\Program Files\dotnet\packs\Microsoft.NETCore.App.Ref\10.0.2\ref\net10.0\System.Linq.Queryable.dll
           C:\Program Files\dotnet\packs\Microsoft.NETCore.App.Ref\10.0.2\ref\net10.0\System.Memory.dll
           C:\Program Files\dotnet\packs\Microsoft.NETCore.App.Ref\10.0.2\ref\net10.0\System.Net.dll
           C:\Program Files\dotnet\packs\Microsoft.NETCore.App.Ref\10.0.2\ref\net10.0\System.Net.Http.dll
           C:\Program Files\dotnet\packs\Microsoft.NETCore.App.Ref\10.0.2\ref\net10.0\System.Net.Http.Json.dll
           C:\Program Files\dotnet\packs\Microsoft.NETCore.App.Ref\10.0.2\ref\net10.0\System.Net.HttpListener.dll
           C:\Program Files\dotnet\packs\Microsoft.NETCore.App.Ref\10.0.2\ref\net10.0\System.Net.Mail.dll
           C:\Program Files\dotnet\packs\Microsoft.NETCore.App.Ref\10.0.2\ref\net10.0\System.Net.NameResolution.dll
           C:\Program Files\dotnet\packs\Microsoft.NETCore.App.Ref\10.0.2\ref\net10.0\System.Net.NetworkInformation.dll
           C:\Program Files\dotnet\packs\Microsoft.NETCore.App.Ref\10.0.2\ref\net10.0\System.Net.Ping.dll
           C:\Program Files\dotnet\packs\Microsoft.NETCore.App.Ref\10.0.2\ref\net10.0\System.Net.Primitives.dll
           C:\Program Files\dotnet\packs\Microsoft.NETCore.App.Ref\10.0.2\ref\net10.0\System.Net.Quic.dll
           C:\Program Files\dotnet\packs\Microsoft.NETCore.App.Ref\10.0.2\ref\net10.0\System.Net.Requests.dll
           C:\Program Files\dotnet\packs\Microsoft.NETCore.App.Ref\10.0.2\ref\net10.0\System.Net.Security.dll
           C:\Program Files\dotnet\packs\Microsoft.NETCore.App.Ref\10.0.2\ref\net10.0\System.Net.ServerSentEvents.dll
           C:\Program Files\dotnet\packs\Microsoft.NETCore.App.Ref\10.0.2\ref\net10.0\System.Net.ServicePoint.dll
           C:\Program Files\dotnet\packs\Microsoft.NETCore.App.Ref\10.0.2\ref\net10.0\System.Net.Sockets.dll
           C:\Program Files\dotnet\packs\Microsoft.NETCore.App.Ref\10.0.2\ref\net10.0\System.Net.WebClient.dll
           C:\Program Files\dotnet\packs\Microsoft.NETCore.App.Ref\10.0.2\ref\net10.0\System.Net.WebHeaderCollection.dll
           C:\Program Files\dotnet\packs\Microsoft.NETCore.App.Ref\10.0.2\ref\net10.0\System.Net.WebProxy.dll
           C:\Program Files\dotnet\packs\Microsoft.NETCore.App.Ref\10.0.2\ref\net10.0\System.Net.WebSockets.Client.dll
           C:\Program Files\dotnet\packs\Microsoft.NETCore.App.Ref\10.0.2\ref\net10.0\System.Net.WebSockets.dll
           C:\Program Files\dotnet\packs\Microsoft.NETCore.App.Ref\10.0.2\ref\net10.0\System.Numerics.dll
           C:\Program Files\dotnet\packs\Microsoft.NETCore.App.Ref\10.0.2\ref\net10.0\System.Numerics.Vectors.dll
           C:\Program Files\dotnet\packs\Microsoft.NETCore.App.Ref\10.0.2\ref\net10.0\System.ObjectModel.dll
           C:\Program Files\dotnet\packs\Microsoft.WindowsDesktop.App.Ref\10.0.2\ref\net10.0\System.Private.Windows.Core.dll
           C:\Program Files\dotnet\packs\Microsoft.WindowsDesktop.App.Ref\10.0.2\ref\net10.0\System.Private.Windows.GdiPlus.dll
           C:\Program Files\dotnet\packs\Microsoft.NETCore.App.Ref\10.0.2\ref\net10.0\System.Reflection.DispatchProxy.dll
           C:\Program Files\dotnet\packs\Microsoft.NETCore.App.Ref\10.0.2\ref\net10.0\System.Reflection.dll
           C:\Program Files\dotnet\packs\Microsoft.NETCore.App.Ref\10.0.2\ref\net10.0\System.Reflection.Emit.dll
           C:\Program Files\dotnet\packs\Microsoft.NETCore.App.Ref\10.0.2\ref\net10.0\System.Reflection.Emit.ILGeneration.dll
           C:\Program Files\dotnet\packs\Microsoft.NETCore.App.Ref\10.0.2\ref\net10.0\System.Reflection.Emit.Lightweight.dll
           C:\Program Files\dotnet\packs\Microsoft.NETCore.App.Ref\10.0.2\ref\net10.0\System.Reflection.Extensions.dll
           C:\Program Files\dotnet\packs\Microsoft.NETCore.App.Ref\10.0.2\ref\net10.0\System.Reflection.Metadata.dll
           C:\Program Files\dotnet\packs\Microsoft.NETCore.App.Ref\10.0.2\ref\net10.0\System.Reflection.Primitives.dll
           C:\Program Files\dotnet\packs\Microsoft.NETCore.App.Ref\10.0.2\ref\net10.0\System.Reflection.TypeExtensions.dll
           C:\Program Files\dotnet\packs\Microsoft.WindowsDesktop.App.Ref\10.0.2\ref\net10.0\System.Resources.Extensions.dll
           C:\Program Files\dotnet\packs\Microsoft.NETCore.App.Ref\10.0.2\ref\net10.0\System.Resources.Reader.dll
           C:\Program Files\dotnet\packs\Microsoft.NETCore.App.Ref\10.0.2\ref\net10.0\System.Resources.ResourceManager.dll
           C:\Program Files\dotnet\packs\Microsoft.NETCore.App.Ref\10.0.2\ref\net10.0\System.Resources.Writer.dll
           C:\Program Files\dotnet\packs\Microsoft.NETCore.App.Ref\10.0.2\ref\net10.0\System.Runtime.CompilerServices.Unsafe.dll
           C:\Program Files\dotnet\packs\Microsoft.NETCore.App.Ref\10.0.2\ref\net10.0\System.Runtime.CompilerServices.VisualC.dll
           C:\Program Files\dotnet\packs\Microsoft.NETCore.App.Ref\10.0.2\ref\net10.0\System.Runtime.dll
           C:\Program Files\dotnet\packs\Microsoft.NETCore.App.Ref\10.0.2\ref\net10.0\System.Runtime.Extensions.dll
           C:\Program Files\dotnet\packs\Microsoft.NETCore.App.Ref\10.0.2\ref\net10.0\System.Runtime.Handles.dll
           C:\Program Files\dotnet\packs\Microsoft.NETCore.App.Ref\10.0.2\ref\net10.0\System.Runtime.InteropServices.dll
           C:\Program Files\dotnet\packs\Microsoft.NETCore.App.Ref\10.0.2\ref\net10.0\System.Runtime.InteropServices.JavaScript.dll
           C:\Program Files\dotnet\packs\Microsoft.NETCore.App.Ref\10.0.2\ref\net10.0\System.Runtime.InteropServices.RuntimeInformation.dll
           C:\Program Files\dotnet\packs\Microsoft.NETCore.App.Ref\10.0.2\ref\net10.0\System.Runtime.Intrinsics.dll
           C:\Program Files\dotnet\packs\Microsoft.NETCore.App.Ref\10.0.2\ref\net10.0\System.Runtime.Loader.dll
           C:\Program Files\dotnet\packs\Microsoft.NETCore.App.Ref\10.0.2\ref\net10.0\System.Runtime.Numerics.dll
           C:\Program Files\dotnet\packs\Microsoft.NETCore.App.Ref\10.0.2\ref\net10.0\System.Runtime.Serialization.dll
           C:\Program Files\dotnet\packs\Microsoft.NETCore.App.Ref\10.0.2\ref\net10.0\System.Runtime.Serialization.Formatters.dll
           C:\Program Files\dotnet\packs\Microsoft.NETCore.App.Ref\10.0.2\ref\net10.0\System.Runtime.Serialization.Json.dll
           C:\Program Files\dotnet\packs\Microsoft.NETCore.App.Ref\10.0.2\ref\net10.0\System.Runtime.Serialization.Primitives.dll
           C:\Program Files\dotnet\packs\Microsoft.NETCore.App.Ref\10.0.2\ref\net10.0\System.Runtime.Serialization.Xml.dll
           C:\Program Files\dotnet\packs\Microsoft.NETCore.App.Ref\10.0.2\ref\net10.0\System.Security.AccessControl.dll
           C:\Program Files\dotnet\packs\Microsoft.NETCore.App.Ref\10.0.2\ref\net10.0\System.Security.Claims.dll
           C:\Program Files\dotnet\packs\Microsoft.NETCore.App.Ref\10.0.2\ref\net10.0\System.Security.Cryptography.Algorithms.dll
           C:\Program Files\dotnet\packs\Microsoft.NETCore.App.Ref\10.0.2\ref\net10.0\System.Security.Cryptography.Cng.dll
           C:\Program Files\dotnet\packs\Microsoft.NETCore.App.Ref\10.0.2\ref\net10.0\System.Security.Cryptography.Csp.dll
           C:\Program Files\dotnet\packs\Microsoft.NETCore.App.Ref\10.0.2\ref\net10.0\System.Security.Cryptography.dll
           C:\Program Files\dotnet\packs\Microsoft.NETCore.App.Ref\10.0.2\ref\net10.0\System.Security.Cryptography.Encoding.dll
           C:\Program Files\dotnet\packs\Microsoft.NETCore.App.Ref\10.0.2\ref\net10.0\System.Security.Cryptography.OpenSsl.dll
           C:\Program Files\dotnet\packs\Microsoft.WindowsDesktop.App.Ref\10.0.2\ref\net10.0\System.Security.Cryptography.Pkcs.dll
           C:\Program Files\dotnet\packs\Microsoft.NETCore.App.Ref\10.0.2\ref\net10.0\System.Security.Cryptography.Primitives.dll
           C:\Program Files\dotnet\packs\Microsoft.WindowsDesktop.App.Ref\10.0.2\ref\net10.0\System.Security.Cryptography.ProtectedData.dll
           C:\Program Files\dotnet\packs\Microsoft.NETCore.App.Ref\10.0.2\ref\net10.0\System.Security.Cryptography.X509Certificates.dll
           C:\Program Files\dotnet\packs\Microsoft.WindowsDesktop.App.Ref\10.0.2\ref\net10.0\System.Security.Cryptography.Xml.dll
           C:\Program Files\dotnet\packs\Microsoft.NETCore.App.Ref\10.0.2\ref\net10.0\System.Security.dll
           C:\Program Files\dotnet\packs\Microsoft.WindowsDesktop.App.Ref\10.0.2\ref\net10.0\System.Security.Permissions.dll
           C:\Program Files\dotnet\packs\Microsoft.NETCore.App.Ref\10.0.2\ref\net10.0\System.Security.Principal.dll
           C:\Program Files\dotnet\packs\Microsoft.NETCore.App.Ref\10.0.2\ref\net10.0\System.Security.Principal.Windows.dll
           C:\Program Files\dotnet\packs\Microsoft.NETCore.App.Ref\10.0.2\ref\net10.0\System.Security.SecureString.dll
           C:\Program Files\dotnet\packs\Microsoft.NETCore.App.Ref\10.0.2\ref\net10.0\System.ServiceModel.Web.dll
           C:\Program Files\dotnet\packs\Microsoft.NETCore.App.Ref\10.0.2\ref\net10.0\System.ServiceProcess.dll
           C:\Program Files\dotnet\packs\Microsoft.NETCore.App.Ref\10.0.2\ref\net10.0\System.Text.Encoding.CodePages.dll
           C:\Program Files\dotnet\packs\Microsoft.NETCore.App.Ref\10.0.2\ref\net10.0\System.Text.Encoding.dll
           C:\Program Files\dotnet\packs\Microsoft.NETCore.App.Ref\10.0.2\ref\net10.0\System.Text.Encoding.Extensions.dll
           C:\Program Files\dotnet\packs\Microsoft.NETCore.App.Ref\10.0.2\ref\net10.0\System.Text.Encodings.Web.dll
           C:\Program Files\dotnet\packs\Microsoft.NETCore.App.Ref\10.0.2\ref\net10.0\System.Text.Json.dll
           C:\Program Files\dotnet\packs\Microsoft.NETCore.App.Ref\10.0.2\ref\net10.0\System.Text.RegularExpressions.dll
           C:\Program Files\dotnet\packs\Microsoft.NETCore.App.Ref\10.0.2\ref\net10.0\System.Threading.AccessControl.dll
           C:\Program Files\dotnet\packs\Microsoft.NETCore.App.Ref\10.0.2\ref\net10.0\System.Threading.Channels.dll
           C:\Program Files\dotnet\packs\Microsoft.NETCore.App.Ref\10.0.2\ref\net10.0\System.Threading.dll
           C:\Program Files\dotnet\packs\Microsoft.NETCore.App.Ref\10.0.2\ref\net10.0\System.Threading.Overlapped.dll
           C:\Program Files\dotnet\packs\Microsoft.NETCore.App.Ref\10.0.2\ref\net10.0\System.Threading.Tasks.Dataflow.dll
           C:\Program Files\dotnet\packs\Microsoft.NETCore.App.Ref\10.0.2\ref\net10.0\System.Threading.Tasks.dll
           C:\Program Files\dotnet\packs\Microsoft.NETCore.App.Ref\10.0.2\ref\net10.0\System.Threading.Tasks.Extensions.dll
           C:\Program Files\dotnet\packs\Microsoft.NETCore.App.Ref\10.0.2\ref\net10.0\System.Threading.Tasks.Parallel.dll
           C:\Program Files\dotnet\packs\Microsoft.NETCore.App.Ref\10.0.2\ref\net10.0\System.Threading.Thread.dll
           C:\Program Files\dotnet\packs\Microsoft.NETCore.App.Ref\10.0.2\ref\net10.0\System.Threading.ThreadPool.dll
           C:\Program Files\dotnet\packs\Microsoft.NETCore.App.Ref\10.0.2\ref\net10.0\System.Threading.Timer.dll
           C:\Program Files\dotnet\packs\Microsoft.NETCore.App.Ref\10.0.2\ref\net10.0\System.Transactions.dll
           C:\Program Files\dotnet\packs\Microsoft.NETCore.App.Ref\10.0.2\ref\net10.0\System.Transactions.Local.dll
           C:\Program Files\dotnet\packs\Microsoft.NETCore.App.Ref\10.0.2\ref\net10.0\System.ValueTuple.dll
           C:\Program Files\dotnet\packs\Microsoft.NETCore.App.Ref\10.0.2\ref\net10.0\System.Web.dll
           C:\Program Files\dotnet\packs\Microsoft.NETCore.App.Ref\10.0.2\ref\net10.0\System.Web.HttpUtility.dll
           C:\Program Files\dotnet\packs\Microsoft.NETCore.App.Ref\10.0.2\ref\net10.0\System.Windows.dll
           C:\Program Files\dotnet\packs\Microsoft.WindowsDesktop.App.Ref\10.0.2\ref\net10.0\System.Windows.Extensions.dll
           C:\Program Files\dotnet\packs\Microsoft.WindowsDesktop.App.Ref\10.0.2\ref\net10.0\System.Windows.Forms.Design.dll
           C:\Program Files\dotnet\packs\Microsoft.WindowsDesktop.App.Ref\10.0.2\ref\net10.0\System.Windows.Forms.Design.Editors.dll
           C:\Program Files\dotnet\packs\Microsoft.WindowsDesktop.App.Ref\10.0.2\ref\net10.0\System.Windows.Forms.dll
           C:\Program Files\dotnet\packs\Microsoft.WindowsDesktop.App.Ref\10.0.2\ref\net10.0\System.Windows.Forms.Primitives.dll
           C:\Program Files\dotnet\packs\Microsoft.NETCore.App.Ref\10.0.2\ref\net10.0\System.Xml.dll
           C:\Program Files\dotnet\packs\Microsoft.NETCore.App.Ref\10.0.2\ref\net10.0\System.Xml.Linq.dll
           C:\Program Files\dotnet\packs\Microsoft.NETCore.App.Ref\10.0.2\ref\net10.0\System.Xml.ReaderWriter.dll
           C:\Program Files\dotnet\packs\Microsoft.NETCore.App.Ref\10.0.2\ref\net10.0\System.Xml.Serialization.dll
           C:\Program Files\dotnet\packs\Microsoft.NETCore.App.Ref\10.0.2\ref\net10.0\System.Xml.XDocument.dll
           C:\Program Files\dotnet\packs\Microsoft.NETCore.App.Ref\10.0.2\ref\net10.0\System.Xml.XmlDocument.dll
           C:\Program Files\dotnet\packs\Microsoft.NETCore.App.Ref\10.0.2\ref\net10.0\System.Xml.XmlSerializer.dll
           C:\Program Files\dotnet\packs\Microsoft.NETCore.App.Ref\10.0.2\ref\net10.0\System.Xml.XPath.dll
           C:\Program Files\dotnet\packs\Microsoft.NETCore.App.Ref\10.0.2\ref\net10.0\System.Xml.XPath.XDocument.dll
           C:\Program Files\dotnet\packs\Microsoft.NETCore.App.Ref\10.0.2\ref\net10.0\WindowsBase.dll
           obj\Debug\net10.0-windows\CuadroMagicoApp.csproj.CoreCompileInputs.cache
           C:\Program Files\dotnet\sdk\10.0.102\Sdks\Microsoft.NET.Sdk\targets\..\analyzers\Microsoft.CodeAnalysis.CSharp.NetAnalyzers.dll
           C:\Program Files\dotnet\sdk\10.0.102\Sdks\Microsoft.NET.Sdk\targets\..\analyzers\Microsoft.CodeAnalysis.NetAnalyzers.dll
           C:\Program Files\dotnet\packs\Microsoft.NETCore.App.Ref\10.0.2\analyzers/dotnet/cs/Microsoft.Interop.ComInterfaceGenerator.dll
           C:\Program Files\dotnet\packs\Microsoft.NETCore.App.Ref\10.0.2\analyzers/dotnet/cs/Microsoft.Interop.JavaScript.JSImportGenerator.dll
           C:\Program Files\dotnet\packs\Microsoft.NETCore.App.Ref\10.0.2\analyzers/dotnet/cs/Microsoft.Interop.LibraryImportGenerator.dll
           C:\Program Files\dotnet\packs\Microsoft.NETCore.App.Ref\10.0.2\analyzers/dotnet/cs/Microsoft.Interop.SourceGeneration.dll
           C:\Program Files\dotnet\packs\Microsoft.NETCore.App.Ref\10.0.2\analyzers/dotnet/cs/System.Text.Json.SourceGeneration.dll
           C:\Program Files\dotnet\packs\Microsoft.NETCore.App.Ref\10.0.2\analyzers/dotnet/cs/System.Text.RegularExpressions.Generator.dll
           C:\Program Files\dotnet\packs\Microsoft.WindowsDesktop.App.Ref\10.0.2\analyzers/dotnet/System.Windows.Forms.Analyzers.dll
           C:\Program Files\dotnet\packs\Microsoft.WindowsDesktop.App.Ref\10.0.2\analyzers/dotnet/cs/System.Windows.Forms.Analyzers.CSharp.dll
           C:\Program Files\dotnet\packs\Microsoft.WindowsDesktop.App.Ref\10.0.2\analyzers/dotnet/cs/System.Windows.Forms.Analyzers.CodeFixes.CSharp.dll
           obj\Debug\net10.0-windows\CuadroMagicoApp.GeneratedMSBuildEditorConfig.editorconfig
           C:\Program Files\dotnet\sdk\10.0.102\Sdks\Microsoft.NET.Sdk\analyzers\build\config\analysislevel_10_default.globalconfig
           C:\Users\AlexM\OneDrive\Desktop\ABCD 2\CuadroMagicoApp\obj\CuadroMagicoApp.csproj.nuget.g.props
           C:\Program Files\dotnet\sdk\10.0.102\Current\Microsoft.Common.targets\ImportAfter\Microsoft.TestPlatform.ImportAfter.targets
       Archivos de salida: 
           obj\Debug\net10.0-windows\CuadroMagicoApp.dll
           obj\Debug\net10.0-windows\refint\CuadroMagicoApp.dll
           obj\Debug\net10.0-windows\CuadroMagicoApp.pdb
       C:\Program Files\dotnet\sdk\10.0.102\Roslyn\Microsoft.CSharp.Core.targets(66,7): message : Reasignación de propiedad: $(NoWarn)="1701;1702;1701;1702" (valor anterior: "1701;1702") en C:\Program Files\dotnet\sdk\10.0.102\Roslyn\Microsoft.CSharp.Core.targets (66,7) [C:\Users\AlexM\OneDrive\Desktop\ABCD 2\CuadroMagicoApp\CuadroMagicoApp.csproj]
   1:7>Compilación terminada del destino "CoreCompile" en el proyecto "CuadroMagicoApp.csproj".
   1:7>Destino "AfterCompile" en el archivo "C:\Program Files\dotnet\sdk\10.0.102\Microsoft.Common.CurrentVersion.targets" del proyecto "C:\Users\AlexM\OneDrive\Desktop\ABCD 2\CuadroMagicoApp\CuadroMagicoApp.csproj" (el destino "Compile" depende de él):
   1:7>Compilación terminada del destino "AfterCompile" en el proyecto "CuadroMagicoApp.csproj".
       Se omitió el destino "_GetAppHostPaths". Compilado previamente de forma correcta.
       Se omitió el destino "_GetAppHostCreationConfiguration". Compilado previamente de forma correcta.
       Se omitió el destino "CoreCompile". Compilado previamente de forma correcta.
   1:7>Destino "_CreateAppHost" en el archivo "C:\Program Files\dotnet\sdk\10.0.102\Sdks\Microsoft.NET.Sdk\targets\Microsoft.NET.Sdk.targets" del proyecto "C:\Users\AlexM\OneDrive\Desktop\ABCD 2\CuadroMagicoApp\CuadroMagicoApp.csproj" (el destino "Compile" depende de él):
       Se omitirá el destino "_CreateAppHost" porque todos los archivos de salida están actualizados respecto a los archivos de entrada.
       Archivos de entrada: 
           obj\Debug\net10.0-windows\CuadroMagicoApp.dll
           C:\Program Files\dotnet\packs\Microsoft.NETCore.App.Host.win-x64\10.0.2\runtimes\win-x64\native\apphost.exe
       Archivos de salida: C:\Users\AlexM\OneDrive\Desktop\ABCD 2\CuadroMagicoApp\obj\Debug\net10.0-windows\apphost.exe
   1:7>Compilación terminada del destino "_CreateAppHost" en el proyecto "CuadroMagicoApp.csproj".
   1:7>Destino "AfterCompileWinFX" en el archivo "C:\Program Files\dotnet\sdk\10.0.102\Sdks\Microsoft.NET.Sdk.WindowsDesktop\targets\Microsoft.WinFX.targets" del proyecto "C:\Users\AlexM\OneDrive\Desktop\ABCD 2\CuadroMagicoApp\CuadroMagicoApp.csproj" (el destino "_AfterCompileWinFXInternal" depende de él):
   1:7>Compilación terminada del destino "AfterCompileWinFX" en el proyecto "CuadroMagicoApp.csproj".
   1:7>Destino "_AfterCompileWinFXInternal" en el archivo "C:\Program Files\dotnet\sdk\10.0.102\Sdks\Microsoft.NET.Sdk.WindowsDesktop\targets\Microsoft.WinFX.targets" del proyecto "C:\Users\AlexM\OneDrive\Desktop\ABCD 2\CuadroMagicoApp\CuadroMagicoApp.csproj" (el destino "Compile" depende de él):
   1:7>Compilación terminada del destino "_AfterCompileWinFXInternal" en el proyecto "CuadroMagicoApp.csproj".
   1:7>Destino "Compile" en el archivo "C:\Program Files\dotnet\sdk\10.0.102\Microsoft.Common.CurrentVersion.targets" del proyecto "C:\Users\AlexM\OneDrive\Desktop\ABCD 2\CuadroMagicoApp\CuadroMagicoApp.csproj" (el destino "CoreBuild" depende de él):
   1:7>Compilación terminada del destino "Compile" en el proyecto "CuadroMagicoApp.csproj".
   1:7>Destino "_GenerateSatelliteAssemblyInputs" en el archivo "C:\Program Files\dotnet\sdk\10.0.102\Microsoft.Common.CurrentVersion.targets" del proyecto "C:\Users\AlexM\OneDrive\Desktop\ABCD 2\CuadroMagicoApp\CuadroMagicoApp.csproj" (el destino "CreateSatelliteAssemblies" depende de él):
   1:7>Compilación terminada del destino "_GenerateSatelliteAssemblyInputs" en el proyecto "CuadroMagicoApp.csproj".
   1:7>Destino "CreateSatelliteAssemblies" en el archivo "C:\Program Files\dotnet\sdk\10.0.102\Microsoft.Common.CurrentVersion.targets" del proyecto "C:\Users\AlexM\OneDrive\Desktop\ABCD 2\CuadroMagicoApp\CuadroMagicoApp.csproj" (el destino "CoreBuild" depende de él):
   1:7>Compilación terminada del destino "CreateSatelliteAssemblies" en el proyecto "CuadroMagicoApp.csproj".
   1:7>Destino "GetTargetPathWithTargetPlatformMoniker" en el archivo "C:\Program Files\dotnet\sdk\10.0.102\Microsoft.Common.CurrentVersion.targets" del proyecto "C:\Users\AlexM\OneDrive\Desktop\ABCD 2\CuadroMagicoApp\CuadroMagicoApp.csproj" (el destino "GetTargetPath" depende de él):
   1:7>Compilación terminada del destino "GetTargetPathWithTargetPlatformMoniker" en el proyecto "CuadroMagicoApp.csproj".
   1:7>Destino "GetTargetPath" en el archivo "C:\Program Files\dotnet\sdk\10.0.102\Microsoft.Common.CurrentVersion.targets" del proyecto "C:\Users\AlexM\OneDrive\Desktop\ABCD 2\CuadroMagicoApp\CuadroMagicoApp.csproj" (el destino "CoreBuild" depende de él):
   1:7>Compilación terminada del destino "GetTargetPath" en el proyecto "CuadroMagicoApp.csproj".
       Se omitió el destino "AssignTargetPaths". Compilado previamente de forma correcta.
       Se omitió el destino "_SplitProjectReferencesByFileExistence". Compilado previamente de forma correcta.
       Se omitió el destino "_GetProjectReferenceTargetFrameworkProperties". Compilado previamente de forma correcta.
   1:7>Destino "_PopulateCommonStateForGetCopyToOutputDirectoryItems" en el archivo "C:\Program Files\dotnet\sdk\10.0.102\Microsoft.Common.CurrentVersion.targets" del proyecto "C:\Users\AlexM\OneDrive\Desktop\ABCD 2\CuadroMagicoApp\CuadroMagicoApp.csproj" (el destino "GetCopyToOutputDirectoryItems" depende de él):
   1:7>Compilación terminada del destino "_PopulateCommonStateForGetCopyToOutputDirectoryItems" en el proyecto "CuadroMagicoApp.csproj".
   1:7>Destino "AddDepsJsonAndRuntimeConfigToCopyItemsForReferencingProjects" en el archivo "C:\Program Files\dotnet\sdk\10.0.102\Sdks\Microsoft.NET.Sdk\targets\Microsoft.NET.Sdk.targets" del proyecto "C:\Users\AlexM\OneDrive\Desktop\ABCD 2\CuadroMagicoApp\CuadroMagicoApp.csproj" (el destino "GetCopyToOutputDirectoryItems" depende de él):
   1:7>Compilación terminada del destino "AddDepsJsonAndRuntimeConfigToCopyItemsForReferencingProjects" en el proyecto "CuadroMagicoApp.csproj".
   1:7>Destino "GetCopyToOutputDirectoryItems" en el archivo "C:\Program Files\dotnet\sdk\10.0.102\Microsoft.Common.CurrentVersion.targets" del proyecto "C:\Users\AlexM\OneDrive\Desktop\ABCD 2\CuadroMagicoApp\CuadroMagicoApp.csproj" (el destino "_CopySourceItemsToOutputDirectory" depende de él):
       Usando la tarea "CallTarget" del ensamblado "Microsoft.Build.Tasks.Core, Version=15.1.0.0, Culture=neutral, PublicKeyToken=b03f5f7f11d50a3a".
       Tarea "CallTarget"
       Se omitió el destino "_PopulateCommonStateForGetCopyToOutputDirectoryItems". Compilado previamente de forma correcta.
       Se omitió el destino "_AddOutputPathToGlobalPropertiesToRemove". Compilado previamente de forma correcta.
   1:7>Destino "_GetCopyToOutputDirectoryItemsFromTransitiveProjectReferences" en el archivo "C:\Program Files\dotnet\sdk\10.0.102\Microsoft.Common.CurrentVersion.targets" del proyecto "C:\Users\AlexM\OneDrive\Desktop\ABCD 2\CuadroMagicoApp\CuadroMagicoApp.csproj" (el destino "GetCopyToOutputDirectoryItems" depende de él):
       Tarea "AssignTargetPath"
       Ejecución de la tarea "AssignTargetPath" terminada.
   1:7>Compilación terminada del destino "_GetCopyToOutputDirectoryItemsFromTransitiveProjectReferences" en el proyecto "CuadroMagicoApp.csproj".
       Ejecución de la tarea "CallTarget" terminada.
       Tarea "CallTarget"
       Se omitió el destino "AssignTargetPaths". Compilado previamente de forma correcta.
       Se omitió el destino "_PopulateCommonStateForGetCopyToOutputDirectoryItems". Compilado previamente de forma correcta.
   1:7>Destino "_GetCopyToOutputDirectoryItemsFromThisProject" en el archivo "C:\Program Files\dotnet\sdk\10.0.102\Microsoft.Common.CurrentVersion.targets" del proyecto "C:\Users\AlexM\OneDrive\Desktop\ABCD 2\CuadroMagicoApp\CuadroMagicoApp.csproj" (el destino "GetCopyToOutputDirectoryItems" depende de él):
       Tarea "AssignTargetPath"
       Ejecución de la tarea "AssignTargetPath" terminada.
   1:7>Compilación terminada del destino "_GetCopyToOutputDirectoryItemsFromThisProject" en el proyecto "CuadroMagicoApp.csproj".
       Ejecución de la tarea "CallTarget" terminada.
   1:7>Compilación terminada del destino "GetCopyToOutputDirectoryItems" en el proyecto "CuadroMagicoApp.csproj".
   1:7>Destino "_CopyOutOfDateSourceItemsToOutputDirectory" en el archivo "C:\Program Files\dotnet\sdk\10.0.102\Microsoft.Common.CurrentVersion.targets" del proyecto "C:\Users\AlexM\OneDrive\Desktop\ABCD 2\CuadroMagicoApp\CuadroMagicoApp.csproj" (el destino "_CopySourceItemsToOutputDirectory" depende de él):
       Se omitirá el destino "_CopyOutOfDateSourceItemsToOutputDirectory" porque todos los archivos de salida están actualizados respecto a los archivos de entrada.
       Archivos de entrada: C:\Users\AlexM\OneDrive\Desktop\ABCD 2\CuadroMagicoApp\obj\Debug\net10.0-windows\apphost.exe
       Archivos de salida: bin\Debug\net10.0-windows\CuadroMagicoApp.exe
   1:7>Compilación terminada del destino "_CopyOutOfDateSourceItemsToOutputDirectory" en el proyecto "CuadroMagicoApp.csproj".
   1:7>Destino "_CopySourceItemsToOutputDirectory" en el archivo "C:\Program Files\dotnet\sdk\10.0.102\Microsoft.Common.CurrentVersion.targets" del proyecto "C:\Users\AlexM\OneDrive\Desktop\ABCD 2\CuadroMagicoApp\CuadroMagicoApp.csproj" (el destino "CopyFilesToOutputDirectory" depende de él):
   1:7>Compilación terminada del destino "_CopySourceItemsToOutputDirectory" en el proyecto "CuadroMagicoApp.csproj".
   1:7>Destino "_CheckForCompileOutputs" en el archivo "C:\Program Files\dotnet\sdk\10.0.102\Microsoft.Common.CurrentVersion.targets" del proyecto "C:\Users\AlexM\OneDrive\Desktop\ABCD 2\CuadroMagicoApp\CuadroMagicoApp.csproj" (el destino "CopyFilesToOutputDirectory" depende de él):
   1:7>Compilación terminada del destino "_CheckForCompileOutputs" en el proyecto "CuadroMagicoApp.csproj".
       Se omitió el destino "_DefaultMicrosoftNETPlatformLibrary". Compilado previamente de forma correcta.
       Se omitió el destino "_HandlePackageFileConflicts". Compilado previamente de forma correcta.
       Se omitió el destino "ResolveAssemblyReferences". Compilado previamente de forma correcta.
   1:7>Destino "_ComputeReferenceAssemblies" en el archivo "C:\Program Files\dotnet\sdk\10.0.102\Sdks\Microsoft.NET.Sdk\targets\Microsoft.NET.Sdk.targets" del proyecto "C:\Users\AlexM\OneDrive\Desktop\ABCD 2\CuadroMagicoApp\CuadroMagicoApp.csproj" (el destino "GenerateBuildDependencyFile" depende de él):
   1:7>Compilación terminada del destino "_ComputeReferenceAssemblies" en el proyecto "CuadroMagicoApp.csproj".
   1:7>Destino "_ComputeUserRuntimeAssemblies" en el archivo "C:\Program Files\dotnet\sdk\10.0.102\Sdks\Microsoft.NET.Sdk\targets\Microsoft.NET.Sdk.targets" del proyecto "C:\Users\AlexM\OneDrive\Desktop\ABCD 2\CuadroMagicoApp\CuadroMagicoApp.csproj" (el destino "GenerateBuildDependencyFile" depende de él):
   1:7>Compilación terminada del destino "_ComputeUserRuntimeAssemblies" en el proyecto "CuadroMagicoApp.csproj".
       Se omitió el destino "_ComputePackageReferencePublish". Compilado previamente de forma correcta.
   1:7>Destino "GenerateBuildDependencyFile" en el archivo "C:\Program Files\dotnet\sdk\10.0.102\Sdks\Microsoft.NET.Sdk\targets\Microsoft.NET.Sdk.targets" del proyecto "C:\Users\AlexM\OneDrive\Desktop\ABCD 2\CuadroMagicoApp\CuadroMagicoApp.csproj" (el destino "CopyFilesToOutputDirectory" depende de él):
       Se omitirá el destino "GenerateBuildDependencyFile" porque todos los archivos de salida están actualizados respecto a los archivos de entrada.
       Archivos de entrada: 
           C:\Users\AlexM\OneDrive\Desktop\ABCD 2\CuadroMagicoApp\obj\project.assets.json
           C:\Users\AlexM\OneDrive\Desktop\ABCD 2\CuadroMagicoApp\obj\Debug\net10.0-windows\CuadroMagicoApp.assets.cache
           C:\Users\AlexM\OneDrive\Desktop\ABCD 2\CuadroMagicoApp\obj\CuadroMagicoApp.csproj.nuget.g.props
           C:\Program Files\dotnet\sdk\10.0.102\Current\Microsoft.Common.targets\ImportAfter\Microsoft.TestPlatform.ImportAfter.targets
       Archivos de salida: C:\Users\AlexM\OneDrive\Desktop\ABCD 2\CuadroMagicoApp\bin\Debug\net10.0-windows\CuadroMagicoApp.deps.json
   1:7>Compilación terminada del destino "GenerateBuildDependencyFile" en el proyecto "CuadroMagicoApp.csproj".
       Se omitió el destino "_DefaultMicrosoftNETPlatformLibrary". Compilado previamente de forma correcta.
   1:7>Destino "_GenerateRuntimeConfigurationFilesInputCache" en el archivo "C:\Program Files\dotnet\sdk\10.0.102\Sdks\Microsoft.NET.Sdk\targets\Microsoft.NET.Sdk.targets" del proyecto "C:\Users\AlexM\OneDrive\Desktop\ABCD 2\CuadroMagicoApp\CuadroMagicoApp.csproj" (el destino "GenerateBuildRuntimeConfigurationFiles" depende de él):
       Tarea "Hash"
       Ejecución de la tarea "Hash" terminada.
       Tarea "WriteLinesToFile"
         Omitiendo la escritura en el archivo "C:\Users\AlexM\OneDrive\Desktop\ABCD 2\CuadroMagicoApp\obj\Debug\net10.0-windows\CuadroMagicoApp.genruntimeconfig.cache" porque el contenido no cambiará.
       Ejecución de la tarea "WriteLinesToFile" terminada.
   1:7>Compilación terminada del destino "_GenerateRuntimeConfigurationFilesInputCache" en el proyecto "CuadroMagicoApp.csproj".
   1:7>Destino "GenerateBuildRuntimeConfigurationFiles" en el archivo "C:\Program Files\dotnet\sdk\10.0.102\Sdks\Microsoft.NET.Sdk\targets\Microsoft.NET.Sdk.targets" del proyecto "C:\Users\AlexM\OneDrive\Desktop\ABCD 2\CuadroMagicoApp\CuadroMagicoApp.csproj" (el destino "CopyFilesToOutputDirectory" depende de él):
       Se omitirá el destino "GenerateBuildRuntimeConfigurationFiles" porque todos los archivos de salida están actualizados respecto a los archivos de entrada.
       Archivos de entrada: 
           C:\Users\AlexM\OneDrive\Desktop\ABCD 2\CuadroMagicoApp\obj\project.assets.json
           C:\Users\AlexM\OneDrive\Desktop\ABCD 2\CuadroMagicoApp\obj\Debug\net10.0-windows\CuadroMagicoApp.assets.cache
           C:\Users\AlexM\OneDrive\Desktop\ABCD 2\CuadroMagicoApp\obj\Debug\net10.0-windows\CuadroMagicoApp.genruntimeconfig.cache
       Archivos de salida: C:\Users\AlexM\OneDrive\Desktop\ABCD 2\CuadroMagicoApp\bin\Debug\net10.0-windows\CuadroMagicoApp.runtimeconfig.json
   1:7>Compilación terminada del destino "GenerateBuildRuntimeConfigurationFiles" en el proyecto "CuadroMagicoApp.csproj".
   1:7>Destino "CopyFilesToOutputDirectory" en el archivo "C:\Program Files\dotnet\sdk\10.0.102\Microsoft.Common.CurrentVersion.targets" del proyecto "C:\Users\AlexM\OneDrive\Desktop\ABCD 2\CuadroMagicoApp\CuadroMagicoApp.csproj" (el destino "PrepareForRun" depende de él):
       Usando la tarea "Copy" del ensamblado "Microsoft.Build.Tasks.Core, Version=15.1.0.0, Culture=neutral, PublicKeyToken=b03f5f7f11d50a3a".
       Tarea "Copy"
         No se copió del archivo "obj\Debug\net10.0-windows\CuadroMagicoApp.dll" en el archivo "bin\Debug\net10.0-windows\CuadroMagicoApp.dll" porque el parámetro "SkipUnchangedFiles" se estableció como "true" en el proyecto y los tamaños y las marcas de tiempo de los archivos coinciden.
       Ejecución de la tarea "Copy" terminada.
       Usando la tarea "CopyRefAssembly" del ensamblado "C:\Program Files\dotnet\sdk\10.0.102\Sdks\Microsoft.NET.Sdk\targets\..\..\..\Roslyn\Microsoft.Build.Tasks.CodeAnalysis.dll".
       Tarea "CopyRefAssembly"
         Ensamblado cargado durante TaskRun (Microsoft.CodeAnalysis.BuildTasks.CopyRefAssembly): Microsoft.Build.Tasks.CodeAnalysis.resources, Version=5.0.13.11305, Culture=es, PublicKeyToken=31bf3856ad364e35(ubicación: C:\Program Files\dotnet\sdk\10.0.102\Roslyn\es\Microsoft.Build.Tasks.CodeAnalysis.resources.dll, MVID: 68fa3eab-e447-4aa3-8422-eb6521c63ff6, AssemblyLoadContext: MSBuild plugin C:\Program Files\dotnet\sdk\10.0.102\Roslyn\Microsoft.Build.Tasks.CodeAnalysis.dll)
         El ensamblado de referencia "C:\Users\AlexM\OneDrive\Desktop\ABCD 2\CuadroMagicoApp\obj\Debug\net10.0-windows\ref\CuadroMagicoApp.dll" ya tiene la información más reciente. Se dejará como está.
       Ejecución de la tarea "CopyRefAssembly" terminada.
       Tarea "Message"
         CuadroMagicoApp -> C:\Users\AlexM\OneDrive\Desktop\ABCD 2\CuadroMagicoApp\bin\Debug\net10.0-windows\CuadroMagicoApp.dll
       Ejecución de la tarea "Message" terminada.
       Tarea "Copy"
         No se copió del archivo "obj\Debug\net10.0-windows\CuadroMagicoApp.pdb" en el archivo "bin\Debug\net10.0-windows\CuadroMagicoApp.pdb" porque el parámetro "SkipUnchangedFiles" se estableció como "true" en el proyecto y los tamaños y las marcas de tiempo de los archivos coinciden.
       Ejecución de la tarea "Copy" terminada.
   1:7>Compilación terminada del destino "CopyFilesToOutputDirectory" en el proyecto "CuadroMagicoApp.csproj".
   1:7>Destino "PrepareForRun" en el archivo "C:\Program Files\dotnet\sdk\10.0.102\Microsoft.Common.CurrentVersion.targets" del proyecto "C:\Users\AlexM\OneDrive\Desktop\ABCD 2\CuadroMagicoApp\CuadroMagicoApp.csproj" (el destino "CoreBuild" depende de él):
   1:7>Compilación terminada del destino "PrepareForRun" en el proyecto "CuadroMagicoApp.csproj".
       Se omitió el destino "_CheckForCompileOutputs". Compilado previamente de forma correcta.
   1:7>Destino "_CleanGetCurrentAndPriorFileWrites" en el archivo "C:\Program Files\dotnet\sdk\10.0.102\Microsoft.Common.CurrentVersion.targets" del proyecto "C:\Users\AlexM\OneDrive\Desktop\ABCD 2\CuadroMagicoApp\CuadroMagicoApp.csproj" (el destino "IncrementalClean" depende de él):
       Usando la tarea "ReadLinesFromFile" del ensamblado "Microsoft.Build.Tasks.Core, Version=15.1.0.0, Culture=neutral, PublicKeyToken=b03f5f7f11d50a3a".
       Tarea "ReadLinesFromFile"
       Ejecución de la tarea "ReadLinesFromFile" terminada.
       Tarea "ConvertToAbsolutePath"
       Ejecución de la tarea "ConvertToAbsolutePath" terminada.
       Usando la tarea "FindUnderPath" del ensamblado "Microsoft.Build.Tasks.Core, Version=15.1.0.0, Culture=neutral, PublicKeyToken=b03f5f7f11d50a3a".
       Tarea "FindUnderPath"
         La ruta de comparación es "C:\Users\AlexM\OneDrive\Desktop\ABCD 2\CuadroMagicoApp".
       Ejecución de la tarea "FindUnderPath" terminada.
       Tarea "FindUnderPath"
         La ruta de comparación es "bin\Debug\net10.0-windows\".
       Ejecución de la tarea "FindUnderPath" terminada.
       Tarea "FindUnderPath"
         La ruta de comparación es "obj\Debug\net10.0-windows\".
       Ejecución de la tarea "FindUnderPath" terminada.
       Tarea "RemoveDuplicates"
       Ejecución de la tarea "RemoveDuplicates" terminada.
   1:7>Compilación terminada del destino "_CleanGetCurrentAndPriorFileWrites" en el proyecto "CuadroMagicoApp.csproj".
   1:7>Destino "IncrementalClean" en el archivo "C:\Program Files\dotnet\sdk\10.0.102\Microsoft.Common.CurrentVersion.targets" del proyecto "C:\Users\AlexM\OneDrive\Desktop\ABCD 2\CuadroMagicoApp\CuadroMagicoApp.csproj" (el destino "CoreBuild" depende de él):
       Tarea "FindUnderPath"
         La ruta de comparación es "bin\Debug\net10.0-windows\".
       Ejecución de la tarea "FindUnderPath" terminada.
       Tarea "FindUnderPath"
         La ruta de comparación es "obj\Debug\net10.0-windows\".
       Ejecución de la tarea "FindUnderPath" terminada.
       Usando la tarea "Delete" del ensamblado "Microsoft.Build.Tasks.Core, Version=15.1.0.0, Culture=neutral, PublicKeyToken=b03f5f7f11d50a3a".
       Tarea "Delete"
       Ejecución de la tarea "Delete" terminada.
       Tarea "RemoveDuplicates"
       Ejecución de la tarea "RemoveDuplicates" terminada.
   1:7>Compilación terminada del destino "IncrementalClean" en el proyecto "CuadroMagicoApp.csproj".
       Se omitió el destino "GenerateBuildDependencyFile". Compilado previamente de forma correcta.
       Se omitió el destino "GenerateBuildRuntimeConfigurationFiles". Compilado previamente de forma correcta.
   1:7>Destino "CoreBuild" en el archivo "C:\Program Files\dotnet\sdk\10.0.102\Microsoft.Common.CurrentVersion.targets" del proyecto "C:\Users\AlexM\OneDrive\Desktop\ABCD 2\CuadroMagicoApp\CuadroMagicoApp.csproj" (el destino "Build" depende de él):
   1:7>Compilación terminada del destino "CoreBuild" en el proyecto "CuadroMagicoApp.csproj".
   1:7>Destino "AfterBuild" en el archivo "C:\Program Files\dotnet\sdk\10.0.102\Microsoft.Common.CurrentVersion.targets" del proyecto "C:\Users\AlexM\OneDrive\Desktop\ABCD 2\CuadroMagicoApp\CuadroMagicoApp.csproj" (el destino "Build" depende de él):
   1:7>Compilación terminada del destino "AfterBuild" en el proyecto "CuadroMagicoApp.csproj".
       Se omitió el destino "_CheckForInvalidConfigurationAndPlatform". Compilado previamente de forma correcta.
       Se omitió el destino "_CheckForInvalidConfigurationAndPlatform". Compilado previamente de forma correcta.
   1:7>Destino "Build" en el archivo "C:\Program Files\dotnet\sdk\10.0.102\Microsoft.Common.CurrentVersion.targets" del proyecto "C:\Users\AlexM\OneDrive\Desktop\ABCD 2\CuadroMagicoApp\CuadroMagicoApp.csproj" (punto de entrada):
   1:7>Compilación terminada del destino "Build" en el proyecto "CuadroMagicoApp.csproj".
   1:7>Destino "_CheckContainersPackage" en el archivo "C:\Program Files\dotnet\sdk\10.0.102\Containers\build\Microsoft.NET.Build.Containers.targets" del proyecto "C:\Users\AlexM\OneDrive\Desktop\ABCD 2\CuadroMagicoApp\CuadroMagicoApp.csproj" (punto de entrada):
   1:7>Compilación terminada del destino "_CheckContainersPackage" en el proyecto "CuadroMagicoApp.csproj".
   1:7>Compilación del proyecto terminada "C:\Users\AlexM\OneDrive\Desktop\ABCD 2\CuadroMagicoApp\CuadroMagicoApp.csproj" (destinos predeterminados).

Compilación correcta.
    0 Advertencia(s)
    0 Errores

Tiempo transcurrido 00:00:01.25
